atc1,atc1_label,atc2,atc2_label,atc3,atc3_label,atc4,atc4_label,atc5,atc5_label,boites,rem,bse
0,Honoraires de dispensation,000,Honoraires de dispensation,0000,Honoraires de dispensation,00000,Honoraires de dispensation,0000000,Honoraires de dispensation,0.0,371106.4,339343.41000000003
A,SYSTEME DIGESTIF ET METABOLISME,999,INCONNU,9999,Non restitué,99999,Non restitué,9999999,Non restitué,39353.0,296878.73,339481.69
A,SYSTEME DIGESTIF ET METABOLISME,A01,PREPARATIONS STOMATOLOGIQUES,A01A,PREPARATIONS STOMATOLOGIQUES,99999,Non restitué,9999999,Non restitué,4934.0,14650.3,21460.18
A,SYSTEME DIGESTIF ET METABOLISME,A01,PREPARATIONS STOMATOLOGIQUES,A01A,PREPARATIONS STOMATOLOGIQUES,A01AA,MEDICAMENTS PROPHYLACTIQUES ANTICARIES,9999999,Non restitué,1685.0,7424.22,9904.56
A,SYSTEME DIGESTIF ET METABOLISME,A01,PREPARATIONS STOMATOLOGIQUES,A01A,PREPARATIONS STOMATOLOGIQUES,A01AA,MEDICAMENTS PROPHYLACTIQUES ANTICARIES,A01AA01,SODIUM FLUORURE,111.0,67.02,143.19
A,SYSTEME DIGESTIF ET METABOLISME,A01,PREPARATIONS STOMATOLOGIQUES,A01A,PREPARATIONS STOMATOLOGIQUES,A01AA,MEDICAMENTS PROPHYLACTIQUES ANTICARIES,A01AA02,SODIUM MONOFLUOROPHOSPHATE,18274.0,86389.72,90322.36
A,SYSTEME DIGESTIF ET METABOLISME,A01,PREPARATIONS STOMATOLOGIQUES,A01A,PREPARATIONS STOMATOLOGIQUES,A01AA,MEDICAMENTS PROPHYLACTIQUES ANTICARIES,A01AA51,SODIUM FLUORURE EN ASSOCIATION,8459.0,7961.2,22712.72
A,SYSTEME DIGESTIF ET METABOLISME,A01,PREPARATIONS STOMATOLOGIQUES,A01A,PREPARATIONS STOMATOLOGIQUES,A01AB,ANTIINFECTIEUX POUR TRAITEMENT ORAL LOCAL,9999999,Non restitué,4930.0,54879.18,69141.28
A,SYSTEME DIGESTIF ET METABOLISME,A01,PREPARATIONS STOMATOLOGIQUES,A01A,PREPARATIONS STOMATOLOGIQUES,A01AB,ANTIINFECTIEUX POUR TRAITEMENT ORAL LOCAL,A01AB03,CHLORHEXIDINE,565657.0,298730.18,856692.81
A,SYSTEME DIGESTIF ET METABOLISME,A01,PREPARATIONS STOMATOLOGIQUES,A01A,PREPARATIONS STOMATOLOGIQUES,A01AB,ANTIINFECTIEUX POUR TRAITEMENT ORAL LOCAL,A01AB09,MICONAZOLE,4476.0,84332.03,71153.45
A,SYSTEME DIGESTIF ET METABOLISME,A01,PREPARATIONS STOMATOLOGIQUES,A01A,PREPARATIONS STOMATOLOGIQUES,A01AB,ANTIINFECTIEUX POUR TRAITEMENT ORAL LOCAL,A01AB11,DIVERS STOMATO LOCAL (ANTIINFECTIEUX OU ANTISEPTIQUES),628050.0,273232.36,708764.52
A,SYSTEME DIGESTIF ET METABOLISME,A01,PREPARATIONS STOMATOLOGIQUES,A01A,PREPARATIONS STOMATOLOGIQUES,A01AD,AUTRES MEDICAMENTS POUR TRAITEMENT ORAL LOCAL,A01AD11,DIVERS STOMATO LOCAL (SAUF ANTIINFECTIEUX OU ANTISEPTIQUES),43026.0,112961.2,137989.31
A,SYSTEME DIGESTIF ET METABOLISME,A02,MEDICAMENTS POUR LES TROUBLES DE L'ACIDITE,9999,Non restitué,99999,Non restitué,9999999,Non restitué,3832.0,14922.61,22639.55
A,SYSTEME DIGESTIF ET METABOLISME,A02,MEDICAMENTS POUR LES TROUBLES DE L'ACIDITE,A02A,ANTIACIDES,99999,Non restitué,9999999,Non restitué,9092.0,48811.19,66667.44
A,SYSTEME DIGESTIF ET METABOLISME,A02,MEDICAMENTS POUR LES TROUBLES DE L'ACIDITE,A02A,ANTIACIDES,A02AB,ANTIACIDES A BASE D'ALUMINIUM,9999999,Non restitué,1188.0,1909.94,3902.05
A,SYSTEME DIGESTIF ET METABOLISME,A02,MEDICAMENTS POUR LES TROUBLES DE L'ACIDITE,A02A,ANTIACIDES,A02AB,ANTIACIDES A BASE D'ALUMINIUM,A02AB01,ALUMINIUM HYDROXYDE,1675.0,2552.8,5645.84
A,SYSTEME DIGESTIF ET METABOLISME,A02,MEDICAMENTS POUR LES TROUBLES DE L'ACIDITE,A02A,ANTIACIDES,A02AB,ANTIACIDES A BASE D'ALUMINIUM,A02AB03,ALUMINIUM PHOSPHATE,1455.0,1759.83,4519.0
A,SYSTEME DIGESTIF ET METABOLISME,A02,MEDICAMENTS POUR LES TROUBLES DE L'ACIDITE,A02A,ANTIACIDES,A02AD,"ASSOCIATIONS ET COMPLEXES A BASE D'ALUMINIUM, DE CALCIUM ET DE MAGNESIUM",A02AD01,ASSOCIATIONS DE SELS,32320.0,33078.83,88972.11
A,SYSTEME DIGESTIF ET METABOLISME,A02,MEDICAMENTS POUR LES TROUBLES DE L'ACIDITE,A02A,ANTIACIDES,A02AH,ANTIACIDES AVEC BICARBONATE DE SODIUM,A02AH,ANTIACIDES + BICARBONATE DE SODIUM,75694.0,110662.07,110691.75
A,SYSTEME DIGESTIF ET METABOLISME,A02,MEDICAMENTS POUR LES TROUBLES DE L'ACIDITE,A02A,ANTIACIDES,A02AX,ANTIACIDES : AUTRES ASSOCIATIONS,A02AX,ANTIACIDES : AUTRES ASSOCIATIONS,33202.0,56107.16,142473.11
A,SYSTEME DIGESTIF ET METABOLISME,A02,MEDICAMENTS POUR LES TROUBLES DE L'ACIDITE,A02B,MEDICAMENTS POUR L'ULCÈRE PEPTIQUE ET LE REFLUX GASTRO-OESOPHAGIEN (RGO),99999,Non restitué,9999999,Non restitué,8316.0,51077.020000000004,85030.73
A,SYSTEME DIGESTIF ET METABOLISME,A02,MEDICAMENTS POUR LES TROUBLES DE L'ACIDITE,A02B,MEDICAMENTS POUR L'ULCÈRE PEPTIQUE ET LE REFLUX GASTRO-OESOPHAGIEN (RGO),A02BA,ANTAGONISTES DES RECEPTEURS H2,9999999,Non restitué,2679.0,10843.12,20211.31
A,SYSTEME DIGESTIF ET METABOLISME,A02,MEDICAMENTS POUR LES TROUBLES DE L'ACIDITE,A02B,MEDICAMENTS POUR L'ULCÈRE PEPTIQUE ET LE REFLUX GASTRO-OESOPHAGIEN (RGO),A02BA,ANTAGONISTES DES RECEPTEURS H2,A02BA01,CIMETIDINE,4179.0,18928.63,28674.07
A,SYSTEME DIGESTIF ET METABOLISME,A02,MEDICAMENTS POUR LES TROUBLES DE L'ACIDITE,A02B,MEDICAMENTS POUR L'ULCÈRE PEPTIQUE ET LE REFLUX GASTRO-OESOPHAGIEN (RGO),A02BA,ANTAGONISTES DES RECEPTEURS H2,A02BA03,FAMOTIDINE,50088.0,104476.35,132086.55
A,SYSTEME DIGESTIF ET METABOLISME,A02,MEDICAMENTS POUR LES TROUBLES DE L'ACIDITE,A02B,MEDICAMENTS POUR L'ULCÈRE PEPTIQUE ET LE REFLUX GASTRO-OESOPHAGIEN (RGO),A02BC,INHIBITEURS DE LA POMPE A PROTONS,9999999,Non restitué,11220.0,36352.1,45581.9
A,SYSTEME DIGESTIF ET METABOLISME,A02,MEDICAMENTS POUR LES TROUBLES DE L'ACIDITE,A02B,MEDICAMENTS POUR L'ULCÈRE PEPTIQUE ET LE REFLUX GASTRO-OESOPHAGIEN (RGO),A02BC,INHIBITEURS DE LA POMPE A PROTONS,A02BC01,OMEPRAZOLE,1296724.0,2282583.4,2681254.67
A,SYSTEME DIGESTIF ET METABOLISME,A02,MEDICAMENTS POUR LES TROUBLES DE L'ACIDITE,A02B,MEDICAMENTS POUR L'ULCÈRE PEPTIQUE ET LE REFLUX GASTRO-OESOPHAGIEN (RGO),A02BC,INHIBITEURS DE LA POMPE A PROTONS,A02BC02,PANTOPRAZOLE,2374722.0,3968927.47,4504350.4
A,SYSTEME DIGESTIF ET METABOLISME,A02,MEDICAMENTS POUR LES TROUBLES DE L'ACIDITE,A02B,MEDICAMENTS POUR L'ULCÈRE PEPTIQUE ET LE REFLUX GASTRO-OESOPHAGIEN (RGO),A02BC,INHIBITEURS DE LA POMPE A PROTONS,A02BC03,LANSOPRAZOLE,1077233.0,2530968.42,2823075.17
A,SYSTEME DIGESTIF ET METABOLISME,A02,MEDICAMENTS POUR LES TROUBLES DE L'ACIDITE,A02B,MEDICAMENTS POUR L'ULCÈRE PEPTIQUE ET LE REFLUX GASTRO-OESOPHAGIEN (RGO),A02BC,INHIBITEURS DE LA POMPE A PROTONS,A02BC04,RABEPRAZOLE,124166.0,412329.52,499679.79
A,SYSTEME DIGESTIF ET METABOLISME,A02,MEDICAMENTS POUR LES TROUBLES DE L'ACIDITE,A02B,MEDICAMENTS POUR L'ULCÈRE PEPTIQUE ET LE REFLUX GASTRO-OESOPHAGIEN (RGO),A02BC,INHIBITEURS DE LA POMPE A PROTONS,A02BC05,ESOMEPRAZOLE,2508923.0,4549398.73,5286774.52
A,SYSTEME DIGESTIF ET METABOLISME,A02,MEDICAMENTS POUR LES TROUBLES DE L'ACIDITE,A02B,MEDICAMENTS POUR L'ULCÈRE PEPTIQUE ET LE REFLUX GASTRO-OESOPHAGIEN (RGO),A02BD,ASSOCIATIONS POUR L'ERADICATION D'HELICOBACTER PYLORI,A02BD08,"BISMUTH POTASSIQUE, TETRACYCLINE ET METRONIDAZOLE",25542.0,300368.48,324585.29
A,SYSTEME DIGESTIF ET METABOLISME,A02,MEDICAMENTS POUR LES TROUBLES DE L'ACIDITE,A02B,MEDICAMENTS POUR L'ULCÈRE PEPTIQUE ET LE REFLUX GASTRO-OESOPHAGIEN (RGO),A02BX,AUTRES MEDICAMENTS POUR L'ULCÈRE PEPTIQUE ET LE REFLUX GASTROOESOPHAGIEN (RGO),A02BX13,ALGINIQUE ACIDE EN ASSOCIATION AVEC ANTIACIDES,1083362.0,993787.76,1560802.82
A,SYSTEME DIGESTIF ET METABOLISME,A03,MEDICAMENTS POUR LES TROUBLES FONCTIONNELS GASTROINTESTINAUX,9999,Non restitué,99999,Non restitué,9999999,Non restitué,10192.0,32906.39,48796.42
A,SYSTEME DIGESTIF ET METABOLISME,A03,MEDICAMENTS POUR LES TROUBLES FONCTIONNELS GASTROINTESTINAUX,A03A,MEDICAMENTS POUR LES TROUBLES FONCTIONNELS INTESTINAUX,99999,Non restitué,9999999,Non restitué,5158.0,9287.98,20588.79
A,SYSTEME DIGESTIF ET METABOLISME,A03,MEDICAMENTS POUR LES TROUBLES FONCTIONNELS GASTROINTESTINAUX,A03A,MEDICAMENTS POUR LES TROUBLES FONCTIONNELS INTESTINAUX,A03AA,ANTICHOLINERGIQUES DE SYNTHESE : ESTERS AVEC GROUPEMENT AMINE TERTIAIRE,9999999,Non restitué,3578.0,3649.08,9334.93
A,SYSTEME DIGESTIF ET METABOLISME,A03,MEDICAMENTS POUR LES TROUBLES FONCTIONNELS GASTROINTESTINAUX,A03A,MEDICAMENTS POUR LES TROUBLES FONCTIONNELS INTESTINAUX,A03AA,ANTICHOLINERGIQUES DE SYNTHESE : ESTERS AVEC GROUPEMENT AMINE TERTIAIRE,A03AA04,MEBEVERINE,11010.0,10076.8,27890.83
A,SYSTEME DIGESTIF ET METABOLISME,A03,MEDICAMENTS POUR LES TROUBLES FONCTIONNELS GASTROINTESTINAUX,A03A,MEDICAMENTS POUR LES TROUBLES FONCTIONNELS INTESTINAUX,A03AA,ANTICHOLINERGIQUES DE SYNTHESE : ESTERS AVEC GROUPEMENT AMINE TERTIAIRE,A03AA05,TRIMEBUTINE,459684.0,739549.21,1533698.64
A,SYSTEME DIGESTIF ET METABOLISME,A03,MEDICAMENTS POUR LES TROUBLES FONCTIONNELS GASTROINTESTINAUX,A03A,MEDICAMENTS POUR LES TROUBLES FONCTIONNELS INTESTINAUX,A03AX,AUTRES MEDICAMENTS POUR LES TROUBLES FONCTIONNELS INTESTINAUX,9999999,Non restitué,12433.0,14747.81,39070.39
A,SYSTEME DIGESTIF ET METABOLISME,A03,MEDICAMENTS POUR LES TROUBLES FONCTIONNELS GASTROINTESTINAUX,A03A,MEDICAMENTS POUR LES TROUBLES FONCTIONNELS INTESTINAUX,A03AX,AUTRES MEDICAMENTS POUR LES TROUBLES FONCTIONNELS INTESTINAUX,A03AX04,PINAVERIUM,32277.0,49066.11,134231.89
A,SYSTEME DIGESTIF ET METABOLISME,A03,MEDICAMENTS POUR LES TROUBLES FONCTIONNELS GASTROINTESTINAUX,A03A,MEDICAMENTS POUR LES TROUBLES FONCTIONNELS INTESTINAUX,A03AX,AUTRES MEDICAMENTS POUR LES TROUBLES FONCTIONNELS INTESTINAUX,A03AX12,PHLOROGLUCINOL,4841714.0,1603882.74,2834221.28
A,SYSTEME DIGESTIF ET METABOLISME,A03,MEDICAMENTS POUR LES TROUBLES FONCTIONNELS GASTROINTESTINAUX,A03A,MEDICAMENTS POUR LES TROUBLES FONCTIONNELS INTESTINAUX,A03AX,AUTRES MEDICAMENTS POUR LES TROUBLES FONCTIONNELS INTESTINAUX,A03AX58,ALVERINE EN ASSOCIATION,383622.0,263333.41,401431.68
A,SYSTEME DIGESTIF ET METABOLISME,A03,MEDICAMENTS POUR LES TROUBLES FONCTIONNELS GASTROINTESTINAUX,A03B,BELLADONE ET DERIVES,A03BB,ALCALOIDES HEMISYNTHETIQUES DE LA BELLADONE : AMMONIUMS QUATERNAIRES,A03BB01,BUTYLSCOPOLAMINE,3932.0,23959.6,27979.78
A,SYSTEME DIGESTIF ET METABOLISME,A03,MEDICAMENTS POUR LES TROUBLES FONCTIONNELS GASTROINTESTINAUX,A03E,ANTISPASMODIQUES ET ANTICHOLINERGIQUES EN ASSOCIATION AVEC D'AUTRES MEDICAMENTS,A03ED,ANTISPASMODIQUES EN ASSOCIATION AVEC D'AUTRES MEDICAMENTS,A03ED,ANTISPASMODIQUES EN ASSOCIATION AVEC D'AUTRES MEDICAMENTS,97472.0,112942.74,234664.44
A,SYSTEME DIGESTIF ET METABOLISME,A03,MEDICAMENTS POUR LES TROUBLES FONCTIONNELS GASTROINTESTINAUX,A03F,STIMULANTS DE LA MOTRICITE INTESTINALE,A03FA,STIMULANTS DE LA MOTRICITE INTESTINALE,9999999,Non restitué,5742.0,9796.64,13077.06
A,SYSTEME DIGESTIF ET METABOLISME,A03,MEDICAMENTS POUR LES TROUBLES FONCTIONNELS GASTROINTESTINAUX,A03F,STIMULANTS DE LA MOTRICITE INTESTINALE,A03FA,STIMULANTS DE LA MOTRICITE INTESTINALE,A03FA01,METOCLOPRAMIDE,679801.0,575701.48,713393.71
A,SYSTEME DIGESTIF ET METABOLISME,A03,MEDICAMENTS POUR LES TROUBLES FONCTIONNELS GASTROINTESTINAUX,A03F,STIMULANTS DE LA MOTRICITE INTESTINALE,A03FA,STIMULANTS DE LA MOTRICITE INTESTINALE,A03FA03,DOMPERIDONE,151688.0,129573.05,194362.54
A,SYSTEME DIGESTIF ET METABOLISME,A03,MEDICAMENTS POUR LES TROUBLES FONCTIONNELS GASTROINTESTINAUX,A03F,STIMULANTS DE LA MOTRICITE INTESTINALE,A03FA,STIMULANTS DE LA MOTRICITE INTESTINALE,A03FA05,ALIZAPRIDE,2838.0,7069.41,7395.0
A,SYSTEME DIGESTIF ET METABOLISME,A04,ANTIEMETIQUES ET ANTINAUSEEUX,A04A,ANTIEMETIQUES ET ANTINAUSEEUX,99999,Non restitué,9999999,Non restitué,5126.0,48291.1,52150.02
A,SYSTEME DIGESTIF ET METABOLISME,A04,ANTIEMETIQUES ET ANTINAUSEEUX,A04A,ANTIEMETIQUES ET ANTINAUSEEUX,A04AA,ANTAGONISTES DE LA SEROTONINE (5HT3),9999999,Non restitué,6716.0,110887.08,113742.14
A,SYSTEME DIGESTIF ET METABOLISME,A04,ANTIEMETIQUES ET ANTINAUSEEUX,A04A,ANTIEMETIQUES ET ANTINAUSEEUX,A04AA,ANTAGONISTES DE LA SEROTONINE (5HT3),A04AA01,ONDANSETRON,928398.0,2837970.75,2865434.9
A,SYSTEME DIGESTIF ET METABOLISME,A04,ANTIEMETIQUES ET ANTINAUSEEUX,A04A,ANTIEMETIQUES ET ANTINAUSEEUX,A04AA,ANTAGONISTES DE LA SEROTONINE (5HT3),A04AA02,GRANISETRON,66176.0,42906.36,42781.01
A,SYSTEME DIGESTIF ET METABOLISME,A04,ANTIEMETIQUES ET ANTINAUSEEUX,A04A,ANTIEMETIQUES ET ANTINAUSEEUX,A04AA,ANTAGONISTES DE LA SEROTONINE (5HT3),A04AA55,PALONOSETRON EN ASSOCIATION,79078.0,17978.77,16068.06
A,SYSTEME DIGESTIF ET METABOLISME,A04,ANTIEMETIQUES ET ANTINAUSEEUX,A04A,ANTIEMETIQUES ET ANTINAUSEEUX,A04AD,AUTRES ANTIEMETIQUES,9999999,Non restitué,6286.0,70982.3,75118.46
A,SYSTEME DIGESTIF ET METABOLISME,A04,ANTIEMETIQUES ET ANTINAUSEEUX,A04A,ANTIEMETIQUES ET ANTINAUSEEUX,A04AD,AUTRES ANTIEMETIQUES,A04AD01,SCOPOLAMINE,3862.0,17601.78,18353.46
A,SYSTEME DIGESTIF ET METABOLISME,A04,ANTIEMETIQUES ET ANTINAUSEEUX,A04A,ANTIEMETIQUES ET ANTINAUSEEUX,A04AD,AUTRES ANTIEMETIQUES,A04AD05,METOPIMAZINE,550886.0,580969.66,1062424.89
A,SYSTEME DIGESTIF ET METABOLISME,A04,ANTIEMETIQUES ET ANTINAUSEEUX,A04A,ANTIEMETIQUES ET ANTINAUSEEUX,A04AD,AUTRES ANTIEMETIQUES,A04AD12,APREPITANT,536844.0,1523301.73,1503990.39
A,SYSTEME DIGESTIF ET METABOLISME,A05,THERAPEUTIQUE HEPATIQUE ET BILIAIRE,9999,Non restitué,99999,Non restitué,9999999,Non restitué,2856.0,15490.49,18125.54
A,SYSTEME DIGESTIF ET METABOLISME,A05,THERAPEUTIQUE HEPATIQUE ET BILIAIRE,A05A,THERAPEUTIQUE BILIAIRE,99999,Non restitué,9999999,Non restitué,545.0,0.0,0.0
A,SYSTEME DIGESTIF ET METABOLISME,A05,THERAPEUTIQUE HEPATIQUE ET BILIAIRE,A05A,THERAPEUTIQUE BILIAIRE,A05AA,ACIDES BILIAIRES,A05AA02,URSODESOXYCHOLIQUE ACIDE,412930.0,1084190.79,998201.2
A,SYSTEME DIGESTIF ET METABOLISME,A05,THERAPEUTIQUE HEPATIQUE ET BILIAIRE,A05A,THERAPEUTIQUE BILIAIRE,A05AX,AUTRES MEDICAMENTS POUR LA THERAPEUTIQUE BILIAIRE,9999999,Non restitué,597.0,0.0,0.0
A,SYSTEME DIGESTIF ET METABOLISME,A05,THERAPEUTIQUE HEPATIQUE ET BILIAIRE,A05A,THERAPEUTIQUE BILIAIRE,A05AX,AUTRES MEDICAMENTS POUR LA THERAPEUTIQUE BILIAIRE,A05AX04,MARALIXIBAT CHLORURE,156.0,0.0,0.0
A,SYSTEME DIGESTIF ET METABOLISME,A05,THERAPEUTIQUE HEPATIQUE ET BILIAIRE,A05A,THERAPEUTIQUE BILIAIRE,A05AX,AUTRES MEDICAMENTS POUR LA THERAPEUTIQUE BILIAIRE,A05AX05,ODEVIXIBAT,224.0,0.0,0.0
A,SYSTEME DIGESTIF ET METABOLISME,A05,THERAPEUTIQUE HEPATIQUE ET BILIAIRE,A05B,"THERAPEUTIQUE HEPATIQUE, LIPOTROPIQUES",A05BA,THERAPEUTIQUE HEPATIQUE,A05BA,THERAPEUTIQUE HEPATIQUE,7147.0,14144.949999999999,14799.06
A,SYSTEME DIGESTIF ET METABOLISME,A06,LAXATIFS,A06A,LAXATIFS,99999,Non restitué,9999999,Non restitué,25197.0,146419.19,215005.94
A,SYSTEME DIGESTIF ET METABOLISME,A06,LAXATIFS,A06A,LAXATIFS,A06AA,LAXATIFS LUBRIFIANTS,9999999,Non restitué,1.0,0.31,2.07
A,SYSTEME DIGESTIF ET METABOLISME,A06,LAXATIFS,A06A,LAXATIFS,A06AA,LAXATIFS LUBRIFIANTS,A06AA51,HUILE DE PARAFFINE EN ASSOCIATION,56550.0,115963.79,198757.72
A,SYSTEME DIGESTIF ET METABOLISME,A06,LAXATIFS,A06A,LAXATIFS,A06AB,LAXATIFS STIMULANTS,A06AB58,"PICOSULFATE DE SODIUM, ASSOCIATIONS",114040.0,315720.72,358588.9
A,SYSTEME DIGESTIF ET METABOLISME,A06,LAXATIFS,A06A,LAXATIFS,A06AC,LAXATIFS DE LEST,9999999,Non restitué,41.0,49.260000000000005,179.35000000000002
A,SYSTEME DIGESTIF ET METABOLISME,A06,LAXATIFS,A06A,LAXATIFS,A06AC,LAXATIFS DE LEST,A06AC01,ISPAGHUL (GRAINE DE PSYLLIUM),339626.0,334431.82,491648.28
A,SYSTEME DIGESTIF ET METABOLISME,A06,LAXATIFS,A06A,LAXATIFS,A06AD,LAXATIFS OSMOTIQUES,9999999,Non restitué,15036.0,27818.95,47279.55
A,SYSTEME DIGESTIF ET METABOLISME,A06,LAXATIFS,A06A,LAXATIFS,A06AD,LAXATIFS OSMOTIQUES,A06AD10,SELS MINERAUX EN ASSOCIATION,55480.0,176744.52,196175.7
A,SYSTEME DIGESTIF ET METABOLISME,A06,LAXATIFS,A06A,LAXATIFS,A06AD,LAXATIFS OSMOTIQUES,A06AD11,LACTULOSE,618971.0,948995.92,1291485.69
A,SYSTEME DIGESTIF ET METABOLISME,A06,LAXATIFS,A06A,LAXATIFS,A06AD,LAXATIFS OSMOTIQUES,A06AD12,LACTITOL,21730.0,28552.02,54029.17
A,SYSTEME DIGESTIF ET METABOLISME,A06,LAXATIFS,A06A,LAXATIFS,A06AD,LAXATIFS OSMOTIQUES,A06AD15,MACROGOL,2346257.0,2193766.28,2963724.2
A,SYSTEME DIGESTIF ET METABOLISME,A06,LAXATIFS,A06A,LAXATIFS,A06AD,LAXATIFS OSMOTIQUES,A06AD65,MACROGOL EN ASSOCIATION,913134.0,1617434.1,1964773.04
A,SYSTEME DIGESTIF ET METABOLISME,A06,LAXATIFS,A06A,LAXATIFS,A06AG,LAVEMENTS,A06AG20,ASSOCIATIONS,703991.0,456089.63,473531.25
A,SYSTEME DIGESTIF ET METABOLISME,A06,LAXATIFS,A06A,LAXATIFS,A06AH,ANTAGONISTES DE RECEPTEURS,9999999,Non restitué,1510.0,70793.18,82175.81
A,SYSTEME DIGESTIF ET METABOLISME,A06,LAXATIFS,A06A,LAXATIFS,A06AH,ANTAGONISTES DE RECEPTEURS,A06AH03,HALOXEGOL,20618.0,298984.86,215650.98
A,SYSTEME DIGESTIF ET METABOLISME,A06,LAXATIFS,A06A,LAXATIFS,A06AH,ANTAGONISTES DE RECEPTEURS,A06AH05,NALDEMEDINE,2767.0,43344.52,31644.579999999998
A,SYSTEME DIGESTIF ET METABOLISME,A06,LAXATIFS,A06A,LAXATIFS,A06AX,AUTRES LAXATIFS,A06AX02,MEDICAMENTS PRODUISANT DE L'ANHYDRIDE CARBONIQUE,246176.0,195371.06,266389.35
A,SYSTEME DIGESTIF ET METABOLISME,A07,"ANTIDIARRHEIQUES, ANTIINFLAMMATOIRES ET ANTIINFECTIEUX INTESTINAUX",9999,Non restitué,99999,Non restitué,9999999,Non restitué,15449.0,189594.13,221724.63999999998
A,SYSTEME DIGESTIF ET METABOLISME,A07,"ANTIDIARRHEIQUES, ANTIINFLAMMATOIRES ET ANTIINFECTIEUX INTESTINAUX",A07A,ANTIINFECTIEUX INTESTINAUX,A07AA,ANTIBIOTIQUES,9999999,Non restitué,3561.0,87221.59,86618.81
A,SYSTEME DIGESTIF ET METABOLISME,A07,"ANTIDIARRHEIQUES, ANTIINFLAMMATOIRES ET ANTIINFECTIEUX INTESTINAUX",A07A,ANTIINFECTIEUX INTESTINAUX,A07AA,ANTIBIOTIQUES,A07AA02,NYSTATINE,109310.0,158163.2,190182.58
A,SYSTEME DIGESTIF ET METABOLISME,A07,"ANTIDIARRHEIQUES, ANTIINFLAMMATOIRES ET ANTIINFECTIEUX INTESTINAUX",A07A,ANTIINFECTIEUX INTESTINAUX,A07AA,ANTIBIOTIQUES,A07AA11,RIFAXIMINE,28946.0,14311.17,10996.8
A,SYSTEME DIGESTIF ET METABOLISME,A07,"ANTIDIARRHEIQUES, ANTIINFLAMMATOIRES ET ANTIINFECTIEUX INTESTINAUX",A07B,ADSORBANTS INTESTINAUX,A07BC,AUTRES ADSORBANTS INTESTINAUX,A07BC05,DIOSMECTITE,335137.0,454535.17,610509.08
A,SYSTEME DIGESTIF ET METABOLISME,A07,"ANTIDIARRHEIQUES, ANTIINFLAMMATOIRES ET ANTIINFECTIEUX INTESTINAUX",A07D,RALENTISSEURS DE LA MOTRICITE INTESTINALE,A07DA,RALENTISSEURS DE LA MOTRICITE INTESTINALE,A07DA03,LOPERAMIDE,1096740.0,1003431.73,1175867.22
A,SYSTEME DIGESTIF ET METABOLISME,A07,"ANTIDIARRHEIQUES, ANTIINFLAMMATOIRES ET ANTIINFECTIEUX INTESTINAUX",A07E,ANTIINFLAMMATOIRES INTESTINAUX,99999,Non restitué,9999999,Non restitué,2834.0,132658.9,145097.18
A,SYSTEME DIGESTIF ET METABOLISME,A07,"ANTIDIARRHEIQUES, ANTIINFLAMMATOIRES ET ANTIINFECTIEUX INTESTINAUX",A07E,ANTIINFLAMMATOIRES INTESTINAUX,A07EA,CORTICOIDES A ACTION LOCALE,9999999,Non restitué,1067.0,12149.76,12717.18
A,SYSTEME DIGESTIF ET METABOLISME,A07,"ANTIDIARRHEIQUES, ANTIINFLAMMATOIRES ET ANTIINFECTIEUX INTESTINAUX",A07E,ANTIINFLAMMATOIRES INTESTINAUX,A07EA,CORTICOIDES A ACTION LOCALE,A07EA02,HYDROCORTISONE,72.0,51.02,61.84
A,SYSTEME DIGESTIF ET METABOLISME,A07,"ANTIDIARRHEIQUES, ANTIINFLAMMATOIRES ET ANTIINFECTIEUX INTESTINAUX",A07E,ANTIINFLAMMATOIRES INTESTINAUX,A07EA,CORTICOIDES A ACTION LOCALE,A07EA06,BUDESONIDE,30393.0,237597.25,199817.56
A,SYSTEME DIGESTIF ET METABOLISME,A07,"ANTIDIARRHEIQUES, ANTIINFLAMMATOIRES ET ANTIINFECTIEUX INTESTINAUX",A07E,ANTIINFLAMMATOIRES INTESTINAUX,A07EC,ACIDE AMINOSALICYLIQUE ET ANALOGUES,9999999,Non restitué,5205.0,64157.56,69261.08
A,SYSTEME DIGESTIF ET METABOLISME,A07,"ANTIDIARRHEIQUES, ANTIINFLAMMATOIRES ET ANTIINFECTIEUX INTESTINAUX",A07E,ANTIINFLAMMATOIRES INTESTINAUX,A07EC,ACIDE AMINOSALICYLIQUE ET ANALOGUES,A07EC,ACIDE AMINOSALICYLIQUE ET ANALOGUES,362.0,3385.52,2551.95
A,SYSTEME DIGESTIF ET METABOLISME,A07,"ANTIDIARRHEIQUES, ANTIINFLAMMATOIRES ET ANTIINFECTIEUX INTESTINAUX",A07E,ANTIINFLAMMATOIRES INTESTINAUX,A07EC,ACIDE AMINOSALICYLIQUE ET ANALOGUES,A07EC01,SULFASALAZINE,23605.0,121959.04,121188.26
A,SYSTEME DIGESTIF ET METABOLISME,A07,"ANTIDIARRHEIQUES, ANTIINFLAMMATOIRES ET ANTIINFECTIEUX INTESTINAUX",A07E,ANTIINFLAMMATOIRES INTESTINAUX,A07EC,ACIDE AMINOSALICYLIQUE ET ANALOGUES,A07EC02,MESALAZINE,223017.0,965051.38,903058.29
A,SYSTEME DIGESTIF ET METABOLISME,A07,"ANTIDIARRHEIQUES, ANTIINFLAMMATOIRES ET ANTIINFECTIEUX INTESTINAUX",A07X,AUTRES ANTIDIARRHEIQUES,A07XA,AUTRES ANTIDIARRHEIQUES,A07XA04,RACECADOTRIL,684581.0,1193322.43,1750538.84
A,SYSTEME DIGESTIF ET METABOLISME,A09,"MEDICAMENTS DE LA DIGESTION, ENZYMES INCLUSES",A09A,"MEDICAMENTS DE LA DIGESTION, ENZYMES INCLUSES",A09AA,PREPARATIONS ENZYMATIQUES,A09AA02,"MULTIENZYMES (LIPASE, PROTEASE...)",537743.0,713561.66,722346.18
A,SYSTEME DIGESTIF ET METABOLISME,A10,MEDICAMENTS DU DIABETE,9999,Non restitué,99999,Non restitué,9999999,Non restitué,2810.0,74476.49,78672.96
A,SYSTEME DIGESTIF ET METABOLISME,A10,MEDICAMENTS DU DIABETE,A10A,INSULINES ET ANALOGUES,99999,Non restitué,9999999,Non restitué,8704.0,234361.97,242339.64
A,SYSTEME DIGESTIF ET METABOLISME,A10,MEDICAMENTS DU DIABETE,A10A,INSULINES ET ANALOGUES,A10AB,INSULINES ET ANALOGUES DACTION RAPIDE POUR INJECTION,9999999,Non restitué,10596.0,234216.35,243286.86
A,SYSTEME DIGESTIF ET METABOLISME,A10,MEDICAMENTS DU DIABETE,A10A,INSULINES ET ANALOGUES,A10AB,INSULINES ET ANALOGUES DACTION RAPIDE POUR INJECTION,A10AB01,INSULINE HUMAINE,590.0,12859.98,13293.17
A,SYSTEME DIGESTIF ET METABOLISME,A10,MEDICAMENTS DU DIABETE,A10A,INSULINES ET ANALOGUES,A10AB,INSULINES ET ANALOGUES DACTION RAPIDE POUR INJECTION,A10AB04,INSULINE LISPRO,746954.0,930105.48,927339.01
A,SYSTEME DIGESTIF ET METABOLISME,A10,MEDICAMENTS DU DIABETE,A10A,INSULINES ET ANALOGUES,A10AB,INSULINES ET ANALOGUES DACTION RAPIDE POUR INJECTION,A10AB05,INSULINE ASPART,1615658.0,1519989.66,1518911.62
A,SYSTEME DIGESTIF ET METABOLISME,A10,MEDICAMENTS DU DIABETE,A10A,INSULINES ET ANALOGUES,A10AB,INSULINES ET ANALOGUES DACTION RAPIDE POUR INJECTION,A10AB06,INSULINE GLULISINE,66454.0,263634.83,263787.85
A,SYSTEME DIGESTIF ET METABOLISME,A10,MEDICAMENTS DU DIABETE,A10A,INSULINES ET ANALOGUES,A10AC,INSULINES ET ANALOGUES D'ACTION INTERMEDIAIRE POUR INJECTION,A10AC01,INSULINE HUMAINE,17891.0,159403.04,162330.88
A,SYSTEME DIGESTIF ET METABOLISME,A10,MEDICAMENTS DU DIABETE,A10A,INSULINES ET ANALOGUES,A10AD,INSULINES ET ANALOGUES DACTION INTERMEDIAIRE ET À DEBUT DACTION RAPIDE POUR INJECTION,9999999,Non restitué,3602.0,86397.68,89465.4
A,SYSTEME DIGESTIF ET METABOLISME,A10,MEDICAMENTS DU DIABETE,A10A,INSULINES ET ANALOGUES,A10AD,INSULINES ET ANALOGUES DACTION INTERMEDIAIRE ET À DEBUT DACTION RAPIDE POUR INJECTION,A10AD01,INSULINE HUMAINE,119.0,1270.03,1337.3799999999999
A,SYSTEME DIGESTIF ET METABOLISME,A10,MEDICAMENTS DU DIABETE,A10A,INSULINES ET ANALOGUES,A10AD,INSULINES ET ANALOGUES DACTION INTERMEDIAIRE ET À DEBUT DACTION RAPIDE POUR INJECTION,A10AD04,INSULINE LISPRO,3713.0,43477.39,43787.3
A,SYSTEME DIGESTIF ET METABOLISME,A10,MEDICAMENTS DU DIABETE,A10A,INSULINES ET ANALOGUES,A10AD,INSULINES ET ANALOGUES DACTION INTERMEDIAIRE ET À DEBUT DACTION RAPIDE POUR INJECTION,A10AD05,INSULINE ASPART,19033.0,126188.77,126883.28
A,SYSTEME DIGESTIF ET METABOLISME,A10,MEDICAMENTS DU DIABETE,A10A,INSULINES ET ANALOGUES,A10AE,INSULINES ET ANALOGUES DACTION LENTE POUR INJECTION,9999999,Non restitué,8865.0,361068.78,365761.65
A,SYSTEME DIGESTIF ET METABOLISME,A10,MEDICAMENTS DU DIABETE,A10A,INSULINES ET ANALOGUES,A10AE,INSULINES ET ANALOGUES DACTION LENTE POUR INJECTION,A10AE04,INSULINE GLARGINE,755935.0,1421587.67,1422714.72
A,SYSTEME DIGESTIF ET METABOLISME,A10,MEDICAMENTS DU DIABETE,A10A,INSULINES ET ANALOGUES,A10AE,INSULINES ET ANALOGUES DACTION LENTE POUR INJECTION,A10AE05,INSULINE DETEMIR,56352.0,217107.68,216188.41999999998
A,SYSTEME DIGESTIF ET METABOLISME,A10,MEDICAMENTS DU DIABETE,A10A,INSULINES ET ANALOGUES,A10AE,INSULINES ET ANALOGUES DACTION LENTE POUR INJECTION,A10AE06,INSULINE DEGLUDEC,264039.0,254804.92,240689.22
A,SYSTEME DIGESTIF ET METABOLISME,A10,MEDICAMENTS DU DIABETE,A10A,INSULINES ET ANALOGUES,A10AE,INSULINES ET ANALOGUES DACTION LENTE POUR INJECTION,A10AE56,INSULINE DEGLUDEC ET LIRAGLUTIDE,49349.0,17109.670000000002,16617.66
A,SYSTEME DIGESTIF ET METABOLISME,A10,MEDICAMENTS DU DIABETE,A10B,"MEDICAMENTS HYPOGLYCEMIANTS, INSULINES EXCLUSES",99999,Non restitué,9999999,Non restitué,25465.0,308660.43,330563.05
A,SYSTEME DIGESTIF ET METABOLISME,A10,MEDICAMENTS DU DIABETE,A10B,"MEDICAMENTS HYPOGLYCEMIANTS, INSULINES EXCLUSES",A10BA,BIGUANIDES,A10BA02,METFORMINE,1916812.0,4587218.52,4784786.08
A,SYSTEME DIGESTIF ET METABOLISME,A10,MEDICAMENTS DU DIABETE,A10B,"MEDICAMENTS HYPOGLYCEMIANTS, INSULINES EXCLUSES",A10BB,"SULFAMIDES, DERIVES DE L'UREE",9999999,Non restitué,8622.0,38908.98,40831.92
A,SYSTEME DIGESTIF ET METABOLISME,A10,MEDICAMENTS DU DIABETE,A10B,"MEDICAMENTS HYPOGLYCEMIANTS, INSULINES EXCLUSES",A10BB,"SULFAMIDES, DERIVES DE L'UREE",A10BB01,GLIBENCLAMIDE,13793.0,53877.17,55658.7
A,SYSTEME DIGESTIF ET METABOLISME,A10,MEDICAMENTS DU DIABETE,A10B,"MEDICAMENTS HYPOGLYCEMIANTS, INSULINES EXCLUSES",A10BB,"SULFAMIDES, DERIVES DE L'UREE",A10BB07,GLIPIZIDE,31.0,396.05,414.78
A,SYSTEME DIGESTIF ET METABOLISME,A10,MEDICAMENTS DU DIABETE,A10B,"MEDICAMENTS HYPOGLYCEMIANTS, INSULINES EXCLUSES",A10BB,"SULFAMIDES, DERIVES DE L'UREE",A10BB09,GLICLAZIDE,363812.0,1483762.8,1536983.82
A,SYSTEME DIGESTIF ET METABOLISME,A10,MEDICAMENTS DU DIABETE,A10B,"MEDICAMENTS HYPOGLYCEMIANTS, INSULINES EXCLUSES",A10BB,"SULFAMIDES, DERIVES DE L'UREE",A10BB12,GLIMEPIRIDE,74907.0,405566.41,419773.71
A,SYSTEME DIGESTIF ET METABOLISME,A10,MEDICAMENTS DU DIABETE,A10B,"MEDICAMENTS HYPOGLYCEMIANTS, INSULINES EXCLUSES",A10BD,ASSOCIATION DE MEDICAMENTS HYPOGLYCEMIANTS ORAUX,9999999,Non restitué,13120.0,265705.02,279552.16
A,SYSTEME DIGESTIF ET METABOLISME,A10,MEDICAMENTS DU DIABETE,A10B,"MEDICAMENTS HYPOGLYCEMIANTS, INSULINES EXCLUSES",A10BD,ASSOCIATION DE MEDICAMENTS HYPOGLYCEMIANTS ORAUX,A10BD07,METFORMINE ET SITAGLIPTINE,211737.0,1233119.59,1303136.44
A,SYSTEME DIGESTIF ET METABOLISME,A10,MEDICAMENTS DU DIABETE,A10B,"MEDICAMENTS HYPOGLYCEMIANTS, INSULINES EXCLUSES",A10BD,ASSOCIATION DE MEDICAMENTS HYPOGLYCEMIANTS ORAUX,A10BD08,METFORMINE ET VILDAGLIPTINE,27651.0,260585.65,279257.6
A,SYSTEME DIGESTIF ET METABOLISME,A10,MEDICAMENTS DU DIABETE,A10B,"MEDICAMENTS HYPOGLYCEMIANTS, INSULINES EXCLUSES",A10BD,ASSOCIATION DE MEDICAMENTS HYPOGLYCEMIANTS ORAUX,A10BD10,METFORMINE ET SAXAGLIPTINE,1185.0,17441.51,17166.57
A,SYSTEME DIGESTIF ET METABOLISME,A10,MEDICAMENTS DU DIABETE,A10B,"MEDICAMENTS HYPOGLYCEMIANTS, INSULINES EXCLUSES",A10BD,ASSOCIATION DE MEDICAMENTS HYPOGLYCEMIANTS ORAUX,A10BD15,METFORMINE + DAPAGLIFLOZINE,134450.0,135350.01,129743.68
A,SYSTEME DIGESTIF ET METABOLISME,A10,MEDICAMENTS DU DIABETE,A10B,"MEDICAMENTS HYPOGLYCEMIANTS, INSULINES EXCLUSES",A10BD,ASSOCIATION DE MEDICAMENTS HYPOGLYCEMIANTS ORAUX,A10BD20,METFORMINE + EMPAGLIFLOZINE,60070.0,249320.21,245979.84
A,SYSTEME DIGESTIF ET METABOLISME,A10,MEDICAMENTS DU DIABETE,A10B,"MEDICAMENTS HYPOGLYCEMIANTS, INSULINES EXCLUSES",A10BF,INHIBITEURS DE L'ALPHA GLUCOSIDASE,A10BF01,ACARBOSE,7678.0,84774.77,90906.66
A,SYSTEME DIGESTIF ET METABOLISME,A10,MEDICAMENTS DU DIABETE,A10B,"MEDICAMENTS HYPOGLYCEMIANTS, INSULINES EXCLUSES",A10BH,INHIBITEURS DE LA DIPEPTIDYL PEPTIDASE 4 (DPP-4),9999999,Non restitué,7407.0,92059.8,100773.88
A,SYSTEME DIGESTIF ET METABOLISME,A10,MEDICAMENTS DU DIABETE,A10B,"MEDICAMENTS HYPOGLYCEMIANTS, INSULINES EXCLUSES",A10BH,INHIBITEURS DE LA DIPEPTIDYL PEPTIDASE 4 (DPP-4),A10BH01,SITAGLIPTINE,250001.0,1669142.07,1781220.95
A,SYSTEME DIGESTIF ET METABOLISME,A10,MEDICAMENTS DU DIABETE,A10B,"MEDICAMENTS HYPOGLYCEMIANTS, INSULINES EXCLUSES",A10BH,INHIBITEURS DE LA DIPEPTIDYL PEPTIDASE 4 (DPP-4),A10BH02,VILDAGLIPTINE,75890.0,508375.64,537956.67
A,SYSTEME DIGESTIF ET METABOLISME,A10,MEDICAMENTS DU DIABETE,A10B,"MEDICAMENTS HYPOGLYCEMIANTS, INSULINES EXCLUSES",A10BH,INHIBITEURS DE LA DIPEPTIDYL PEPTIDASE 4 (DPP-4),A10BH03,SAXAGLIPTINE,2005.0,28410.73,28112.09
A,SYSTEME DIGESTIF ET METABOLISME,A10,MEDICAMENTS DU DIABETE,A10B,"MEDICAMENTS HYPOGLYCEMIANTS, INSULINES EXCLUSES",A10BJ,ANALOGUES DES RECEPTEURS GLUACON-LIKE PEPTIDE-1,9999999,Non restitué,8877.0,292171.71,291526.27
A,SYSTEME DIGESTIF ET METABOLISME,A10,MEDICAMENTS DU DIABETE,A10B,"MEDICAMENTS HYPOGLYCEMIANTS, INSULINES EXCLUSES",A10BJ,ANALOGUES DES RECEPTEURS GLUACON-LIKE PEPTIDE-1,A10BJ01,EXENATIDE,104.0,785.4,785.4
A,SYSTEME DIGESTIF ET METABOLISME,A10,MEDICAMENTS DU DIABETE,A10B,"MEDICAMENTS HYPOGLYCEMIANTS, INSULINES EXCLUSES",A10BJ,ANALOGUES DES RECEPTEURS GLUACON-LIKE PEPTIDE-1,A10BJ02,LIRAGLUTIDE,34268.0,29920.5,27018.7
A,SYSTEME DIGESTIF ET METABOLISME,A10,MEDICAMENTS DU DIABETE,A10B,"MEDICAMENTS HYPOGLYCEMIANTS, INSULINES EXCLUSES",A10BJ,ANALOGUES DES RECEPTEURS GLUACON-LIKE PEPTIDE-1,A10BJ05,DULAGLUTIDE,333717.0,461212.68,450522.49000000005
A,SYSTEME DIGESTIF ET METABOLISME,A10,MEDICAMENTS DU DIABETE,A10B,"MEDICAMENTS HYPOGLYCEMIANTS, INSULINES EXCLUSES",A10BJ,ANALOGUES DES RECEPTEURS GLUACON-LIKE PEPTIDE-1,A10BJ06,SEMAGLUTIDE,418221.0,484853.86,466208.83
A,SYSTEME DIGESTIF ET METABOLISME,A10,MEDICAMENTS DU DIABETE,A10B,"MEDICAMENTS HYPOGLYCEMIANTS, INSULINES EXCLUSES",A10BK,INHIBITEURS DU SODIUM-GLUCOSE CO-TRANSPORTEUR 2,9999999,Non restitué,5789.0,195294.4,202208.05
A,SYSTEME DIGESTIF ET METABOLISME,A10,MEDICAMENTS DU DIABETE,A10B,"MEDICAMENTS HYPOGLYCEMIANTS, INSULINES EXCLUSES",A10BK,INHIBITEURS DU SODIUM-GLUCOSE CO-TRANSPORTEUR 2,A10BK01,DAPAGLIFLOZINE,1009710.0,360383.83,354396.19
A,SYSTEME DIGESTIF ET METABOLISME,A10,MEDICAMENTS DU DIABETE,A10B,"MEDICAMENTS HYPOGLYCEMIANTS, INSULINES EXCLUSES",A10BK,INHIBITEURS DU SODIUM-GLUCOSE CO-TRANSPORTEUR 2,A10BK02,CANAGLIFLOZINE,6270.0,106069.16,102846.94
A,SYSTEME DIGESTIF ET METABOLISME,A10,MEDICAMENTS DU DIABETE,A10B,"MEDICAMENTS HYPOGLYCEMIANTS, INSULINES EXCLUSES",A10BK,INHIBITEURS DU SODIUM-GLUCOSE CO-TRANSPORTEUR 2,A10BK03,EMPAGLIFLOZINE,311267.0,388675.96,392440.81
A,SYSTEME DIGESTIF ET METABOLISME,A10,MEDICAMENTS DU DIABETE,A10B,"MEDICAMENTS HYPOGLYCEMIANTS, INSULINES EXCLUSES",A10BX,"AUTRES MEDICAMENTS HYPOGLYCEMIANTS, INSULINES EXCLUSES",A10BX02,REPAGLINIDE,237972.0,1326924.7,1359081.78
A,SYSTEME DIGESTIF ET METABOLISME,A11,VITAMINES,9999,Non restitué,99999,Non restitué,9999999,Non restitué,13598.0,32283.76,38155.93
A,SYSTEME DIGESTIF ET METABOLISME,A11,VITAMINES,A11C,"VITAMINES A ET D, ASSOCIATIONS DES DEUX INCLUSES",99999,Non restitué,9999999,Non restitué,697.0,10039.29,11957.49
A,SYSTEME DIGESTIF ET METABOLISME,A11,VITAMINES,A11C,"VITAMINES A ET D, ASSOCIATIONS DES DEUX INCLUSES",A11CA,VITAMINE A NON ASSOCIEE,A11CA01,RETINOL (VIT A),2340.0,21390.41,24050.63
A,SYSTEME DIGESTIF ET METABOLISME,A11,VITAMINES,A11C,"VITAMINES A ET D, ASSOCIATIONS DES DEUX INCLUSES",A11CC,VITAMINE D ET ANALOGUES,9999999,Non restitué,14753.0,74626.55,93673.45
A,SYSTEME DIGESTIF ET METABOLISME,A11,VITAMINES,A11C,"VITAMINES A ET D, ASSOCIATIONS DES DEUX INCLUSES",A11CC,VITAMINE D ET ANALOGUES,A11CC01,ERGOCALCIFEROL,7141.0,10981.65,12916.38
A,SYSTEME DIGESTIF ET METABOLISME,A11,VITAMINES,A11C,"VITAMINES A ET D, ASSOCIATIONS DES DEUX INCLUSES",A11CC,VITAMINE D ET ANALOGUES,A11CC03,ALFACALCIDOL,192136.0,814936.05,869693.79
A,SYSTEME DIGESTIF ET METABOLISME,A11,VITAMINES,A11C,"VITAMINES A ET D, ASSOCIATIONS DES DEUX INCLUSES",A11CC,VITAMINE D ET ANALOGUES,A11CC04,CALCITRIOL,16159.0,55050.38,60656.01
A,SYSTEME DIGESTIF ET METABOLISME,A11,VITAMINES,A11C,"VITAMINES A ET D, ASSOCIATIONS DES DEUX INCLUSES",A11CC,VITAMINE D ET ANALOGUES,A11CC05,COLECALCIFEROL,6353446.0,4962206.54,5649607.26
A,SYSTEME DIGESTIF ET METABOLISME,A11,VITAMINES,A11C,"VITAMINES A ET D, ASSOCIATIONS DES DEUX INCLUSES",A11CC,VITAMINE D ET ANALOGUES,A11CC06,CALCIFEDIOL,61937.0,176385.51,235748.45
A,SYSTEME DIGESTIF ET METABOLISME,A11,VITAMINES,A11D,VITAMINE B1 NON ASSOCIEE ET EN ASSOCIATION AVEC VITAMINES B6 ET B12,A11DA,"VITAMINE B1, NON ASSOCIEE",A11DA01,THIAMINE (VIT B1),16389.0,34283.73,36775.19
A,SYSTEME DIGESTIF ET METABOLISME,A11,VITAMINES,A11H,AUTRES PREPARATIONS VITAMINIQUES NON ASSOCIEES,A11HA,AUTRES PREPARATIONS VITAMINIQUES NON ASSOCIEES,9999999,Non restitué,5755.0,14125.43,15758.34
A,SYSTEME DIGESTIF ET METABOLISME,A11,VITAMINES,A11H,AUTRES PREPARATIONS VITAMINIQUES NON ASSOCIEES,A11HA,AUTRES PREPARATIONS VITAMINIQUES NON ASSOCIEES,A11HA02,PYRIDOXINE (VIT B6),7210.0,14275.02,16575.27
A,SYSTEME DIGESTIF ET METABOLISME,A11,VITAMINES,A11H,AUTRES PREPARATIONS VITAMINIQUES NON ASSOCIEES,A11HA,AUTRES PREPARATIONS VITAMINIQUES NON ASSOCIEES,A11HA03,TOCOPHEROL (VIT E),125292.0,129279.93,143148.34
A,SYSTEME DIGESTIF ET METABOLISME,A12,SUPPLEMENTS MINERAUX,9999,Non restitué,99999,Non restitué,9999999,Non restitué,6869.0,21702.68,25889.59
A,SYSTEME DIGESTIF ET METABOLISME,A12,SUPPLEMENTS MINERAUX,A12A,CALCIUM,99999,Non restitué,9999999,Non restitué,3663.0,16685.35,20395.82
A,SYSTEME DIGESTIF ET METABOLISME,A12,SUPPLEMENTS MINERAUX,A12A,CALCIUM,A12AA,CALCIUM,9999999,Non restitué,1410.0,31613.51,32203.63
A,SYSTEME DIGESTIF ET METABOLISME,A12,SUPPLEMENTS MINERAUX,A12A,CALCIUM,A12AA,CALCIUM,A12AA,CALCIUM,7814.0,59369.9,57668.62
A,SYSTEME DIGESTIF ET METABOLISME,A12,SUPPLEMENTS MINERAUX,A12A,CALCIUM,A12AA,CALCIUM,A12AA04,CALCIUM CARBONATE,404749.0,1078273.66,1167737.95
A,SYSTEME DIGESTIF ET METABOLISME,A12,SUPPLEMENTS MINERAUX,A12A,CALCIUM,A12AX,CALCIUM EN ASSOCIATION AVEC D'AUTRES SUBSTANCES,A12AX,CALCIUM EN ASSOCIATION AVEC VITAMINE D ET/OU AUTRES MEDICAMENTS,729636.0,2256823.92,2498326.3
A,SYSTEME DIGESTIF ET METABOLISME,A12,SUPPLEMENTS MINERAUX,A12B,POTASSIUM,A12BA,DERIVES POTASSIQUES,9999999,Non restitué,328.0,674.77,732.1
A,SYSTEME DIGESTIF ET METABOLISME,A12,SUPPLEMENTS MINERAUX,A12B,POTASSIUM,A12BA,DERIVES POTASSIQUES,A12BA01,POTASSIUM CHLORURE,1363083.0,566461.74,607272.71
A,SYSTEME DIGESTIF ET METABOLISME,A12,SUPPLEMENTS MINERAUX,A12C,AUTRES SUPPLEMENTS MINERAUX,99999,Non restitué,9999999,Non restitué,3241.0,14770.18,15826.81
A,SYSTEME DIGESTIF ET METABOLISME,A12,SUPPLEMENTS MINERAUX,A12C,AUTRES SUPPLEMENTS MINERAUX,A12CC,MAGNESIUM,A12CC08,MAGNESIUM PIDOLATE,20369.0,12496.98,14016.48
A,SYSTEME DIGESTIF ET METABOLISME,A12,SUPPLEMENTS MINERAUX,A12C,AUTRES SUPPLEMENTS MINERAUX,A12CX,AUTRES ELEMENTS MINERAUX,A12CX,AUTRES ELEMENTS MINERAUX,85752.0,178431.81,193170.88
A,SYSTEME DIGESTIF ET METABOLISME,A16,AUTRES MEDICAMENTS DES VOIES DIGESTIVES ET DU METABOLISME,A16A,AUTRES MEDICAMENTS DES VOIES DIGESTIVES ET DU METABOLISME,99999,Non restitué,9999999,Non restitué,20176.0,78457.06,82090.41
A,SYSTEME DIGESTIF ET METABOLISME,A16,AUTRES MEDICAMENTS DES VOIES DIGESTIVES ET DU METABOLISME,A16A,AUTRES MEDICAMENTS DES VOIES DIGESTIVES ET DU METABOLISME,A16AA,ACIDES AMINES ET DERIVES,9999999,Non restitué,278.0,279.3,279.3
A,SYSTEME DIGESTIF ET METABOLISME,A16,AUTRES MEDICAMENTS DES VOIES DIGESTIVES ET DU METABOLISME,A16A,AUTRES MEDICAMENTS DES VOIES DIGESTIVES ET DU METABOLISME,A16AA,ACIDES AMINES ET DERIVES,A16AA01,LEVOCARNITINE,541193.0,113922.35,108973.77
A,SYSTEME DIGESTIF ET METABOLISME,A16,AUTRES MEDICAMENTS DES VOIES DIGESTIVES ET DU METABOLISME,A16A,AUTRES MEDICAMENTS DES VOIES DIGESTIVES ET DU METABOLISME,A16AA,ACIDES AMINES ET DERIVES,A16AA07,METRELEPTINE,106.0,0.0,0.0
A,SYSTEME DIGESTIF ET METABOLISME,A16,AUTRES MEDICAMENTS DES VOIES DIGESTIVES ET DU METABOLISME,A16A,AUTRES MEDICAMENTS DES VOIES DIGESTIVES ET DU METABOLISME,A16AB,ENZYMES,9999999,Non restitué,54.0,0.0,0.0
A,SYSTEME DIGESTIF ET METABOLISME,A16,AUTRES MEDICAMENTS DES VOIES DIGESTIVES ET DU METABOLISME,A16A,AUTRES MEDICAMENTS DES VOIES DIGESTIVES ET DU METABOLISME,A16AB,ENZYMES,A16AB09,IDURSULFASE,2235.0,0.0,0.0
A,SYSTEME DIGESTIF ET METABOLISME,A16,AUTRES MEDICAMENTS DES VOIES DIGESTIVES ET DU METABOLISME,A16A,AUTRES MEDICAMENTS DES VOIES DIGESTIVES ET DU METABOLISME,A16AX,DIVERS MEDICAMENTS DES VOIES DIGESTIVES ET DU METABOLISME,9999999,Non restitué,6892.0,53838.24,55214.44
A,SYSTEME DIGESTIF ET METABOLISME,A16,AUTRES MEDICAMENTS DES VOIES DIGESTIVES ET DU METABOLISME,A16A,AUTRES MEDICAMENTS DES VOIES DIGESTIVES ET DU METABOLISME,A16AX,DIVERS MEDICAMENTS DES VOIES DIGESTIVES ET DU METABOLISME,A16AX,DIVERS MEDICAMENTS DU TRACTUS ALIMENTAIRE ET DU METABOLISME,31786.0,10876.02,10027.92
A,SYSTEME DIGESTIF ET METABOLISME,A16,AUTRES MEDICAMENTS DES VOIES DIGESTIVES ET DU METABOLISME,A16A,AUTRES MEDICAMENTS DES VOIES DIGESTIVES ET DU METABOLISME,A16AX,DIVERS MEDICAMENTS DES VOIES DIGESTIVES ET DU METABOLISME,A16AX02,ANETHOLE TRITHIONE,112449.0,172911.48,200161.59
A,SYSTEME DIGESTIF ET METABOLISME,A16,AUTRES MEDICAMENTS DES VOIES DIGESTIVES ET DU METABOLISME,A16A,AUTRES MEDICAMENTS DES VOIES DIGESTIVES ET DU METABOLISME,A16AX,DIVERS MEDICAMENTS DES VOIES DIGESTIVES ET DU METABOLISME,A16AX08,TEDUGLUTIDE,1673.0,0.0,0.0
A,SYSTEME DIGESTIF ET METABOLISME,A16,AUTRES MEDICAMENTS DES VOIES DIGESTIVES ET DU METABOLISME,A16A,AUTRES MEDICAMENTS DES VOIES DIGESTIVES ET DU METABOLISME,A16AX,DIVERS MEDICAMENTS DES VOIES DIGESTIVES ET DU METABOLISME,A16AX12,TRIENTINE,4342.0,0.0,0.0
A,SYSTEME DIGESTIF ET METABOLISME,A16,AUTRES MEDICAMENTS DES VOIES DIGESTIVES ET DU METABOLISME,A16A,AUTRES MEDICAMENTS DES VOIES DIGESTIVES ET DU METABOLISME,A16AX,DIVERS MEDICAMENTS DES VOIES DIGESTIVES ET DU METABOLISME,A16AX14,MIGALASTAT,1438.0,0.0,0.0
A,SYSTEME DIGESTIF ET METABOLISME,A16,AUTRES MEDICAMENTS DES VOIES DIGESTIVES ET DU METABOLISME,A16A,AUTRES MEDICAMENTS DES VOIES DIGESTIVES ET DU METABOLISME,A16AX,DIVERS MEDICAMENTS DES VOIES DIGESTIVES ET DU METABOLISME,A16AX18,LUMASIRAN,54.0,0.0,0.0
B,SANG ET ORGANES HEMATOPOIETQUES,999,INCONNU,9999,Non restitué,99999,Non restitué,9999999,Non restitué,16655.0,48866.73,55424.04
B,SANG ET ORGANES HEMATOPOIETQUES,B01,ANTITHROMBOTIQUES,B01A,ANTITHROMBOTIQUES,99999,Non restitué,9999999,Non restitué,20151.0,287301.51,322686.62
B,SANG ET ORGANES HEMATOPOIETQUES,B01,ANTITHROMBOTIQUES,B01A,ANTITHROMBOTIQUES,B01AA,ANTIVITAMINES K,9999999,Non restitué,11116.0,20680.88,23065.39
B,SANG ET ORGANES HEMATOPOIETQUES,B01,ANTITHROMBOTIQUES,B01A,ANTITHROMBOTIQUES,B01AA,ANTIVITAMINES K,B01AA03,WARFARINE,417137.0,385068.14,395412.73
B,SANG ET ORGANES HEMATOPOIETQUES,B01,ANTITHROMBOTIQUES,B01A,ANTITHROMBOTIQUES,B01AA,ANTIVITAMINES K,B01AA07,ACENOCOUMAROL,9574.0,14557.41,15731.87
B,SANG ET ORGANES HEMATOPOIETQUES,B01,ANTITHROMBOTIQUES,B01A,ANTITHROMBOTIQUES,B01AA,ANTIVITAMINES K,B01AA12,FLUINDIONE,84325.0,148223.27,157180.58
B,SANG ET ORGANES HEMATOPOIETQUES,B01,ANTITHROMBOTIQUES,B01A,ANTITHROMBOTIQUES,B01AB,GROUPE DE L'HEPARINE,9999999,Non restitué,31373.0,303902.6,321977.74
B,SANG ET ORGANES HEMATOPOIETQUES,B01,ANTITHROMBOTIQUES,B01A,ANTITHROMBOTIQUES,B01AB,GROUPE DE L'HEPARINE,B01AB01,HEPARINE,178938.0,354814.57,356622.84
B,SANG ET ORGANES HEMATOPOIETQUES,B01,ANTITHROMBOTIQUES,B01A,ANTITHROMBOTIQUES,B01AB,GROUPE DE L'HEPARINE,B01AB04,DALTEPARINE,16765.0,35064.78,38000.79
B,SANG ET ORGANES HEMATOPOIETQUES,B01,ANTITHROMBOTIQUES,B01A,ANTITHROMBOTIQUES,B01AB,GROUPE DE L'HEPARINE,B01AB05,ENOXAPARINE,2710976.0,3839892.9,3620190.67
B,SANG ET ORGANES HEMATOPOIETQUES,B01,ANTITHROMBOTIQUES,B01A,ANTITHROMBOTIQUES,B01AB,GROUPE DE L'HEPARINE,B01AB06,NADROPARINE,877.0,13384.55,8531.27
B,SANG ET ORGANES HEMATOPOIETQUES,B01,ANTITHROMBOTIQUES,B01A,ANTITHROMBOTIQUES,B01AB,GROUPE DE L'HEPARINE,B01AB10,TINZAPARINE,651951.0,1270447.22,1272263.7
B,SANG ET ORGANES HEMATOPOIETQUES,B01,ANTITHROMBOTIQUES,B01A,ANTITHROMBOTIQUES,B01AC,"INHIBITEURS DE L'AGREGATION PLAQUETTAIRE, HEPARINE EXCLUE",9999999,Non restitué,12931.0,248525.23,264186.38
B,SANG ET ORGANES HEMATOPOIETQUES,B01,ANTITHROMBOTIQUES,B01A,ANTITHROMBOTIQUES,B01AC,"INHIBITEURS DE L'AGREGATION PLAQUETTAIRE, HEPARINE EXCLUE",B01AC04,CLOPIDOGREL,437538.0,1398988.44,1463585.4
B,SANG ET ORGANES HEMATOPOIETQUES,B01,ANTITHROMBOTIQUES,B01A,ANTITHROMBOTIQUES,B01AC,"INHIBITEURS DE L'AGREGATION PLAQUETTAIRE, HEPARINE EXCLUE",B01AC06,ACETYLSALICYLIQUE ACIDE,2939172.0,1681848.27,1785738.54
B,SANG ET ORGANES HEMATOPOIETQUES,B01,ANTITHROMBOTIQUES,B01A,ANTITHROMBOTIQUES,B01AC,"INHIBITEURS DE L'AGREGATION PLAQUETTAIRE, HEPARINE EXCLUE",B01AC22,PRASUGREL,27457.0,263558.72,277486.78
B,SANG ET ORGANES HEMATOPOIETQUES,B01,ANTITHROMBOTIQUES,B01A,ANTITHROMBOTIQUES,B01AC,"INHIBITEURS DE L'AGREGATION PLAQUETTAIRE, HEPARINE EXCLUE",B01AC24,TICAGRELOR,153399.0,152059.02,132749.12
B,SANG ET ORGANES HEMATOPOIETQUES,B01,ANTITHROMBOTIQUES,B01A,ANTITHROMBOTIQUES,B01AC,"INHIBITEURS DE L'AGREGATION PLAQUETTAIRE, HEPARINE EXCLUE",B01AC30,ASSOCIATIONS,182317.0,339180.05,349068.88
B,SANG ET ORGANES HEMATOPOIETQUES,B01,ANTITHROMBOTIQUES,B01A,ANTITHROMBOTIQUES,B01AE,INHIBITEURS DIRECTS DE LA THROMBINE,B01AE07,DABIGATRAN,50477.0,509801.51,538261.5
B,SANG ET ORGANES HEMATOPOIETQUES,B01,ANTITHROMBOTIQUES,B01A,ANTITHROMBOTIQUES,B01AF,INHIBITEURES DIRECTS DU FACTEUR Xa,9999999,Non restitué,3088.0,86332.26,92466.71
B,SANG ET ORGANES HEMATOPOIETQUES,B01,ANTITHROMBOTIQUES,B01A,ANTITHROMBOTIQUES,B01AF,INHIBITEURES DIRECTS DU FACTEUR Xa,B01AF01,RIVAROXABAN,595752.0,3565727.78,3601277.34
B,SANG ET ORGANES HEMATOPOIETQUES,B01,ANTITHROMBOTIQUES,B01A,ANTITHROMBOTIQUES,B01AF,INHIBITEURES DIRECTS DU FACTEUR Xa,B01AF02,APIXABAN,1431027.0,754581.55,659837.19
B,SANG ET ORGANES HEMATOPOIETQUES,B01,ANTITHROMBOTIQUES,B01A,ANTITHROMBOTIQUES,B01AX,AUTRES ANTITHROMBOTIQUES,B01AX05,FONDAPARINUX,233619.0,872813.08,813265.29
B,SANG ET ORGANES HEMATOPOIETQUES,B02,ANTIHEMMORRAGIQUES,9999,Non restitué,99999,Non restitué,9999999,Non restitué,2144.0,8416.86,9602.72
B,SANG ET ORGANES HEMATOPOIETQUES,B02,ANTIHEMMORRAGIQUES,B02A,ANTIFIBRINOLYTIQUES,B02AA,ACIDES AMINES,B02AA02,TRANEXAMIQUE ACIDE,271259.0,434790.7,517331.64
B,SANG ET ORGANES HEMATOPOIETQUES,B02,ANTIHEMMORRAGIQUES,B02B,VITAMINE K ET AUTRES HEMOSTATIQUES,99999,Non restitué,9999999,Non restitué,7056.0,10806.76,11262.519999999999
B,SANG ET ORGANES HEMATOPOIETQUES,B02,ANTIHEMMORRAGIQUES,B02B,VITAMINE K ET AUTRES HEMOSTATIQUES,B02BA,VITAMINE K,B02BA01,PHYTOMENADIONE,235340.0,282093.13,297524.48
B,SANG ET ORGANES HEMATOPOIETQUES,B02,ANTIHEMMORRAGIQUES,B02B,VITAMINE K ET AUTRES HEMOSTATIQUES,B02BX,AUTRES HEMOSTATIQUES SYSTEMIQUES,9999999,Non restitué,17946.0,3048.33,837.79
B,SANG ET ORGANES HEMATOPOIETQUES,B02,ANTIHEMMORRAGIQUES,B02B,VITAMINE K ET AUTRES HEMOSTATIQUES,B02BX,AUTRES HEMOSTATIQUES SYSTEMIQUES,B02BX04,ROMIPLOSTIME,62085.0,5359.18,5005.82
B,SANG ET ORGANES HEMATOPOIETQUES,B02,ANTIHEMMORRAGIQUES,B02B,VITAMINE K ET AUTRES HEMOSTATIQUES,B02BX,AUTRES HEMOSTATIQUES SYSTEMIQUES,B02BX05,ELTROMBOPAG,43801.0,32112.81,34369.38
B,SANG ET ORGANES HEMATOPOIETQUES,B02,ANTIHEMMORRAGIQUES,B02B,VITAMINE K ET AUTRES HEMOSTATIQUES,B02BX,AUTRES HEMOSTATIQUES SYSTEMIQUES,B02BX06,EMICIZUMAB,46930.0,0.0,0.0
B,SANG ET ORGANES HEMATOPOIETQUES,B02,ANTIHEMMORRAGIQUES,B02B,VITAMINE K ET AUTRES HEMOSTATIQUES,B02BX,AUTRES HEMOSTATIQUES SYSTEMIQUES,B02BX09,FOSTAMATINIB,503.0,0.0,0.0
B,SANG ET ORGANES HEMATOPOIETQUES,B03,PREPARATIONS ANTIANEMIQUES,9999,Non restitué,99999,Non restitué,9999999,Non restitué,9428.0,149159.11,149762.68
B,SANG ET ORGANES HEMATOPOIETQUES,B03,PREPARATIONS ANTIANEMIQUES,B03A,PREPARATIONS MARTIALES,99999,Non restitué,9999999,Non restitué,4288.0,8063.33,10511.03
B,SANG ET ORGANES HEMATOPOIETQUES,B03,PREPARATIONS ANTIANEMIQUES,B03A,PREPARATIONS MARTIALES,B03AA,"FER BIVALENT, PREPARATIONS ORALES",9999999,Non restitué,6497.0,14131.41,17816.24
B,SANG ET ORGANES HEMATOPOIETQUES,B03,PREPARATIONS ANTIANEMIQUES,B03A,PREPARATIONS MARTIALES,B03AA,"FER BIVALENT, PREPARATIONS ORALES",B03AA02,FUMARATE FERREUX,98973.0,124123.78,144018.32
B,SANG ET ORGANES HEMATOPOIETQUES,B03,PREPARATIONS ANTIANEMIQUES,B03A,PREPARATIONS MARTIALES,B03AA,"FER BIVALENT, PREPARATIONS ORALES",B03AA06,SUCCINATE FERREUX,21168.0,33912.0,36915.0
B,SANG ET ORGANES HEMATOPOIETQUES,B03,PREPARATIONS ANTIANEMIQUES,B03A,PREPARATIONS MARTIALES,B03AA,"FER BIVALENT, PREPARATIONS ORALES",B03AA07,SULFATE FERREUX,840962.0,824976.86,927160.04
B,SANG ET ORGANES HEMATOPOIETQUES,B03,PREPARATIONS ANTIANEMIQUES,B03A,PREPARATIONS MARTIALES,B03AA,"FER BIVALENT, PREPARATIONS ORALES",B03AA10,ASCORBATE FERREUX,322784.0,406618.41,453263.9
B,SANG ET ORGANES HEMATOPOIETQUES,B03,PREPARATIONS ANTIANEMIQUES,B03A,PREPARATIONS MARTIALES,B03AB,"FER TRIVALENT, PREPARATIONS ORALES",B03AB03,EDETATE DE FER SODIQUE,193673.0,217588.86,232252.67
B,SANG ET ORGANES HEMATOPOIETQUES,B03,PREPARATIONS ANTIANEMIQUES,B03B,VITAMINE B12 ET ACIDE FOLIQUE,99999,Non restitué,9999999,Non restitué,4056.0,6296.07,7795.86
B,SANG ET ORGANES HEMATOPOIETQUES,B03,PREPARATIONS ANTIANEMIQUES,B03B,VITAMINE B12 ET ACIDE FOLIQUE,B03BA,VITAMINE B12 (CYANOCOBALAMINE ET DERIVES),9999999,Non restitué,2.0,5.02,5.02
B,SANG ET ORGANES HEMATOPOIETQUES,B03,PREPARATIONS ANTIANEMIQUES,B03B,VITAMINE B12 ET ACIDE FOLIQUE,B03BA,VITAMINE B12 (CYANOCOBALAMINE ET DERIVES),B03BA01,CYANOCOBALAMINE,380373.0,382923.35,419362.07
B,SANG ET ORGANES HEMATOPOIETQUES,B03,PREPARATIONS ANTIANEMIQUES,B03B,VITAMINE B12 ET ACIDE FOLIQUE,B03BB,ACIDE FOLIQUE ET DERIVES,B03BB01,FOLIQUE ACIDE,2637954.0,1851636.07,1981789.93
B,SANG ET ORGANES HEMATOPOIETQUES,B03,PREPARATIONS ANTIANEMIQUES,B03X,AUTRES PREPARATIONS ANTIANEMIQUES,B03XA,AUTRES PREPARATIONS ANTIANEMIQUES,9999999,Non restitué,20441.0,126232.82,121039.24
B,SANG ET ORGANES HEMATOPOIETQUES,B03,PREPARATIONS ANTIANEMIQUES,B03X,AUTRES PREPARATIONS ANTIANEMIQUES,B03XA,AUTRES PREPARATIONS ANTIANEMIQUES,B03XA01,ERYTHROPOIETINE,557409.0,186634.09,181403.41999999998
B,SANG ET ORGANES HEMATOPOIETQUES,B03,PREPARATIONS ANTIANEMIQUES,B03X,AUTRES PREPARATIONS ANTIANEMIQUES,B03XA,AUTRES PREPARATIONS ANTIANEMIQUES,B03XA02,DARBEPOETINE ALFA,714048.0,374428.78,362000.62
B,SANG ET ORGANES HEMATOPOIETQUES,B03,PREPARATIONS ANTIANEMIQUES,B03X,AUTRES PREPARATIONS ANTIANEMIQUES,B03XA,AUTRES PREPARATIONS ANTIANEMIQUES,B03XA03,METHOXY POLYETHYLENE GLYCOL-EPOETINE BETA,47372.0,87299.17,86314.16
B,SANG ET ORGANES HEMATOPOIETQUES,B03,PREPARATIONS ANTIANEMIQUES,B03X,AUTRES PREPARATIONS ANTIANEMIQUES,B03XA,AUTRES PREPARATIONS ANTIANEMIQUES,B03XA05,ROXADUSTAT,8182.0,43417.3,44573.11
B,SANG ET ORGANES HEMATOPOIETQUES,B03,PREPARATIONS ANTIANEMIQUES,B03X,AUTRES PREPARATIONS ANTIANEMIQUES,B03XA,AUTRES PREPARATIONS ANTIANEMIQUES,B03XA06,LUSPATERCEPT,12663.0,0.0,0.0
B,SANG ET ORGANES HEMATOPOIETQUES,B05,SUBSTITUTS DU SANG ET SOLUTIONS DE PERFUSION,9999,Non restitué,99999,Non restitué,9999999,Non restitué,22113.0,53457.5,57976.61
B,SANG ET ORGANES HEMATOPOIETQUES,B05,SUBSTITUTS DU SANG ET SOLUTIONS DE PERFUSION,B05B,SOLUTIONS INTRAVEINEUSES,99999,Non restitué,9999999,Non restitué,24037.0,72164.59,77547.08
B,SANG ET ORGANES HEMATOPOIETQUES,B05,SUBSTITUTS DU SANG ET SOLUTIONS DE PERFUSION,B05B,SOLUTIONS INTRAVEINEUSES,B05BA,SOLUTIONS POUR NUTRITION PARENTERALE,9999999,Non restitué,10443.0,82757.9,84154.8
B,SANG ET ORGANES HEMATOPOIETQUES,B05,SUBSTITUTS DU SANG ET SOLUTIONS DE PERFUSION,B05B,SOLUTIONS INTRAVEINEUSES,B05BA,SOLUTIONS POUR NUTRITION PARENTERALE,B05BA03,HYDRATES DE CARBONE,326703.0,425550.38,457659.49
B,SANG ET ORGANES HEMATOPOIETQUES,B05,SUBSTITUTS DU SANG ET SOLUTIONS DE PERFUSION,B05B,SOLUTIONS INTRAVEINEUSES,B05BA,SOLUTIONS POUR NUTRITION PARENTERALE,B05BA10,ASSOCIATIONS,124349.0,48839.8,50198.45
B,SANG ET ORGANES HEMATOPOIETQUES,B05,SUBSTITUTS DU SANG ET SOLUTIONS DE PERFUSION,B05B,SOLUTIONS INTRAVEINEUSES,B05BB,SOLUTIONS MODIFIANT LE BILAN ELECTROLYTIQUE,9999999,Non restitué,21555.0,45662.12,48811.87
B,SANG ET ORGANES HEMATOPOIETQUES,B05,SUBSTITUTS DU SANG ET SOLUTIONS DE PERFUSION,B05B,SOLUTIONS INTRAVEINEUSES,B05BB,SOLUTIONS MODIFIANT LE BILAN ELECTROLYTIQUE,B05BB01,ELECTROLYTES,3207645.0,1609848.07,1700688.12
B,SANG ET ORGANES HEMATOPOIETQUES,B05,SUBSTITUTS DU SANG ET SOLUTIONS DE PERFUSION,B05B,SOLUTIONS INTRAVEINEUSES,B05BB,SOLUTIONS MODIFIANT LE BILAN ELECTROLYTIQUE,B05BB02,ELECTROLYTES AVEC HYDRATES DE CARBONE,176655.0,173257.86,183259.57
B,SANG ET ORGANES HEMATOPOIETQUES,B05,SUBSTITUTS DU SANG ET SOLUTIONS DE PERFUSION,B05X,ADDITIFS POUR SOLUTIONS INTRAVEINEUSES,99999,Non restitué,9999999,Non restitué,11480.0,181134.67,186474.61000000002
B,SANG ET ORGANES HEMATOPOIETQUES,B05,SUBSTITUTS DU SANG ET SOLUTIONS DE PERFUSION,B05X,ADDITIFS POUR SOLUTIONS INTRAVEINEUSES,B05X,ADDITIFS POUR SOLUTIONS INTRAVENEUSES,B05X,ELECTROLYTES,22237.0,17147.78,17182.5
B,SANG ET ORGANES HEMATOPOIETQUES,B05,SUBSTITUTS DU SANG ET SOLUTIONS DE PERFUSION,B05X,ADDITIFS POUR SOLUTIONS INTRAVEINEUSES,B05XA,SOLUTIONS D'ELECTROLYTES,9999999,Non restitué,8223.0,26537.9,29035.75
B,SANG ET ORGANES HEMATOPOIETQUES,B05,SUBSTITUTS DU SANG ET SOLUTIONS DE PERFUSION,B05X,ADDITIFS POUR SOLUTIONS INTRAVEINEUSES,B05XA,SOLUTIONS D'ELECTROLYTES,B05XA02,SODIUM BICARBONATE,1156168.0,772463.99,815049.74
B,SANG ET ORGANES HEMATOPOIETQUES,B05,SUBSTITUTS DU SANG ET SOLUTIONS DE PERFUSION,B05X,ADDITIFS POUR SOLUTIONS INTRAVEINEUSES,B05XA,SOLUTIONS D'ELECTROLYTES,B05XA03,SODIUM CHLORURE,2148681.0,2129679.68,2392540.21
B,SANG ET ORGANES HEMATOPOIETQUES,B05,SUBSTITUTS DU SANG ET SOLUTIONS DE PERFUSION,B05X,ADDITIFS POUR SOLUTIONS INTRAVEINEUSES,B05XA,SOLUTIONS D'ELECTROLYTES,B05XA05,SILICATE DE MAGNESIUM,16503.0,16960.62,17914.13
B,SANG ET ORGANES HEMATOPOIETQUES,B05,SUBSTITUTS DU SANG ET SOLUTIONS DE PERFUSION,B05X,ADDITIFS POUR SOLUTIONS INTRAVEINEUSES,B05XC,VITAMINES,B05XC,VITAMINES,80763.0,183365.54,172162.13
B,SANG ET ORGANES HEMATOPOIETQUES,B05,SUBSTITUTS DU SANG ET SOLUTIONS DE PERFUSION,B05X,ADDITIFS POUR SOLUTIONS INTRAVEINEUSES,B05XX,AUTRES ADDITIFS POUR SOLUTIONS INTRAVEINEUSES,B05XX,AUTRES ADDITIFS POUR SOLUTION INTRAVEINEUSE,60759.0,190665.25,193173.5
B,SANG ET ORGANES HEMATOPOIETQUES,B06,AUTRES MEDICAMENTS UTILISES EN HEMATOLOGIE,B06A,AUTRES MEDICAMENTS UTILISES EN HEMATOLOGIE,B06AC,AUTRES MÉDICAMENTS UTILISÉS DANS L ANGIO-DÈME HÉRÉDITAIRE,9999999,Non restitué,463.0,0.0,0.0
B,SANG ET ORGANES HEMATOPOIETQUES,B06,AUTRES MEDICAMENTS UTILISES EN HEMATOLOGIE,B06A,AUTRES MEDICAMENTS UTILISES EN HEMATOLOGIE,B06AC,AUTRES MÉDICAMENTS UTILISÉS DANS L ANGIO-DÈME HÉRÉDITAIRE,B06AC05,LANADELUMAB,4708.0,0.0,0.0
B,SANG ET ORGANES HEMATOPOIETQUES,B06,AUTRES MEDICAMENTS UTILISES EN HEMATOLOGIE,B06A,AUTRES MEDICAMENTS UTILISES EN HEMATOLOGIE,B06AC,AUTRES MÉDICAMENTS UTILISÉS DANS L ANGIO-DÈME HÉRÉDITAIRE,B06AC06,BEROTRALSTAT,334.0,0.0,0.0
C,SYSTEME CARDIO-VASCULAIRE,999,INCONNU,9999,Non restitué,99999,Non restitué,9999999,Non restitué,12182.0,86220.23,109020.32
C,SYSTEME CARDIO-VASCULAIRE,C01,MEDICAMENTS EN CARDIOLOGIE,9999,Non restitué,99999,Non restitué,9999999,Non restitué,16981.0,170127.27,195640.7
C,SYSTEME CARDIO-VASCULAIRE,C01,MEDICAMENTS EN CARDIOLOGIE,C01A,GLUCOSIDES CARDIOTONIQUES,C01AA,GLUCOSIDES DE LA DIGITALE,C01AA05,DIGOXINE,31978.0,59216.35,63354.39
C,SYSTEME CARDIO-VASCULAIRE,C01,MEDICAMENTS EN CARDIOLOGIE,C01B,"ANTIARYTHMIQUES, CLASSE I ET III",99999,Non restitué,9999999,Non restitué,10951.0,67640.51,81530.95
C,SYSTEME CARDIO-VASCULAIRE,C01,MEDICAMENTS EN CARDIOLOGIE,C01B,"ANTIARYTHMIQUES, CLASSE I ET III",C01BA,"ANTIARYTHMIQUES, CLASSE IA",9999999,Non restitué,1047.0,8100.57,8755.34
C,SYSTEME CARDIO-VASCULAIRE,C01,MEDICAMENTS EN CARDIOLOGIE,C01B,"ANTIARYTHMIQUES, CLASSE I ET III",C01BA,"ANTIARYTHMIQUES, CLASSE IA",C01BA03,DISOPYRAMIDE,2479.0,8659.4,10104.87
C,SYSTEME CARDIO-VASCULAIRE,C01,MEDICAMENTS EN CARDIOLOGIE,C01B,"ANTIARYTHMIQUES, CLASSE I ET III",C01BA,"ANTIARYTHMIQUES, CLASSE IA",C01BA13,HYDROQUINIDINE,680.0,3722.39,3644.85
C,SYSTEME CARDIO-VASCULAIRE,C01,MEDICAMENTS EN CARDIOLOGIE,C01B,"ANTIARYTHMIQUES, CLASSE I ET III",C01BB,"ANTIARYTHMIQUES, CLASSE IB",C01BB02,MEXILETINE,2683.0,0.0,0.0
C,SYSTEME CARDIO-VASCULAIRE,C01,MEDICAMENTS EN CARDIOLOGIE,C01B,"ANTIARYTHMIQUES, CLASSE I ET III",C01BC,"ANTIARYTHMIQUES, CLASSE IC",9999999,Non restitué,5165.0,17389.54,25090.61
C,SYSTEME CARDIO-VASCULAIRE,C01,MEDICAMENTS EN CARDIOLOGIE,C01B,"ANTIARYTHMIQUES, CLASSE I ET III",C01BC,"ANTIARYTHMIQUES, CLASSE IC",C01BC03,PROPAFENONE,4853.0,16182.3,20695.41
C,SYSTEME CARDIO-VASCULAIRE,C01,MEDICAMENTS EN CARDIOLOGIE,C01B,"ANTIARYTHMIQUES, CLASSE I ET III",C01BC,"ANTIARYTHMIQUES, CLASSE IC",C01BC04,FLECAINIDE,193570.0,1194327.6,1471178.77
C,SYSTEME CARDIO-VASCULAIRE,C01,MEDICAMENTS EN CARDIOLOGIE,C01B,"ANTIARYTHMIQUES, CLASSE I ET III",C01BD,"ANTIARYTHMIQUES, CLASSE III",C01BD01,AMIODARONE,346023.0,1113985.42,1168013.86
C,SYSTEME CARDIO-VASCULAIRE,C01,MEDICAMENTS EN CARDIOLOGIE,C01B,"ANTIARYTHMIQUES, CLASSE I ET III",C01BG,AUTRES ANTIARYTHMIQUES DE CLASSE I,C01BG07,CIBENZOLINE,681.0,1720.65,882.08
C,SYSTEME CARDIO-VASCULAIRE,C01,MEDICAMENTS EN CARDIOLOGIE,C01C,"STIMULANTS CARDIAQUES, GLUCOSIDES CARDIOTONIQUES EXCLUS",C01CA,ADRENERGIQUES ET DOPAMINERGIQUES,9999999,Non restitué,6596.0,95414.93,114888.99
C,SYSTEME CARDIO-VASCULAIRE,C01,MEDICAMENTS EN CARDIOLOGIE,C01C,"STIMULANTS CARDIAQUES, GLUCOSIDES CARDIOTONIQUES EXCLUS",C01CA,ADRENERGIQUES ET DOPAMINERGIQUES,C01CA17,MIDODRINE,82271.0,486775.6,495093.51
C,SYSTEME CARDIO-VASCULAIRE,C01,MEDICAMENTS EN CARDIOLOGIE,C01C,"STIMULANTS CARDIAQUES, GLUCOSIDES CARDIOTONIQUES EXCLUS",C01CA,ADRENERGIQUES ET DOPAMINERGIQUES,C01CA24,EPINEPHRINE,84224.0,1193911.35,910200.73
C,SYSTEME CARDIO-VASCULAIRE,C01,MEDICAMENTS EN CARDIOLOGIE,C01D,VASODILATATEURS EN CARDIOLOGIE,99999,Non restitué,9999999,Non restitué,4909.0,19800.83,21076.19
C,SYSTEME CARDIO-VASCULAIRE,C01,MEDICAMENTS EN CARDIOLOGIE,C01D,VASODILATATEURS EN CARDIOLOGIE,C01DA,DERIVES NITRES,9999999,Non restitué,807.0,2775.2,3025.76
C,SYSTEME CARDIO-VASCULAIRE,C01,MEDICAMENTS EN CARDIOLOGIE,C01D,VASODILATATEURS EN CARDIOLOGIE,C01DA,DERIVES NITRES,C01DA02,NITROGLYCERINE,154535.0,782909.57,829693.79
C,SYSTEME CARDIO-VASCULAIRE,C01,MEDICAMENTS EN CARDIOLOGIE,C01D,VASODILATATEURS EN CARDIOLOGIE,C01DA,DERIVES NITRES,C01DA08,ISOSORBIDE DINITRATE,1950.0,5873.18,6571.5
C,SYSTEME CARDIO-VASCULAIRE,C01,MEDICAMENTS EN CARDIOLOGIE,C01D,VASODILATATEURS EN CARDIOLOGIE,C01DX,AUTRES VASODILATATEURS EN CARDIOLOGIE,9999999,Non restitué,5195.0,18316.68,19361.89
C,SYSTEME CARDIO-VASCULAIRE,C01,MEDICAMENTS EN CARDIOLOGIE,C01D,VASODILATATEURS EN CARDIOLOGIE,C01DX,AUTRES VASODILATATEURS EN CARDIOLOGIE,C01DX12,MOLSIDOMINE,24515.0,84230.37,89245.89
C,SYSTEME CARDIO-VASCULAIRE,C01,MEDICAMENTS EN CARDIOLOGIE,C01D,VASODILATATEURS EN CARDIOLOGIE,C01DX,AUTRES VASODILATATEURS EN CARDIOLOGIE,C01DX16,NICORANDIL,48090.0,175061.68,183469.91
C,SYSTEME CARDIO-VASCULAIRE,C01,MEDICAMENTS EN CARDIOLOGIE,C01E,AUTRES MEDICAMENTS EN CARDIOLOGIE,C01EB,AUTRES MEDICAMENTS EN CARDIOLOGIE,9999999,Non restitué,1063.0,4243.8099999999995,687.14
C,SYSTEME CARDIO-VASCULAIRE,C01,MEDICAMENTS EN CARDIOLOGIE,C01E,AUTRES MEDICAMENTS EN CARDIOLOGIE,C01EB,AUTRES MEDICAMENTS EN CARDIOLOGIE,C01EB17,IVABRADINE,41485.0,511726.1,532620.15
C,SYSTEME CARDIO-VASCULAIRE,C01,MEDICAMENTS EN CARDIOLOGIE,C01E,AUTRES MEDICAMENTS EN CARDIOLOGIE,C01EB,AUTRES MEDICAMENTS EN CARDIOLOGIE,C01EB24,MAVACAMTEN,2733.0,0.0,0.0
C,SYSTEME CARDIO-VASCULAIRE,C02,ANTIHYPERTENSEURS,9999,Non restitué,99999,Non restitué,9999999,Non restitué,8076.0,45358.83,54492.45
C,SYSTEME CARDIO-VASCULAIRE,C02,ANTIHYPERTENSEURS,C02A,ADRENOLYTIQUES A ACTION CENTRALE,99999,Non restitué,9999999,Non restitué,4444.0,14219.65,17549.89
C,SYSTEME CARDIO-VASCULAIRE,C02,ANTIHYPERTENSEURS,C02A,ADRENOLYTIQUES A ACTION CENTRALE,C02AB,MEthyldopa,C02AB02,METHYLDOPA (RACEMIQUE),14873.0,44992.62,53577.09
C,SYSTEME CARDIO-VASCULAIRE,C02,ANTIHYPERTENSEURS,C02A,ADRENOLYTIQUES A ACTION CENTRALE,C02AC,AGONISTES DES RECEPTEURS A L'IMIDAZOLINE,9999999,Non restitué,8025.0,37069.840000000004,43050.66
C,SYSTEME CARDIO-VASCULAIRE,C02,ANTIHYPERTENSEURS,C02A,ADRENOLYTIQUES A ACTION CENTRALE,C02AC,AGONISTES DES RECEPTEURS A L'IMIDAZOLINE,C02AC01,CLONIDINE,12060.0,30077.32,33922.840000000004
C,SYSTEME CARDIO-VASCULAIRE,C02,ANTIHYPERTENSEURS,C02A,ADRENOLYTIQUES A ACTION CENTRALE,C02AC,AGONISTES DES RECEPTEURS A L'IMIDAZOLINE,C02AC05,MOXONIDINE,5581.0,34335.77,36709.93
C,SYSTEME CARDIO-VASCULAIRE,C02,ANTIHYPERTENSEURS,C02A,ADRENOLYTIQUES A ACTION CENTRALE,C02AC,AGONISTES DES RECEPTEURS A L'IMIDAZOLINE,C02AC06,RILMENIDINE,143806.0,981725.1,1104858.03
C,SYSTEME CARDIO-VASCULAIRE,C02,ANTIHYPERTENSEURS,C02C,ADRENOLYTIQUES À ACTION PERIPHERIQUE,C02CA,ALPHA-BLOQUANTS,9999999,Non restitué,8904.0,64937.59,80336.79
C,SYSTEME CARDIO-VASCULAIRE,C02,ANTIHYPERTENSEURS,C02C,ADRENOLYTIQUES À ACTION PERIPHERIQUE,C02CA,ALPHA-BLOQUANTS,C02CA01,PRAZOSINE,42898.0,308378.92,327541.82
C,SYSTEME CARDIO-VASCULAIRE,C02,ANTIHYPERTENSEURS,C02C,ADRENOLYTIQUES À ACTION PERIPHERIQUE,C02CA,ALPHA-BLOQUANTS,C02CA04,DOXAZOSINE,28261.0,78517.72,125978.55
C,SYSTEME CARDIO-VASCULAIRE,C02,ANTIHYPERTENSEURS,C02C,ADRENOLYTIQUES À ACTION PERIPHERIQUE,C02CA,ALPHA-BLOQUANTS,C02CA06,URAPIDIL,494341.0,1396966.12,1469173.05
C,SYSTEME CARDIO-VASCULAIRE,C02,ANTIHYPERTENSEURS,C02D,MEDICAMENTS AGISSANT SUR LE MUSCLE LISSE ARTERIOLAIRE,C02DC,DERIVES DE LA PYRIMIDINE,C02DC01,MINOXIDIL,2193.0,14764.31,16313.86
C,SYSTEME CARDIO-VASCULAIRE,C03,DIURETIQUES,9999,Non restitué,99999,Non restitué,9999999,Non restitué,17285.0,91936.37,104146.17
C,SYSTEME CARDIO-VASCULAIRE,C03,DIURETIQUES,C03A,"DIURETIQUES ""LOW-CEILING"", THIAZIDIQUES",C03AA,THIAZIDIQUES NON ASSOCIES,C03AA03,HYDROCHLOROTHIAZIDE,187597.0,280914.76,322232.49
C,SYSTEME CARDIO-VASCULAIRE,C03,DIURETIQUES,C03B,"DIURETIQUES ""LOW-CEILING"", THIAZIDIQUES EXCLUS",99999,Non restitué,9999999,Non restitué,1957.0,17283.02,20913.88
C,SYSTEME CARDIO-VASCULAIRE,C03,DIURETIQUES,C03B,"DIURETIQUES ""LOW-CEILING"", THIAZIDIQUES EXCLUS",C03BA,SULFAMIDES NON ASSOCIES,C03BA11,INDAPAMIDE,69171.0,385944.12,442835.92
C,SYSTEME CARDIO-VASCULAIRE,C03,DIURETIQUES,C03B,"DIURETIQUES ""LOW-CEILING"", THIAZIDIQUES EXCLUS",C03BX,"AUTRES DIURETIQUES ""LOW-CEILING""",C03BX03,CICLETANINE,96.0,900.12,979.14
C,SYSTEME CARDIO-VASCULAIRE,C03,DIURETIQUES,C03C,DIURETIQUES DE L'ANSE,C03CA,SULFAMIDES NON ASSOCIES,9999999,Non restitué,5445.0,40179.76,42360.66
C,SYSTEME CARDIO-VASCULAIRE,C03,DIURETIQUES,C03C,DIURETIQUES DE L'ANSE,C03CA,SULFAMIDES NON ASSOCIES,C03CA01,FUROSEMIDE,1817035.0,2467522.17,2582045.03
C,SYSTEME CARDIO-VASCULAIRE,C03,DIURETIQUES,C03C,DIURETIQUES DE L'ANSE,C03CA,SULFAMIDES NON ASSOCIES,C03CA02,BUMETANIDE,16936.0,72560.76,72395.39
C,SYSTEME CARDIO-VASCULAIRE,C03,DIURETIQUES,C03D,DIURETIQUES EPARGNEURS POTASSIQUES,99999,Non restitué,9999999,Non restitué,4837.0,9541.88,10999.23
C,SYSTEME CARDIO-VASCULAIRE,C03,DIURETIQUES,C03D,DIURETIQUES EPARGNEURS POTASSIQUES,C03DA,ANTAGONISTES DE L'ALDOSTERONE,9999999,Non restitué,3583.0,53864.55,57997.48
C,SYSTEME CARDIO-VASCULAIRE,C03,DIURETIQUES,C03D,DIURETIQUES EPARGNEURS POTASSIQUES,C03DA,ANTAGONISTES DE L'ALDOSTERONE,C03DA01,SPIRONOLACTONE,451159.0,1646435.35,1831314.57
C,SYSTEME CARDIO-VASCULAIRE,C03,DIURETIQUES,C03D,DIURETIQUES EPARGNEURS POTASSIQUES,C03DA,ANTAGONISTES DE L'ALDOSTERONE,C03DA04,EPLERENONE,154362.0,1465146.41,1486792.08
C,SYSTEME CARDIO-VASCULAIRE,C03,DIURETIQUES,C03D,DIURETIQUES EPARGNEURS POTASSIQUES,C03DB,AUTRES DIURETIQUES EPARGNEURS POTASSIQUES,C03DB01,AMILORIDE,19778.0,34095.14,36238.94
C,SYSTEME CARDIO-VASCULAIRE,C03,DIURETIQUES,C03E,DIURETIQUES ET EPARGNEURS POTASSIQUES EN ASSOCIATION,99999,Non restitué,9999999,Non restitué,719.0,3265.21,3651.52
C,SYSTEME CARDIO-VASCULAIRE,C03,DIURETIQUES,C03E,DIURETIQUES ET EPARGNEURS POTASSIQUES EN ASSOCIATION,C03EA,"DIURETIQUES ""LOW-CEILING"" ET EPARGNEURS POTASSIQUES",9999999,Non restitué,3144.0,8948.09,10762.18
C,SYSTEME CARDIO-VASCULAIRE,C03,DIURETIQUES,C03E,DIURETIQUES ET EPARGNEURS POTASSIQUES EN ASSOCIATION,C03EA,"DIURETIQUES ""LOW-CEILING"" ET EPARGNEURS POTASSIQUES",C03EA01,HYDROCHLOROTHIAZIDE ET EPARGNEURS POTASSIQUES,7343.0,19935.49,23637.11
C,SYSTEME CARDIO-VASCULAIRE,C03,DIURETIQUES,C03E,DIURETIQUES ET EPARGNEURS POTASSIQUES EN ASSOCIATION,C03EA,"DIURETIQUES ""LOW-CEILING"" ET EPARGNEURS POTASSIQUES",C03EA04,ALTIZIDE ET EPARGNEURS POTASSIQUES,32002.0,108109.32,125957.57
C,SYSTEME CARDIO-VASCULAIRE,C03,DIURETIQUES,C03E,DIURETIQUES ET EPARGNEURS POTASSIQUES EN ASSOCIATION,C03EB,DIURETIQUES DE L'ANSE ET EPARGNEURS POTASSIQUES,C03EB01,FUROSEMIDE ET EPARGNEURS POTASSIQUES,118.0,541.01,607.7
C,SYSTEME CARDIO-VASCULAIRE,C03,DIURETIQUES,C03X,AUTRES DIURETIQUES,C03XA,ANTAGONISTES DE LA VASOPRESSINE,9999999,Non restitué,575.0,9551.03,11066.68
C,SYSTEME CARDIO-VASCULAIRE,C03,DIURETIQUES,C03X,AUTRES DIURETIQUES,C03XA,ANTAGONISTES DE LA VASOPRESSINE,C03XA,ANTAGONISTE DE VASOPRESSINE,26.0,0.0,0.0
C,SYSTEME CARDIO-VASCULAIRE,C03,DIURETIQUES,C03X,AUTRES DIURETIQUES,C03XA,ANTAGONISTES DE LA VASOPRESSINE,C03XA01,TOLVAPTAN,8159.0,3858.54,3858.54
C,SYSTEME CARDIO-VASCULAIRE,C05,VASCULOPROTECTEURS,9999,Non restitué,99999,Non restitué,9999999,Non restitué,754.0,20685.62,14294.980000000001
C,SYSTEME CARDIO-VASCULAIRE,C05,VASCULOPROTECTEURS,C05A,MEDICAMENTS POUR LE TRAITEMENT DES HEMORROIDES ET DES FISSURES ANALES A USAGE TOPIQUE,C05AX,AUTRES MEDICAMENTS POUR LE TRAITEMENT DES HEMORROIDES ET DES FISSURES ANALES A USAGE TOPIQUE,C05AX03,AUTRES PREPARATIONS EN ASSOCIATION,9678.0,24086.58,75195.25
C,SYSTEME CARDIO-VASCULAIRE,C05,VASCULOPROTECTEURS,C05B,THERAPEUTIQUE ANTIVARIQUEUSE,C05BA,HEPARINES OU HEPARINOIDES A USAGE TOPIQUE,C05BA04,PENTOSANE POLYSULFATE SODIQUE,535.0,1855.5900000000001,515.44
C,SYSTEME CARDIO-VASCULAIRE,C07,BETABLOQUANTS,9999,Non restitué,99999,Non restitué,9999999,Non restitué,8183.0,96511.43,116917.54
C,SYSTEME CARDIO-VASCULAIRE,C07,BETABLOQUANTS,C07A,BETABLOQUANTS,99999,Non restitué,9999999,Non restitué,8988.0,30834.41,35821.83
C,SYSTEME CARDIO-VASCULAIRE,C07,BETABLOQUANTS,C07A,BETABLOQUANTS,C07AA,"BETABLOQUANTS, NON SELECTIFS",9999999,Non restitué,11367.0,57789.15,65490.36
C,SYSTEME CARDIO-VASCULAIRE,C07,BETABLOQUANTS,C07A,BETABLOQUANTS,C07AA,"BETABLOQUANTS, NON SELECTIFS",C07AA03,PINDOLOL,113.0,796.79,878.67
C,SYSTEME CARDIO-VASCULAIRE,C07,BETABLOQUANTS,C07A,BETABLOQUANTS,C07AA,"BETABLOQUANTS, NON SELECTIFS",C07AA05,PROPRANOLOL,342199.0,721852.8,830521.31
C,SYSTEME CARDIO-VASCULAIRE,C07,BETABLOQUANTS,C07A,BETABLOQUANTS,C07AA,"BETABLOQUANTS, NON SELECTIFS",C07AA07,SOTALOL,143921.0,285232.56,307080.97
C,SYSTEME CARDIO-VASCULAIRE,C07,BETABLOQUANTS,C07A,BETABLOQUANTS,C07AA,"BETABLOQUANTS, NON SELECTIFS",C07AA12,NADOLOL,26183.0,97293.54,100847.6
C,SYSTEME CARDIO-VASCULAIRE,C07,BETABLOQUANTS,C07A,BETABLOQUANTS,C07AB,"BETABLOQUANTS, SELECTIFS",9999999,Non restitué,24557.0,119230.34,138700.34
C,SYSTEME CARDIO-VASCULAIRE,C07,BETABLOQUANTS,C07A,BETABLOQUANTS,C07AB,"BETABLOQUANTS, SELECTIFS",C07AB02,METOPROLOL,60199.0,186644.57,216905.72
C,SYSTEME CARDIO-VASCULAIRE,C07,BETABLOQUANTS,C07A,BETABLOQUANTS,C07AB,"BETABLOQUANTS, SELECTIFS",C07AB03,ATENOLOL,198650.0,824818.54,898118.96
C,SYSTEME CARDIO-VASCULAIRE,C07,BETABLOQUANTS,C07A,BETABLOQUANTS,C07AB,"BETABLOQUANTS, SELECTIFS",C07AB04,ACEBUTOLOL,81944.0,437781.25,472243.86
C,SYSTEME CARDIO-VASCULAIRE,C07,BETABLOQUANTS,C07A,BETABLOQUANTS,C07AB,"BETABLOQUANTS, SELECTIFS",C07AB05,BETAXOLOL,7744.0,47833.24,52502.67
C,SYSTEME CARDIO-VASCULAIRE,C07,BETABLOQUANTS,C07A,BETABLOQUANTS,C07AB,"BETABLOQUANTS, SELECTIFS",C07AB07,BISOPROLOL,2124778.0,6193369.54,6567171.68
C,SYSTEME CARDIO-VASCULAIRE,C07,BETABLOQUANTS,C07A,BETABLOQUANTS,C07AB,"BETABLOQUANTS, SELECTIFS",C07AB08,CELIPROLOL,21628.0,143176.55,159861.91
C,SYSTEME CARDIO-VASCULAIRE,C07,BETABLOQUANTS,C07A,BETABLOQUANTS,C07AB,"BETABLOQUANTS, SELECTIFS",C07AB12,NEBIVOLOL,290962.0,1373553.4,1501992.4
C,SYSTEME CARDIO-VASCULAIRE,C07,BETABLOQUANTS,C07A,BETABLOQUANTS,C07AG,ALPHA ET BETA BLOQUANTS,9999999,Non restitué,4000.0,17950.19,20645.02
C,SYSTEME CARDIO-VASCULAIRE,C07,BETABLOQUANTS,C07A,BETABLOQUANTS,C07AG,ALPHA ET BETA BLOQUANTS,C07AG01,LABETALOL,46914.0,135317.98,149256.5
C,SYSTEME CARDIO-VASCULAIRE,C07,BETABLOQUANTS,C07A,BETABLOQUANTS,C07AG,ALPHA ET BETA BLOQUANTS,C07AG02,CARVEDILOL,143015.0,482337.86,510702.72
C,SYSTEME CARDIO-VASCULAIRE,C07,BETABLOQUANTS,C07B,BETABLOQUANTS ET THIAZIDIQUES,C07BB,BETABLOQUANTS SELECTIFS ET THIAZIDIQUES,9999999,Non restitué,5559.0,35008.47,43143.21
C,SYSTEME CARDIO-VASCULAIRE,C07,BETABLOQUANTS,C07B,BETABLOQUANTS ET THIAZIDIQUES,C07BB,BETABLOQUANTS SELECTIFS ET THIAZIDIQUES,C07BB03,ATENOLOL ET THIAZIDIQUES,1127.0,9160.43,10606.25
C,SYSTEME CARDIO-VASCULAIRE,C07,BETABLOQUANTS,C07B,BETABLOQUANTS ET THIAZIDIQUES,C07BB,BETABLOQUANTS SELECTIFS ET THIAZIDIQUES,C07BB07,BISOPROLOL ET THIAZIDIQUES,32707.0,194705.33,226804.73
C,SYSTEME CARDIO-VASCULAIRE,C07,BETABLOQUANTS,C07B,BETABLOQUANTS ET THIAZIDIQUES,C07BB,BETABLOQUANTS SELECTIFS ET THIAZIDIQUES,C07BB12,NEBIVOLOL ET THIAZIDIQUES,24139.0,149803.76,176820.18
C,SYSTEME CARDIO-VASCULAIRE,C07,BETABLOQUANTS,C07F,BETABLOQUANTS ET AUTRES ANTIHYPERTENSEURS,C07FB,BETABLOQUANTS SELECTIFS ET AUTRES ANTIHYPERTENSEURS,9999999,Non restitué,247.0,2662.5,3254.78
C,SYSTEME CARDIO-VASCULAIRE,C07,BETABLOQUANTS,C07F,BETABLOQUANTS ET AUTRES ANTIHYPERTENSEURS,C07FB,BETABLOQUANTS SELECTIFS ET AUTRES ANTIHYPERTENSEURS,C07FB02,METOPROLOL ET AUTRES ANTIHYPERTENSEURS,8551.0,129522.59,128165.62
C,SYSTEME CARDIO-VASCULAIRE,C08,INHIBITEURS CALCIQUES,9999,Non restitué,99999,Non restitué,9999999,Non restitué,7384.0,53811.73,64562.73
C,SYSTEME CARDIO-VASCULAIRE,C08,INHIBITEURS CALCIQUES,C08C,INHIBITEURS CALCIQUES SELECTIFS A EFFETS VASCULAIRES,C08CA,DERIVES DE LA DIHYDROPYRIDINE,9999999,Non restitué,20819.0,180172.46,212648.68
C,SYSTEME CARDIO-VASCULAIRE,C08,INHIBITEURS CALCIQUES,C08C,INHIBITEURS CALCIQUES SELECTIFS A EFFETS VASCULAIRES,C08CA,DERIVES DE LA DIHYDROPYRIDINE,C08CA01,AMLODIPINE,856141.0,3181409.24,3482515.91
C,SYSTEME CARDIO-VASCULAIRE,C08,INHIBITEURS CALCIQUES,C08C,INHIBITEURS CALCIQUES SELECTIFS A EFFETS VASCULAIRES,C08CA,DERIVES DE LA DIHYDROPYRIDINE,C08CA02,FELODIPINE,9186.0,43055.84,46959.08
C,SYSTEME CARDIO-VASCULAIRE,C08,INHIBITEURS CALCIQUES,C08C,INHIBITEURS CALCIQUES SELECTIFS A EFFETS VASCULAIRES,C08CA,DERIVES DE LA DIHYDROPYRIDINE,C08CA03,ISRADIPINE,18288.0,102934.18,106393.58
C,SYSTEME CARDIO-VASCULAIRE,C08,INHIBITEURS CALCIQUES,C08C,INHIBITEURS CALCIQUES SELECTIFS A EFFETS VASCULAIRES,C08CA,DERIVES DE LA DIHYDROPYRIDINE,C08CA04,NICARDIPINE,225082.0,854531.04,932413.35
C,SYSTEME CARDIO-VASCULAIRE,C08,INHIBITEURS CALCIQUES,C08C,INHIBITEURS CALCIQUES SELECTIFS A EFFETS VASCULAIRES,C08CA,DERIVES DE LA DIHYDROPYRIDINE,C08CA05,NIFEDIPINE,13899.0,85939.39,90839.85
C,SYSTEME CARDIO-VASCULAIRE,C08,INHIBITEURS CALCIQUES,C08C,INHIBITEURS CALCIQUES SELECTIFS A EFFETS VASCULAIRES,C08CA,DERIVES DE LA DIHYDROPYRIDINE,C08CA06,NIMODIPINE,2421.0,27395.68,23059.35
C,SYSTEME CARDIO-VASCULAIRE,C08,INHIBITEURS CALCIQUES,C08C,INHIBITEURS CALCIQUES SELECTIFS A EFFETS VASCULAIRES,C08CA,DERIVES DE LA DIHYDROPYRIDINE,C08CA08,NITRENDIPINE,1187.0,6589.32,5870.87
C,SYSTEME CARDIO-VASCULAIRE,C08,INHIBITEURS CALCIQUES,C08C,INHIBITEURS CALCIQUES SELECTIFS A EFFETS VASCULAIRES,C08CA,DERIVES DE LA DIHYDROPYRIDINE,C08CA11,MANIDIPINE,16708.0,105808.25,115953.43
C,SYSTEME CARDIO-VASCULAIRE,C08,INHIBITEURS CALCIQUES,C08C,INHIBITEURS CALCIQUES SELECTIFS A EFFETS VASCULAIRES,C08CA,DERIVES DE LA DIHYDROPYRIDINE,C08CA13,LERCANIDIPINE,416002.0,2298367.84,2522832.65
C,SYSTEME CARDIO-VASCULAIRE,C08,INHIBITEURS CALCIQUES,C08D,INHIBITEURS CALCIQUES SELECTIFS A EFFETS CARDIAQUES DIRECTS,99999,Non restitué,9999999,Non restitué,5459.0,25174.55,28885.38
C,SYSTEME CARDIO-VASCULAIRE,C08,INHIBITEURS CALCIQUES,C08D,INHIBITEURS CALCIQUES SELECTIFS A EFFETS CARDIAQUES DIRECTS,C08DA,DERIVES DE LA PHENYLALKYLAMINE,C08DA01,VERAPAMIL,137839.0,596706.8,676155.32
C,SYSTEME CARDIO-VASCULAIRE,C08,INHIBITEURS CALCIQUES,C08D,INHIBITEURS CALCIQUES SELECTIFS A EFFETS CARDIAQUES DIRECTS,C08DB,DERIVES DE LA BENZOTHIAZEPINE,C08DB01,DILTIAZEM,83214.0,356925.74,388455.08
C,SYSTEME CARDIO-VASCULAIRE,C08,INHIBITEURS CALCIQUES,C08G,INHIBITEURS CALCIQUES ET DIURETIQUES,C08GA,INHIBITEUR CALCIQUE ET DIURETIQUE,C08GA02,AMLODIPINE ET DIURETIQUES,15371.0,159399.65,186625.94
C,SYSTEME CARDIO-VASCULAIRE,C09,MEDICAMENTS AGISSANT SUR LE SYSTEME RENINE-ANGIOTENSINE,9999,Non restitué,99999,Non restitué,9999999,Non restitué,6263.0,66716.5,77024.65
C,SYSTEME CARDIO-VASCULAIRE,C09,MEDICAMENTS AGISSANT SUR LE SYSTEME RENINE-ANGIOTENSINE,C09A,INHIBITEURS DE L'ENZYME DE CONVERSION (IEC) NON ASSOCIES,C09AA,INHIBITEURS DE L'ENZYME DE CONVERSION (IEC) NON ASSOCIES,9999999,Non restitué,24309.0,102686.3,119889.52
C,SYSTEME CARDIO-VASCULAIRE,C09,MEDICAMENTS AGISSANT SUR LE SYSTEME RENINE-ANGIOTENSINE,C09A,INHIBITEURS DE L'ENZYME DE CONVERSION (IEC) NON ASSOCIES,C09AA,INHIBITEURS DE L'ENZYME DE CONVERSION (IEC) NON ASSOCIES,C09AA01,CAPTOPRIL,3502.0,13462.11,14848.34
C,SYSTEME CARDIO-VASCULAIRE,C09,MEDICAMENTS AGISSANT SUR LE SYSTEME RENINE-ANGIOTENSINE,C09A,INHIBITEURS DE L'ENZYME DE CONVERSION (IEC) NON ASSOCIES,C09AA,INHIBITEURS DE L'ENZYME DE CONVERSION (IEC) NON ASSOCIES,C09AA02,ENALAPRIL,80350.0,282127.48,317094.19
C,SYSTEME CARDIO-VASCULAIRE,C09,MEDICAMENTS AGISSANT SUR LE SYSTEME RENINE-ANGIOTENSINE,C09A,INHIBITEURS DE L'ENZYME DE CONVERSION (IEC) NON ASSOCIES,C09AA,INHIBITEURS DE L'ENZYME DE CONVERSION (IEC) NON ASSOCIES,C09AA03,LISINOPRIL,14156.0,58902.36,65961.46
C,SYSTEME CARDIO-VASCULAIRE,C09,MEDICAMENTS AGISSANT SUR LE SYSTEME RENINE-ANGIOTENSINE,C09A,INHIBITEURS DE L'ENZYME DE CONVERSION (IEC) NON ASSOCIES,C09AA,INHIBITEURS DE L'ENZYME DE CONVERSION (IEC) NON ASSOCIES,C09AA04,PERINDOPRIL,426184.0,1911819.56,2097985.85
C,SYSTEME CARDIO-VASCULAIRE,C09,MEDICAMENTS AGISSANT SUR LE SYSTEME RENINE-ANGIOTENSINE,C09A,INHIBITEURS DE L'ENZYME DE CONVERSION (IEC) NON ASSOCIES,C09AA,INHIBITEURS DE L'ENZYME DE CONVERSION (IEC) NON ASSOCIES,C09AA05,RAMIPRIL,854245.0,3567939.49,3820960.46
C,SYSTEME CARDIO-VASCULAIRE,C09,MEDICAMENTS AGISSANT SUR LE SYSTEME RENINE-ANGIOTENSINE,C09A,INHIBITEURS DE L'ENZYME DE CONVERSION (IEC) NON ASSOCIES,C09AA,INHIBITEURS DE L'ENZYME DE CONVERSION (IEC) NON ASSOCIES,C09AA07,BENAZEPRIL,199.0,960.17,1028.7
C,SYSTEME CARDIO-VASCULAIRE,C09,MEDICAMENTS AGISSANT SUR LE SYSTEME RENINE-ANGIOTENSINE,C09A,INHIBITEURS DE L'ENZYME DE CONVERSION (IEC) NON ASSOCIES,C09AA,INHIBITEURS DE L'ENZYME DE CONVERSION (IEC) NON ASSOCIES,C09AA09,FOSINOPRIL,718.0,3670.22,3991.52
C,SYSTEME CARDIO-VASCULAIRE,C09,MEDICAMENTS AGISSANT SUR LE SYSTEME RENINE-ANGIOTENSINE,C09A,INHIBITEURS DE L'ENZYME DE CONVERSION (IEC) NON ASSOCIES,C09AA,INHIBITEURS DE L'ENZYME DE CONVERSION (IEC) NON ASSOCIES,C09AA10,TRANDOLAPRIL,11427.0,47980.62,51468.82
C,SYSTEME CARDIO-VASCULAIRE,C09,MEDICAMENTS AGISSANT SUR LE SYSTEME RENINE-ANGIOTENSINE,C09A,INHIBITEURS DE L'ENZYME DE CONVERSION (IEC) NON ASSOCIES,C09AA,INHIBITEURS DE L'ENZYME DE CONVERSION (IEC) NON ASSOCIES,C09AA15,ZOFENOPRIL,369.0,2817.46,3248.62
C,SYSTEME CARDIO-VASCULAIRE,C09,MEDICAMENTS AGISSANT SUR LE SYSTEME RENINE-ANGIOTENSINE,C09B,INHIBITEURS DE L'ENZYME DE CONVERSION (IEC) EN ASSOCIATION,99999,Non restitué,9999999,Non restitué,6775.0,51176.53,61417.38
C,SYSTEME CARDIO-VASCULAIRE,C09,MEDICAMENTS AGISSANT SUR LE SYSTEME RENINE-ANGIOTENSINE,C09B,INHIBITEURS DE L'ENZYME DE CONVERSION (IEC) EN ASSOCIATION,C09BA,INHIBITEURS DE L'ENZYME DE CONVERSION (IEC) ET DIURETIQUES,9999999,Non restitué,14770.0,74097.54,87952.0
C,SYSTEME CARDIO-VASCULAIRE,C09,MEDICAMENTS AGISSANT SUR LE SYSTEME RENINE-ANGIOTENSINE,C09B,INHIBITEURS DE L'ENZYME DE CONVERSION (IEC) EN ASSOCIATION,C09BA,INHIBITEURS DE L'ENZYME DE CONVERSION (IEC) ET DIURETIQUES,C09BA01,CAPTOPRIL ET DIURETIQUES,54.0,283.14,321.09999999999997
C,SYSTEME CARDIO-VASCULAIRE,C09,MEDICAMENTS AGISSANT SUR LE SYSTEME RENINE-ANGIOTENSINE,C09B,INHIBITEURS DE L'ENZYME DE CONVERSION (IEC) EN ASSOCIATION,C09BA,INHIBITEURS DE L'ENZYME DE CONVERSION (IEC) ET DIURETIQUES,C09BA02,ENALAPRIL ET DIURETIQUES,11378.0,59997.42,68186.29
C,SYSTEME CARDIO-VASCULAIRE,C09,MEDICAMENTS AGISSANT SUR LE SYSTEME RENINE-ANGIOTENSINE,C09B,INHIBITEURS DE L'ENZYME DE CONVERSION (IEC) EN ASSOCIATION,C09BA,INHIBITEURS DE L'ENZYME DE CONVERSION (IEC) ET DIURETIQUES,C09BA03,LISINOPRIL ET DIURETIQUES,3195.0,17130.72,19747.29
C,SYSTEME CARDIO-VASCULAIRE,C09,MEDICAMENTS AGISSANT SUR LE SYSTEME RENINE-ANGIOTENSINE,C09B,INHIBITEURS DE L'ENZYME DE CONVERSION (IEC) EN ASSOCIATION,C09BA,INHIBITEURS DE L'ENZYME DE CONVERSION (IEC) ET DIURETIQUES,C09BA04,PERINDOPRIL ET DIURETIQUES,107590.0,714999.01,815739.21
C,SYSTEME CARDIO-VASCULAIRE,C09,MEDICAMENTS AGISSANT SUR LE SYSTEME RENINE-ANGIOTENSINE,C09B,INHIBITEURS DE L'ENZYME DE CONVERSION (IEC) EN ASSOCIATION,C09BA,INHIBITEURS DE L'ENZYME DE CONVERSION (IEC) ET DIURETIQUES,C09BA05,RAMIPRIL ET DIURETIQUES,40761.0,195936.77,221778.11
C,SYSTEME CARDIO-VASCULAIRE,C09,MEDICAMENTS AGISSANT SUR LE SYSTEME RENINE-ANGIOTENSINE,C09B,INHIBITEURS DE L'ENZYME DE CONVERSION (IEC) EN ASSOCIATION,C09BA,INHIBITEURS DE L'ENZYME DE CONVERSION (IEC) ET DIURETIQUES,C09BA07,BENAZEPRIL ET DIURETIQUES,57.0,246.79,255.70999999999998
C,SYSTEME CARDIO-VASCULAIRE,C09,MEDICAMENTS AGISSANT SUR LE SYSTEME RENINE-ANGIOTENSINE,C09B,INHIBITEURS DE L'ENZYME DE CONVERSION (IEC) EN ASSOCIATION,C09BA,INHIBITEURS DE L'ENZYME DE CONVERSION (IEC) ET DIURETIQUES,C09BA09,FOSINOPRIL ET DIURETIQUES,112.0,718.9799999999999,883.09
C,SYSTEME CARDIO-VASCULAIRE,C09,MEDICAMENTS AGISSANT SUR LE SYSTEME RENINE-ANGIOTENSINE,C09B,INHIBITEURS DE L'ENZYME DE CONVERSION (IEC) EN ASSOCIATION,C09BB,INHIBITEURS DE L'ENZYME DE CONVERSION (IEC) ET INHIBITEURS CALCIQUES,9999999,Non restitué,10653.0,95413.42,116450.76
C,SYSTEME CARDIO-VASCULAIRE,C09,MEDICAMENTS AGISSANT SUR LE SYSTEME RENINE-ANGIOTENSINE,C09B,INHIBITEURS DE L'ENZYME DE CONVERSION (IEC) EN ASSOCIATION,C09BB,INHIBITEURS DE L'ENZYME DE CONVERSION (IEC) ET INHIBITEURS CALCIQUES,C09BB02,ENALAPRIL ET LERCANIDIPINE,34579.0,288526.17,323407.93
C,SYSTEME CARDIO-VASCULAIRE,C09,MEDICAMENTS AGISSANT SUR LE SYSTEME RENINE-ANGIOTENSINE,C09B,INHIBITEURS DE L'ENZYME DE CONVERSION (IEC) EN ASSOCIATION,C09BB,INHIBITEURS DE L'ENZYME DE CONVERSION (IEC) ET INHIBITEURS CALCIQUES,C09BB04,PERINDOPRIL ET AMLODIPINE,230686.0,1824652.29,2001635.12
C,SYSTEME CARDIO-VASCULAIRE,C09,MEDICAMENTS AGISSANT SUR LE SYSTEME RENINE-ANGIOTENSINE,C09B,INHIBITEURS DE L'ENZYME DE CONVERSION (IEC) EN ASSOCIATION,C09BB,INHIBITEURS DE L'ENZYME DE CONVERSION (IEC) ET INHIBITEURS CALCIQUES,C09BB07,RAMIPRIL + AMLODIPINE,14001.0,83170.86,93899.52
C,SYSTEME CARDIO-VASCULAIRE,C09,MEDICAMENTS AGISSANT SUR LE SYSTEME RENINE-ANGIOTENSINE,C09B,INHIBITEURS DE L'ENZYME DE CONVERSION (IEC) EN ASSOCIATION,C09BB,INHIBITEURS DE L'ENZYME DE CONVERSION (IEC) ET INHIBITEURS CALCIQUES,C09BB10,TRANDOLAPRIL ET VERAPAMIL,9671.0,107114.83,125605.69
C,SYSTEME CARDIO-VASCULAIRE,C09,MEDICAMENTS AGISSANT SUR LE SYSTEME RENINE-ANGIOTENSINE,C09B,INHIBITEURS DE L'ENZYME DE CONVERSION (IEC) EN ASSOCIATION,C09BX,"INHIBITEURS DE L'ENZYME DE CONVERSION, AUTRES ASSOCIATIONS",C09BX02,PERINDOPRIL ET BISOPROLOL,71424.0,453000.11,482165.45
C,SYSTEME CARDIO-VASCULAIRE,C09,MEDICAMENTS AGISSANT SUR LE SYSTEME RENINE-ANGIOTENSINE,C09C,"ANTAGONISTES DE L'ANGIOTENSINE II, NON ASSOCIES",C09CA,ANTAGONISTES DE L'ANGIOTENSINE II NON ASSOCIES,9999999,Non restitué,14416.0,68000.49,82085.92
C,SYSTEME CARDIO-VASCULAIRE,C09,MEDICAMENTS AGISSANT SUR LE SYSTEME RENINE-ANGIOTENSINE,C09C,"ANTAGONISTES DE L'ANGIOTENSINE II, NON ASSOCIES",C09CA,ANTAGONISTES DE L'ANGIOTENSINE II NON ASSOCIES,C09CA01,LOSARTAN,47331.0,243979.94,274232.11
C,SYSTEME CARDIO-VASCULAIRE,C09,MEDICAMENTS AGISSANT SUR LE SYSTEME RENINE-ANGIOTENSINE,C09C,"ANTAGONISTES DE L'ANGIOTENSINE II, NON ASSOCIES",C09CA,ANTAGONISTES DE L'ANGIOTENSINE II NON ASSOCIES,C09CA03,VALSARTAN,150526.0,742303.41,823780.62
C,SYSTEME CARDIO-VASCULAIRE,C09,MEDICAMENTS AGISSANT SUR LE SYSTEME RENINE-ANGIOTENSINE,C09C,"ANTAGONISTES DE L'ANGIOTENSINE II, NON ASSOCIES",C09CA,ANTAGONISTES DE L'ANGIOTENSINE II NON ASSOCIES,C09CA04,IRBESARTAN,498819.0,2503410.83,2751532.86
C,SYSTEME CARDIO-VASCULAIRE,C09,MEDICAMENTS AGISSANT SUR LE SYSTEME RENINE-ANGIOTENSINE,C09C,"ANTAGONISTES DE L'ANGIOTENSINE II, NON ASSOCIES",C09CA,ANTAGONISTES DE L'ANGIOTENSINE II NON ASSOCIES,C09CA06,CANDESARTAN,312722.0,1491766.34,1678269.19
C,SYSTEME CARDIO-VASCULAIRE,C09,MEDICAMENTS AGISSANT SUR LE SYSTEME RENINE-ANGIOTENSINE,C09C,"ANTAGONISTES DE L'ANGIOTENSINE II, NON ASSOCIES",C09CA,ANTAGONISTES DE L'ANGIOTENSINE II NON ASSOCIES,C09CA07,TELMISARTAN,62486.0,343378.12,395631.19
C,SYSTEME CARDIO-VASCULAIRE,C09,MEDICAMENTS AGISSANT SUR LE SYSTEME RENINE-ANGIOTENSINE,C09D,ANTAGONISTES DE L'ANGIOTENSINE II EN ASSOCIATION,99999,Non restitué,9999999,Non restitué,9150.0,196191.44,206043.07
C,SYSTEME CARDIO-VASCULAIRE,C09,MEDICAMENTS AGISSANT SUR LE SYSTEME RENINE-ANGIOTENSINE,C09D,ANTAGONISTES DE L'ANGIOTENSINE II EN ASSOCIATION,C09DA,ANTAGONISTES DE L'ANGIOTENSINE II ET DIURETIQUES,9999999,Non restitué,14812.0,77207.67,94125.81999999999
C,SYSTEME CARDIO-VASCULAIRE,C09,MEDICAMENTS AGISSANT SUR LE SYSTEME RENINE-ANGIOTENSINE,C09D,ANTAGONISTES DE L'ANGIOTENSINE II EN ASSOCIATION,C09DA,ANTAGONISTES DE L'ANGIOTENSINE II ET DIURETIQUES,C09DA01,LOSARTAN ET DIURETIQUES,26454.0,137748.63,156972.86
C,SYSTEME CARDIO-VASCULAIRE,C09,MEDICAMENTS AGISSANT SUR LE SYSTEME RENINE-ANGIOTENSINE,C09D,ANTAGONISTES DE L'ANGIOTENSINE II EN ASSOCIATION,C09DA,ANTAGONISTES DE L'ANGIOTENSINE II ET DIURETIQUES,C09DA03,VALSARTAN ET DIURETIQUES,56377.0,301906.21,342920.8
C,SYSTEME CARDIO-VASCULAIRE,C09,MEDICAMENTS AGISSANT SUR LE SYSTEME RENINE-ANGIOTENSINE,C09D,ANTAGONISTES DE L'ANGIOTENSINE II EN ASSOCIATION,C09DA,ANTAGONISTES DE L'ANGIOTENSINE II ET DIURETIQUES,C09DA04,IRBESARTAN ET DIURETIQUES,232821.0,1256777.64,1402085.01
C,SYSTEME CARDIO-VASCULAIRE,C09,MEDICAMENTS AGISSANT SUR LE SYSTEME RENINE-ANGIOTENSINE,C09D,ANTAGONISTES DE L'ANGIOTENSINE II EN ASSOCIATION,C09DA,ANTAGONISTES DE L'ANGIOTENSINE II ET DIURETIQUES,C09DA06,CANDESARTAN ET DIURETIQUES,68929.0,399864.81,461261.35
C,SYSTEME CARDIO-VASCULAIRE,C09,MEDICAMENTS AGISSANT SUR LE SYSTEME RENINE-ANGIOTENSINE,C09D,ANTAGONISTES DE L'ANGIOTENSINE II EN ASSOCIATION,C09DA,ANTAGONISTES DE L'ANGIOTENSINE II ET DIURETIQUES,C09DA07,TELMISARTAN ET DIURETIQUES,33582.0,190672.59,217388.04
C,SYSTEME CARDIO-VASCULAIRE,C09,MEDICAMENTS AGISSANT SUR LE SYSTEME RENINE-ANGIOTENSINE,C09D,ANTAGONISTES DE L'ANGIOTENSINE II EN ASSOCIATION,C09DB,ANTAGONISTES DE LANGIOTENSINE II ET INHIBITEURS CALCIQUES,9999999,Non restitué,5910.0,53974.7,66644.79
C,SYSTEME CARDIO-VASCULAIRE,C09,MEDICAMENTS AGISSANT SUR LE SYSTEME RENINE-ANGIOTENSINE,C09D,ANTAGONISTES DE L'ANGIOTENSINE II EN ASSOCIATION,C09DB,ANTAGONISTES DE LANGIOTENSINE II ET INHIBITEURS CALCIQUES,C09DB01,VALSARTAN ET AMLODIPINE,131584.0,1221324.22,1372932.89
C,SYSTEME CARDIO-VASCULAIRE,C09,MEDICAMENTS AGISSANT SUR LE SYSTEME RENINE-ANGIOTENSINE,C09D,ANTAGONISTES DE L'ANGIOTENSINE II EN ASSOCIATION,C09DB,ANTAGONISTES DE LANGIOTENSINE II ET INHIBITEURS CALCIQUES,C09DB04,TELMISARTAN ET AMLODIPINE,32705.0,280554.07,316420.65
C,SYSTEME CARDIO-VASCULAIRE,C09,MEDICAMENTS AGISSANT SUR LE SYSTEME RENINE-ANGIOTENSINE,C09D,ANTAGONISTES DE L'ANGIOTENSINE II EN ASSOCIATION,C09DB,ANTAGONISTES DE LANGIOTENSINE II ET INHIBITEURS CALCIQUES,C09DB05,IRBESARTAN + AMLODIPINE,18482.0,165384.61,193405.32
C,SYSTEME CARDIO-VASCULAIRE,C09,MEDICAMENTS AGISSANT SUR LE SYSTEME RENINE-ANGIOTENSINE,C09D,ANTAGONISTES DE L'ANGIOTENSINE II EN ASSOCIATION,C09DX,"ANTAGONISTES DE L ANGIOTENSINE II, AUTRES ASSOCIATIONS",C09DX04,VALSARTAN + SACUBITRIL,424043.0,336869.35,321395.2
C,SYSTEME CARDIO-VASCULAIRE,C10,AGENTS MODIFIANT LES LIPIDES,9999,Non restitué,99999,Non restitué,9999999,Non restitué,2861.0,71127.35,79633.64
C,SYSTEME CARDIO-VASCULAIRE,C10,AGENTS MODIFIANT LES LIPIDES,C10A,AGENTS MODIFIANT LES LIPIDES NON ASSOCIES,99999,Non restitué,9999999,Non restitué,8724.0,100769.12,115482.83
C,SYSTEME CARDIO-VASCULAIRE,C10,AGENTS MODIFIANT LES LIPIDES,C10A,AGENTS MODIFIANT LES LIPIDES NON ASSOCIES,C10AA,INHIBITEURS DE L'HMG-COA REDUCTASE,9999999,Non restitué,13188.0,69031.85,80624.98
C,SYSTEME CARDIO-VASCULAIRE,C10,AGENTS MODIFIANT LES LIPIDES,C10A,AGENTS MODIFIANT LES LIPIDES NON ASSOCIES,C10AA,INHIBITEURS DE L'HMG-COA REDUCTASE,C10AA01,SIMVASTATINE,185565.0,828567.27,924209.4
C,SYSTEME CARDIO-VASCULAIRE,C10,AGENTS MODIFIANT LES LIPIDES,C10A,AGENTS MODIFIANT LES LIPIDES NON ASSOCIES,C10AA,INHIBITEURS DE L'HMG-COA REDUCTASE,C10AA03,PRAVASTATINE,209880.0,1034200.36,1110322.54
C,SYSTEME CARDIO-VASCULAIRE,C10,AGENTS MODIFIANT LES LIPIDES,C10A,AGENTS MODIFIANT LES LIPIDES NON ASSOCIES,C10AA,INHIBITEURS DE L'HMG-COA REDUCTASE,C10AA04,FLUVASTATINE,17463.0,100912.5,111102.42
C,SYSTEME CARDIO-VASCULAIRE,C10,AGENTS MODIFIANT LES LIPIDES,C10A,AGENTS MODIFIANT LES LIPIDES NON ASSOCIES,C10AA,INHIBITEURS DE L'HMG-COA REDUCTASE,C10AA05,ATORVASTATINE,1621497.0,6596293.16,7043324.54
C,SYSTEME CARDIO-VASCULAIRE,C10,AGENTS MODIFIANT LES LIPIDES,C10A,AGENTS MODIFIANT LES LIPIDES NON ASSOCIES,C10AA,INHIBITEURS DE L'HMG-COA REDUCTASE,C10AA07,ROSUVASTATINE,477370.0,2934929.65,3183778.22
C,SYSTEME CARDIO-VASCULAIRE,C10,AGENTS MODIFIANT LES LIPIDES,C10A,AGENTS MODIFIANT LES LIPIDES NON ASSOCIES,C10AB,FIBRATES,9999999,Non restitué,6537.0,49550.57,57314.28
C,SYSTEME CARDIO-VASCULAIRE,C10,AGENTS MODIFIANT LES LIPIDES,C10A,AGENTS MODIFIANT LES LIPIDES NON ASSOCIES,C10AB,FIBRATES,C10AB02,BEZAFIBRATE,8631.0,68700.11,72713.94
C,SYSTEME CARDIO-VASCULAIRE,C10,AGENTS MODIFIANT LES LIPIDES,C10A,AGENTS MODIFIANT LES LIPIDES NON ASSOCIES,C10AB,FIBRATES,C10AB04,GEMFIBROZIL,649.0,5724.74,6399.14
C,SYSTEME CARDIO-VASCULAIRE,C10,AGENTS MODIFIANT LES LIPIDES,C10A,AGENTS MODIFIANT LES LIPIDES NON ASSOCIES,C10AB,FIBRATES,C10AB05,FENOFIBRATE,98640.0,563060.68,618970.44
C,SYSTEME CARDIO-VASCULAIRE,C10,AGENTS MODIFIANT LES LIPIDES,C10A,AGENTS MODIFIANT LES LIPIDES NON ASSOCIES,C10AB,FIBRATES,C10AB08,CIPROFIBRATE,24.0,71.63,99.21
C,SYSTEME CARDIO-VASCULAIRE,C10,AGENTS MODIFIANT LES LIPIDES,C10A,AGENTS MODIFIANT LES LIPIDES NON ASSOCIES,C10AC,SEQUESTRANTS D'ACIDES BILIAIRES,C10AC01,COLESTYRAMINE,41271.0,193875.05,213538.74
C,SYSTEME CARDIO-VASCULAIRE,C10,AGENTS MODIFIANT LES LIPIDES,C10A,AGENTS MODIFIANT LES LIPIDES NON ASSOCIES,C10AX,AUTRES AGENTS MODIFIANT LES LIPIDES,9999999,Non restitué,13507.0,113602.22,110667.23
C,SYSTEME CARDIO-VASCULAIRE,C10,AGENTS MODIFIANT LES LIPIDES,C10A,AGENTS MODIFIANT LES LIPIDES NON ASSOCIES,C10AX,AUTRES AGENTS MODIFIANT LES LIPIDES,C10AX09,EZETIMIBE,212773.0,2079292.53,2139449.64
C,SYSTEME CARDIO-VASCULAIRE,C10,AGENTS MODIFIANT LES LIPIDES,C10A,AGENTS MODIFIANT LES LIPIDES NON ASSOCIES,C10AX,AUTRES AGENTS MODIFIANT LES LIPIDES,C10AX13,EVOLOCUMAB,172307.0,6244.1,6697.2699999999995
C,SYSTEME CARDIO-VASCULAIRE,C10,AGENTS MODIFIANT LES LIPIDES,C10A,AGENTS MODIFIANT LES LIPIDES NON ASSOCIES,C10AX,AUTRES AGENTS MODIFIANT LES LIPIDES,C10AX14,ALIROCUMAB,50728.0,24584.06,22741.670000000002
C,SYSTEME CARDIO-VASCULAIRE,C10,AGENTS MODIFIANT LES LIPIDES,C10B,AGENTS MODIFIANT LES LIPIDES EN ASSOCIATION,99999,Non restitué,9999999,Non restitué,2218.0,27193.08,31408.02
C,SYSTEME CARDIO-VASCULAIRE,C10,AGENTS MODIFIANT LES LIPIDES,C10B,AGENTS MODIFIANT LES LIPIDES EN ASSOCIATION,C10BA,INHIBITEURS DE LHMG -COA REDUCTASE EN ASSOCIATION AVEC DAUTRES AGENTS MODIFIANT LES LIPIDES,9999999,Non restitué,6569.0,151614.86,166879.48
C,SYSTEME CARDIO-VASCULAIRE,C10,AGENTS MODIFIANT LES LIPIDES,C10B,AGENTS MODIFIANT LES LIPIDES EN ASSOCIATION,C10BA,INHIBITEURS DE LHMG -COA REDUCTASE EN ASSOCIATION AVEC DAUTRES AGENTS MODIFIANT LES LIPIDES,C10BA02,SIMVASTATINE ET EZETIMIBE,94299.0,1166347.5,1212942.95
C,SYSTEME CARDIO-VASCULAIRE,C10,AGENTS MODIFIANT LES LIPIDES,C10B,AGENTS MODIFIANT LES LIPIDES EN ASSOCIATION,C10BA,INHIBITEURS DE LHMG -COA REDUCTASE EN ASSOCIATION AVEC DAUTRES AGENTS MODIFIANT LES LIPIDES,C10BA05,ATORVASTATINE ET EZETIMIBE,587215.0,3424545.77,3342590.09
C,SYSTEME CARDIO-VASCULAIRE,C10,AGENTS MODIFIANT LES LIPIDES,C10B,AGENTS MODIFIANT LES LIPIDES EN ASSOCIATION,C10BA,INHIBITEURS DE LHMG -COA REDUCTASE EN ASSOCIATION AVEC DAUTRES AGENTS MODIFIANT LES LIPIDES,C10BA06,ROSUVASTATINE + EZETIMIBE,190238.0,1623383.16,1608063.41
C,SYSTEME CARDIO-VASCULAIRE,C10,AGENTS MODIFIANT LES LIPIDES,C10B,AGENTS MODIFIANT LES LIPIDES EN ASSOCIATION,C10BX,"INHIBITEURS DE LHMG -COA REDUCTASE, AUTRES ASSOCIATIONS",C10BX03,ATORVASTATINE ET AMLODIPINE,2961.0,37284.43,41545.34
D,DERMATOLOGIE,999,INCONNU,9999,Non restitué,99999,Non restitué,9999999,Non restitué,18790.0,154769.65,144651.15
D,DERMATOLOGIE,D01,ANTIFONGIQUES A USAGE DERMATOLOGIQUE,9999,Non restitué,99999,Non restitué,9999999,Non restitué,3098.0,36856.96,51546.23
D,DERMATOLOGIE,D01,ANTIFONGIQUES A USAGE DERMATOLOGIQUE,D01A,ANTIFONGIQUES A USAGE TOPIQUE,99999,Non restitué,9999999,Non restitué,2719.0,5890.98,14659.04
D,DERMATOLOGIE,D01,ANTIFONGIQUES A USAGE DERMATOLOGIQUE,D01A,ANTIFONGIQUES A USAGE TOPIQUE,D01AC,DERIVES IMIDAZOLES ET TRIAZOLES,9999999,Non restitué,14467.0,31306.64,75160.68
D,DERMATOLOGIE,D01,ANTIFONGIQUES A USAGE DERMATOLOGIQUE,D01A,ANTIFONGIQUES A USAGE TOPIQUE,D01AC,DERIVES IMIDAZOLES ET TRIAZOLES,D01AC03,ECONAZOLE,407323.0,408717.0,794373.14
D,DERMATOLOGIE,D01,ANTIFONGIQUES A USAGE DERMATOLOGIQUE,D01A,ANTIFONGIQUES A USAGE TOPIQUE,D01AC,DERIVES IMIDAZOLES ET TRIAZOLES,D01AC05,ISOCONAZOLE,5612.0,8152.72,20659.07
D,DERMATOLOGIE,D01,ANTIFONGIQUES A USAGE DERMATOLOGIQUE,D01A,ANTIFONGIQUES A USAGE TOPIQUE,D01AC,DERIVES IMIDAZOLES ET TRIAZOLES,D01AC07,TIOCONAZOLE,19.0,27.52,69.73
D,DERMATOLOGIE,D01,ANTIFONGIQUES A USAGE DERMATOLOGIQUE,D01A,ANTIFONGIQUES A USAGE TOPIQUE,D01AC,DERIVES IMIDAZOLES ET TRIAZOLES,D01AC08,KETOCONAZOLE,186701.0,246523.18,571299.78
D,DERMATOLOGIE,D01,ANTIFONGIQUES A USAGE DERMATOLOGIQUE,D01A,ANTIFONGIQUES A USAGE TOPIQUE,D01AC,DERIVES IMIDAZOLES ET TRIAZOLES,D01AC10,BIFONAZOLE,28869.0,45765.8,90812.84
D,DERMATOLOGIE,D01,ANTIFONGIQUES A USAGE DERMATOLOGIQUE,D01A,ANTIFONGIQUES A USAGE TOPIQUE,D01AC,DERIVES IMIDAZOLES ET TRIAZOLES,D01AC11,OXICONAZOLE,25685.0,33604.04,69423.94
D,DERMATOLOGIE,D01,ANTIFONGIQUES A USAGE DERMATOLOGIQUE,D01A,ANTIFONGIQUES A USAGE TOPIQUE,D01AC,DERIVES IMIDAZOLES ET TRIAZOLES,D01AC12,FENTICONAZOLE,34650.0,25897.97,67048.39
D,DERMATOLOGIE,D01,ANTIFONGIQUES A USAGE DERMATOLOGIQUE,D01A,ANTIFONGIQUES A USAGE TOPIQUE,D01AC,DERIVES IMIDAZOLES ET TRIAZOLES,D01AC14,SERTACONAZOLE,101848.0,105808.21,180956.77
D,DERMATOLOGIE,D01,ANTIFONGIQUES A USAGE DERMATOLOGIQUE,D01A,ANTIFONGIQUES A USAGE TOPIQUE,D01AC,DERIVES IMIDAZOLES ET TRIAZOLES,D01AC60,BIFONAZOLE EN ASSOCIATION,15323.0,115950.89,199165.09
D,DERMATOLOGIE,D01,ANTIFONGIQUES A USAGE DERMATOLOGIQUE,D01A,ANTIFONGIQUES A USAGE TOPIQUE,D01AE,AUTRES ANTIFONGIQUES A USAGE TOPIQUE,9999999,Non restitué,5491.0,14711.01,34702.93
D,DERMATOLOGIE,D01,ANTIFONGIQUES A USAGE DERMATOLOGIQUE,D01A,ANTIFONGIQUES A USAGE TOPIQUE,D01AE,AUTRES ANTIFONGIQUES A USAGE TOPIQUE,D01AE14,CICLOPIROX,268244.0,572858.83,1228409.57
D,DERMATOLOGIE,D01,ANTIFONGIQUES A USAGE DERMATOLOGIQUE,D01A,ANTIFONGIQUES A USAGE TOPIQUE,D01AE,AUTRES ANTIFONGIQUES A USAGE TOPIQUE,D01AE15,TERBINAFINE,44974.0,54073.23,129934.26
D,DERMATOLOGIE,D01,ANTIFONGIQUES A USAGE DERMATOLOGIQUE,D01A,ANTIFONGIQUES A USAGE TOPIQUE,D01AE,AUTRES ANTIFONGIQUES A USAGE TOPIQUE,D01AE16,AMOROLFINE,36362.0,183173.1,379805.43
D,DERMATOLOGIE,D01,ANTIFONGIQUES A USAGE DERMATOLOGIQUE,D01B,ANTIFONGIQUES A USAGE SYSTEMIQUE,D01BA,ANTIFONGIQUES A USAGE SYSTEMIQUE,9999999,Non restitué,1.0,2.72,4.18
D,DERMATOLOGIE,D01,ANTIFONGIQUES A USAGE DERMATOLOGIQUE,D01B,ANTIFONGIQUES A USAGE SYSTEMIQUE,D01BA,ANTIFONGIQUES A USAGE SYSTEMIQUE,D01BA02,TERBINAFINE,42884.0,489454.38,653205.75
D,DERMATOLOGIE,D02,EMOLLIENTS ET PROTECTEURS,D02A,EMOLLIENTS ET PROTECTEURS,99999,Non restitué,9999999,Non restitué,24.0,15.11,37.92
D,DERMATOLOGIE,D02,EMOLLIENTS ET PROTECTEURS,D02A,EMOLLIENTS ET PROTECTEURS,D02AC,PARAFFINE ET PRODUITS GRAS,D02AC,PARAFFINE ET PRODUITS GRAS,727393.0,783021.14,1091340.34
D,DERMATOLOGIE,D05,MEDICAMENTS CONTRE LE PSORIASIS,9999,Non restitué,99999,Non restitué,9999999,Non restitué,3636.0,72448.94,88797.33
D,DERMATOLOGIE,D05,MEDICAMENTS CONTRE LE PSORIASIS,D05A,MEDICAMENTS CONTRE LE PSORIASIS A USAGE TOPIQUE,99999,Non restitué,9999999,Non restitué,607.0,4128.8,4653.35
D,DERMATOLOGIE,D05,MEDICAMENTS CONTRE LE PSORIASIS,D05A,MEDICAMENTS CONTRE LE PSORIASIS A USAGE TOPIQUE,D05AX,AUTRES MEDICAMENTS CONTRE LE PSORIASIS A USAGE TOPIQUE,9999999,Non restitué,2226.0,42996.04,57302.65
D,DERMATOLOGIE,D05,MEDICAMENTS CONTRE LE PSORIASIS,D05A,MEDICAMENTS CONTRE LE PSORIASIS A USAGE TOPIQUE,D05AX,AUTRES MEDICAMENTS CONTRE LE PSORIASIS A USAGE TOPIQUE,D05AX02,CALCIPOTRIOL,1311.0,24503.36,27395.26
D,DERMATOLOGIE,D05,MEDICAMENTS CONTRE LE PSORIASIS,D05A,MEDICAMENTS CONTRE LE PSORIASIS A USAGE TOPIQUE,D05AX,AUTRES MEDICAMENTS CONTRE LE PSORIASIS A USAGE TOPIQUE,D05AX03,CALCITRIOL,152.0,1818.32,2642.2
D,DERMATOLOGIE,D05,MEDICAMENTS CONTRE LE PSORIASIS,D05A,MEDICAMENTS CONTRE LE PSORIASIS A USAGE TOPIQUE,D05AX,AUTRES MEDICAMENTS CONTRE LE PSORIASIS A USAGE TOPIQUE,D05AX52,CALCIPOTRIOL EN ASSOCIATION,152217.0,926055.42,953112.68
D,DERMATOLOGIE,D05,MEDICAMENTS CONTRE LE PSORIASIS,D05B,MEDICAMENTS CONTRE LE PSORIASIS A USAGE SYSTEMIQUE,99999,Non restitué,9999999,Non restitué,601.0,6927.79,9054.02
D,DERMATOLOGIE,D05,MEDICAMENTS CONTRE LE PSORIASIS,D05B,MEDICAMENTS CONTRE LE PSORIASIS A USAGE SYSTEMIQUE,D05BA,PSORALENES A USAGE SYSTEMIQUE,D05BA02,METHOXSALENE,451.0,2572.81,3783.89
D,DERMATOLOGIE,D05,MEDICAMENTS CONTRE LE PSORIASIS,D05B,MEDICAMENTS CONTRE LE PSORIASIS A USAGE SYSTEMIQUE,D05BB,RETINOIDES POUR LE TRAITEMENT DU PSORIASIS,D05BB02,ACITRETINE,31458.0,134986.42,117289.92
D,DERMATOLOGIE,D06,ANTIBIOTIQUES ET CHIMIOTHERAPIE A USAGE DERMATOLOGIQUE,9999,Non restitué,99999,Non restitué,9999999,Non restitué,2471.0,12424.61,22053.54
D,DERMATOLOGIE,D06,ANTIBIOTIQUES ET CHIMIOTHERAPIE A USAGE DERMATOLOGIQUE,D06A,ANTIBIOTIQUES A USAGE TOPIQUE,D06AX,AUTRES ANTIBIOTIQUES A USAGE TOPIQUE,9999999,Non restitué,1997.0,2187.13,5412.01
D,DERMATOLOGIE,D06,ANTIBIOTIQUES ET CHIMIOTHERAPIE A USAGE DERMATOLOGIQUE,D06A,ANTIBIOTIQUES A USAGE TOPIQUE,D06AX,AUTRES ANTIBIOTIQUES A USAGE TOPIQUE,D06AX01,FUSIDIQUE ACIDE,164108.0,118732.32,291084.73
D,DERMATOLOGIE,D06,ANTIBIOTIQUES ET CHIMIOTHERAPIE A USAGE DERMATOLOGIQUE,D06A,ANTIBIOTIQUES A USAGE TOPIQUE,D06AX,AUTRES ANTIBIOTIQUES A USAGE TOPIQUE,D06AX09,MUPIROCINE,127411.0,169482.23,372845.07
D,DERMATOLOGIE,D06,ANTIBIOTIQUES ET CHIMIOTHERAPIE A USAGE DERMATOLOGIQUE,D06B,CHIMIOTHERAPIE A USAGE TOPIQUE,99999,Non restitué,9999999,Non restitué,3403.0,44239.27,68613.47
D,DERMATOLOGIE,D06,ANTIBIOTIQUES ET CHIMIOTHERAPIE A USAGE DERMATOLOGIQUE,D06B,CHIMIOTHERAPIE A USAGE TOPIQUE,D06BA,SULFAMIDES,D06BA01,SULFADIAZINE ARGENTIQUE,170954.0,137368.56,328217.07
D,DERMATOLOGIE,D06,ANTIBIOTIQUES ET CHIMIOTHERAPIE A USAGE DERMATOLOGIQUE,D06B,CHIMIOTHERAPIE A USAGE TOPIQUE,D06BB,ANTIVIRAUX,9999999,Non restitué,1358.0,19955.69,28648.64
D,DERMATOLOGIE,D06,ANTIBIOTIQUES ET CHIMIOTHERAPIE A USAGE DERMATOLOGIQUE,D06B,CHIMIOTHERAPIE A USAGE TOPIQUE,D06BB,ANTIVIRAUX,D06BB04,PODOPHYLLOTOXINE,2730.0,31250.24,41316.840000000004
D,DERMATOLOGIE,D06,ANTIBIOTIQUES ET CHIMIOTHERAPIE A USAGE DERMATOLOGIQUE,D06B,CHIMIOTHERAPIE A USAGE TOPIQUE,D06BB,ANTIVIRAUX,D06BB10,IMIQUIMOD,52142.0,265435.09,238399.29
D,DERMATOLOGIE,D06,ANTIBIOTIQUES ET CHIMIOTHERAPIE A USAGE DERMATOLOGIQUE,D06B,CHIMIOTHERAPIE A USAGE TOPIQUE,D06BX,AUTRES CHIMIOTHERAPIES,D06BX01,METRONIDAZOLE,40631.0,128328.24,267482.74
D,DERMATOLOGIE,D07,"CORTICOIDES, PREPARATIONS DERMATOLOGIQUES",9999,Non restitué,99999,Non restitué,9999999,Non restitué,3506.0,6962.05,9425.17
D,DERMATOLOGIE,D07,"CORTICOIDES, PREPARATIONS DERMATOLOGIQUES",D07A,CORTICOIDES NON ASSOCIES,99999,Non restitué,9999999,Non restitué,8087.0,14329.43,19587.93
D,DERMATOLOGIE,D07,"CORTICOIDES, PREPARATIONS DERMATOLOGIQUES",D07A,CORTICOIDES NON ASSOCIES,D07AB,CORTICOIDES D'ACTIVITE MODEREE (GROUPE II),9999999,Non restitué,2535.0,4204.47,5930.17
D,DERMATOLOGIE,D07,"CORTICOIDES, PREPARATIONS DERMATOLOGIQUES",D07A,CORTICOIDES NON ASSOCIES,D07AB,CORTICOIDES D'ACTIVITE MODEREE (GROUPE II),D07AB02,HYDROCORTISONE BUTYRATE,87692.0,165762.3,228395.96
D,DERMATOLOGIE,D07,"CORTICOIDES, PREPARATIONS DERMATOLOGIQUES",D07A,CORTICOIDES NON ASSOCIES,D07AB,CORTICOIDES D'ACTIVITE MODEREE (GROUPE II),D07AB08,DESONIDE,154609.0,207741.11,268092.62
D,DERMATOLOGIE,D07,"CORTICOIDES, PREPARATIONS DERMATOLOGIQUES",D07A,CORTICOIDES NON ASSOCIES,D07AC,CORTICOIDES D'ACTIVITE FORTE (GROUPE III),9999999,Non restitué,8178.0,15476.99,21406.72
D,DERMATOLOGIE,D07,"CORTICOIDES, PREPARATIONS DERMATOLOGIQUES",D07A,CORTICOIDES NON ASSOCIES,D07AC,CORTICOIDES D'ACTIVITE FORTE (GROUPE III),D07AC01,BETAMETHASONE,980845.0,1002094.78,1178459.75
D,DERMATOLOGIE,D07,"CORTICOIDES, PREPARATIONS DERMATOLOGIQUES",D07A,CORTICOIDES NON ASSOCIES,D07AC,CORTICOIDES D'ACTIVITE FORTE (GROUPE III),D07AC06,DIFLUCORTOLONE,189516.0,222596.33,272660.88
D,DERMATOLOGIE,D07,"CORTICOIDES, PREPARATIONS DERMATOLOGIQUES",D07A,CORTICOIDES NON ASSOCIES,D07AC,CORTICOIDES D'ACTIVITE FORTE (GROUPE III),D07AC16,HYDROCORTISONE ACEPONATE,9700.0,16524.27,21646.53
D,DERMATOLOGIE,D07,"CORTICOIDES, PREPARATIONS DERMATOLOGIQUES",D07A,CORTICOIDES NON ASSOCIES,D07AC,CORTICOIDES D'ACTIVITE FORTE (GROUPE III),D07AC17,FLUTICASONE,14127.0,27913.08,37809.98
D,DERMATOLOGIE,D07,"CORTICOIDES, PREPARATIONS DERMATOLOGIQUES",D07A,CORTICOIDES NON ASSOCIES,D07AC,CORTICOIDES D'ACTIVITE FORTE (GROUPE III),D07AC19,DIFLUPREDNATE,106.0,119.55,171.72
D,DERMATOLOGIE,D07,"CORTICOIDES, PREPARATIONS DERMATOLOGIQUES",D07A,CORTICOIDES NON ASSOCIES,D07AD,COSTICOSTEROIDES D'ACTIVITE TRES FORTE (GROUPE IV),D07AD01,CLOBETASOL,1428408.0,968874.7,1131138.05
D,DERMATOLOGIE,D07,"CORTICOIDES, PREPARATIONS DERMATOLOGIQUES",D07X,"CORTICOIDES, AUTRES ASSOCIATIONS",D07XC,"CORTICOIDES D'ACTIVITE FORTE, AUTRES ASSOCIATIONS",D07XC01,BETAMETHASONE,61086.0,122392.74,166933.21
D,DERMATOLOGIE,D08,ANTISEPTIQUES ET DESINFECTANTS,D08A,ANTISEPTIQUES ET DESINFECTANTS,99999,Non restitué,9999999,Non restitué,4069.0,4381.65,9244.8
D,DERMATOLOGIE,D08,ANTISEPTIQUES ET DESINFECTANTS,D08A,ANTISEPTIQUES ET DESINFECTANTS,D08AC,BIGUANIDES ET AMIDINES,9999999,Non restitué,1655.0,1341.9,4001.28
D,DERMATOLOGIE,D08,ANTISEPTIQUES ET DESINFECTANTS,D08A,ANTISEPTIQUES ET DESINFECTANTS,D08AC,BIGUANIDES ET AMIDINES,D08AC02,CHLORHEXIDINE,259052.0,190013.83,479301.03
D,DERMATOLOGIE,D08,ANTISEPTIQUES ET DESINFECTANTS,D08A,ANTISEPTIQUES ET DESINFECTANTS,D08AC,BIGUANIDES ET AMIDINES,D08AC52,CHLORHEXIDINE EN ASSOCIATION,1345199.0,1046662.22,1711571.67
D,DERMATOLOGIE,D08,ANTISEPTIQUES ET DESINFECTANTS,D08A,ANTISEPTIQUES ET DESINFECTANTS,D08AG,DERIVES IODES,D08AG02,POVIDONE IODEE,1837171.0,779793.02,1131141.77
D,DERMATOLOGIE,D08,ANTISEPTIQUES ET DESINFECTANTS,D08A,ANTISEPTIQUES ET DESINFECTANTS,D08AX,AUTRES ANTISEPTIQUES ET DESINFECTANTS,D08AX07,SODIUM HYPOCHLORITE,146179.0,168018.06,337016.11
D,DERMATOLOGIE,D10,PREPARATIONS ANTIACNEIQUES,9999,Non restitué,99999,Non restitué,9999999,Non restitué,2894.0,10332.14,19671.64
D,DERMATOLOGIE,D10,PREPARATIONS ANTIACNEIQUES,D10A,PREPARATIONS ANTIACNEIQUES A USAGE TOPIQUE,99999,Non restitué,9999999,Non restitué,5912.0,8760.91,25000.3
D,DERMATOLOGIE,D10,PREPARATIONS ANTIACNEIQUES,D10A,PREPARATIONS ANTIACNEIQUES A USAGE TOPIQUE,D10AD,RETINOIDES ANTIACNEIQUES A USAGE TOPIQUE,9999999,Non restitué,1387.0,1204.26,3565.9300000000003
D,DERMATOLOGIE,D10,PREPARATIONS ANTIACNEIQUES,D10A,PREPARATIONS ANTIACNEIQUES A USAGE TOPIQUE,D10AD,RETINOIDES ANTIACNEIQUES A USAGE TOPIQUE,D10AD01,TRETINOINE,3821.0,3484.98,9290.039999999999
D,DERMATOLOGIE,D10,PREPARATIONS ANTIACNEIQUES,D10A,PREPARATIONS ANTIACNEIQUES A USAGE TOPIQUE,D10AD,RETINOIDES ANTIACNEIQUES A USAGE TOPIQUE,D10AD03,ADAPALENE,34205.0,43323.24,126672.34
D,DERMATOLOGIE,D10,PREPARATIONS ANTIACNEIQUES,D10A,PREPARATIONS ANTIACNEIQUES A USAGE TOPIQUE,D10AE,PEROXYDES,D10AE01,BENZOYLE PEROXYDE,43753.0,33925.81,94104.06
D,DERMATOLOGIE,D10,PREPARATIONS ANTIACNEIQUES,D10A,PREPARATIONS ANTIACNEIQUES A USAGE TOPIQUE,D10AF,ANTIINFECTIEUX POUR LE TRAITEMENT DE L'ACNE,D10AF02,ERYTHROMYCINE,36681.0,39139.47,116234.84
D,DERMATOLOGIE,D10,PREPARATIONS ANTIACNEIQUES,D10A,PREPARATIONS ANTIACNEIQUES A USAGE TOPIQUE,D10AX,AUTRES PREPARATIONS ANTIACNEIQUES A USAGE TOPIQUE,D10AX,AUTRES PREPARATIONS ANTIACNEIQUES A USAGE TOPIQUE,5506.0,18369.92,44357.76
D,DERMATOLOGIE,D10,PREPARATIONS ANTIACNEIQUES,D10B,PREPARATIONS ANTIACNEIQUES A USAGE SYSTEMIQUE,99999,Non restitué,9999999,Non restitué,3357.0,33821.42,52142.46
D,DERMATOLOGIE,D10,PREPARATIONS ANTIACNEIQUES,D10B,PREPARATIONS ANTIACNEIQUES A USAGE SYSTEMIQUE,D10BA,RETINOIDES POUR LE TRAITEMENT DE L'ACNE,D10BA01,ISOTRETINOINE,82966.0,671872.02,790296.12
D,DERMATOLOGIE,D10,PREPARATIONS ANTIACNEIQUES,D10B,PREPARATIONS ANTIACNEIQUES A USAGE SYSTEMIQUE,D10BX,AUTRES PREPARATIONS ANTIACNEIQUES A USAGE SYSTEMIQUE,D10BX,AUTRES PREPARATIONS ANTIACNEIQUES A USAGE SYSTEMIQUE,83153.0,222876.1,399769.1
D,DERMATOLOGIE,D11,AUTRES PREPARATIONS DERMATOLOGIQUES,D11A,AUTRES PREPARATIONS DERMATOLOGIQUES,D11AH,"MEDICAMENTS UTILISES DANS LA DERMATITE, EXCLUS CORTICOSTEROIDES",9999999,Non restitué,8983.0,75386.08,73949.98
D,DERMATOLOGIE,D11,AUTRES PREPARATIONS DERMATOLOGIQUES,D11A,AUTRES PREPARATIONS DERMATOLOGIQUES,D11AH,"MEDICAMENTS UTILISES DANS LA DERMATITE, EXCLUS CORTICOSTEROIDES",D11AH01,TACROLIMUS,58321.0,208557.23,326970.66
D,DERMATOLOGIE,D11,AUTRES PREPARATIONS DERMATOLOGIQUES,D11A,AUTRES PREPARATIONS DERMATOLOGIQUES,D11AH,"MEDICAMENTS UTILISES DANS LA DERMATITE, EXCLUS CORTICOSTEROIDES",D11AH04,ALITRETINOINE,3213.0,10306.77,11393.390000000001
D,DERMATOLOGIE,D11,AUTRES PREPARATIONS DERMATOLOGIQUES,D11A,AUTRES PREPARATIONS DERMATOLOGIQUES,D11AH,"MEDICAMENTS UTILISES DANS LA DERMATITE, EXCLUS CORTICOSTEROIDES",D11AH05,DUPILUMAB,216563.0,45858.880000000005,28104.27
D,DERMATOLOGIE,D11,AUTRES PREPARATIONS DERMATOLOGIQUES,D11A,AUTRES PREPARATIONS DERMATOLOGIQUES,D11AH,"MEDICAMENTS UTILISES DANS LA DERMATITE, EXCLUS CORTICOSTEROIDES",D11AH07,TRALOKINUMAB,11142.0,0.0,0.0
D,DERMATOLOGIE,D11,AUTRES PREPARATIONS DERMATOLOGIQUES,D11A,AUTRES PREPARATIONS DERMATOLOGIQUES,D11AH,"MEDICAMENTS UTILISES DANS LA DERMATITE, EXCLUS CORTICOSTEROIDES",D11AH08,ABROCITINIB,1012.0,0.0,0.0
D,DERMATOLOGIE,D11,AUTRES PREPARATIONS DERMATOLOGIQUES,D11A,AUTRES PREPARATIONS DERMATOLOGIQUES,D11AH,"MEDICAMENTS UTILISES DANS LA DERMATITE, EXCLUS CORTICOSTEROIDES",D11AH09,RUXOLITINIB,10183.0,17698.280000000002,24313.31
G,SYSTEME GENITO-URINAIRE ET HORMONES SEXUELLES,999,INCONNU,9999,Non restitué,99999,Non restitué,9999999,Non restitué,6888.0,72777.15,102105.22
G,SYSTEME GENITO-URINAIRE ET HORMONES SEXUELLES,G01,ANTIINFECTIEUX ET ANTISEPTIQUES A USAGE GYNECOLOGIQUE,G01A,"ANTIINFECTIEUX ET ANTISEPTIQUES, ASSOCIATIONS AUX CORTICOIDES EXCLUES",99999,Non restitué,9999999,Non restitué,1836.0,1185.47,4798.14
G,SYSTEME GENITO-URINAIRE ET HORMONES SEXUELLES,G01,ANTIINFECTIEUX ET ANTISEPTIQUES A USAGE GYNECOLOGIQUE,G01A,"ANTIINFECTIEUX ET ANTISEPTIQUES, ASSOCIATIONS AUX CORTICOIDES EXCLUES",G01AA,ANTIBIOTIQUES,G01AA51,NYSTATINE EN ASSOCIATION,75011.0,41526.75,159973.48
G,SYSTEME GENITO-URINAIRE ET HORMONES SEXUELLES,G01,ANTIINFECTIEUX ET ANTISEPTIQUES A USAGE GYNECOLOGIQUE,G01A,"ANTIINFECTIEUX ET ANTISEPTIQUES, ASSOCIATIONS AUX CORTICOIDES EXCLUES",G01AF,DERIVES IMIDAZOLES,9999999,Non restitué,5277.0,5246.91,14053.73
G,SYSTEME GENITO-URINAIRE ET HORMONES SEXUELLES,G01,ANTIINFECTIEUX ET ANTISEPTIQUES A USAGE GYNECOLOGIQUE,G01A,"ANTIINFECTIEUX ET ANTISEPTIQUES, ASSOCIATIONS AUX CORTICOIDES EXCLUES",G01AF,DERIVES IMIDAZOLES,G01AF01,METRONIDAZOLE,21361.0,19376.33,49252.36
G,SYSTEME GENITO-URINAIRE ET HORMONES SEXUELLES,G01,ANTIINFECTIEUX ET ANTISEPTIQUES A USAGE GYNECOLOGIQUE,G01A,"ANTIINFECTIEUX ET ANTISEPTIQUES, ASSOCIATIONS AUX CORTICOIDES EXCLUES",G01AF,DERIVES IMIDAZOLES,G01AF05,ECONAZOLE,194902.0,212592.31,417970.09
G,SYSTEME GENITO-URINAIRE ET HORMONES SEXUELLES,G01,ANTIINFECTIEUX ET ANTISEPTIQUES A USAGE GYNECOLOGIQUE,G01A,"ANTIINFECTIEUX ET ANTISEPTIQUES, ASSOCIATIONS AUX CORTICOIDES EXCLUES",G01AF,DERIVES IMIDAZOLES,G01AF08,TIOCONAZOLE,46.0,52.27,154.1
G,SYSTEME GENITO-URINAIRE ET HORMONES SEXUELLES,G01,ANTIINFECTIEUX ET ANTISEPTIQUES A USAGE GYNECOLOGIQUE,G01A,"ANTIINFECTIEUX ET ANTISEPTIQUES, ASSOCIATIONS AUX CORTICOIDES EXCLUES",G01AF,DERIVES IMIDAZOLES,G01AF12,FENTICONAZOLE,57181.0,72521.45,144815.69
G,SYSTEME GENITO-URINAIRE ET HORMONES SEXUELLES,G01,ANTIINFECTIEUX ET ANTISEPTIQUES A USAGE GYNECOLOGIQUE,G01A,"ANTIINFECTIEUX ET ANTISEPTIQUES, ASSOCIATIONS AUX CORTICOIDES EXCLUES",G01AF,DERIVES IMIDAZOLES,G01AF19,SERTACONAZOLE,192173.0,162140.96,251986.45
G,SYSTEME GENITO-URINAIRE ET HORMONES SEXUELLES,G02,AUTRES MEDICAMENTS GYNECOLOGIQUES,9999,Non restitué,99999,Non restitué,9999999,Non restitué,2587.0,48613.28,55490.12
G,SYSTEME GENITO-URINAIRE ET HORMONES SEXUELLES,G02,AUTRES MEDICAMENTS GYNECOLOGIQUES,G02B,CONTRACEPTIFS A USAGE TOPIQUE,G02BA,CONTRACEPTIFS INTRAUTERINS,G02BA03,DIU EN PLASTIQUE AVEC DES PROGESTATIFS,83227.0,374591.24,314429.21
G,SYSTEME GENITO-URINAIRE ET HORMONES SEXUELLES,G02,AUTRES MEDICAMENTS GYNECOLOGIQUES,G02C,AUTRES MEDICAMENTS GYNECOLOGIQUES,G02CB,INHIBITEURS DE LA PROLACTINE,9999999,Non restitué,2255.0,36622.08,42570.86
G,SYSTEME GENITO-URINAIRE ET HORMONES SEXUELLES,G02,AUTRES MEDICAMENTS GYNECOLOGIQUES,G02C,AUTRES MEDICAMENTS GYNECOLOGIQUES,G02CB,INHIBITEURS DE LA PROLACTINE,G02CB03,CABERGOLINE,58278.0,231372.33,223213.96
G,SYSTEME GENITO-URINAIRE ET HORMONES SEXUELLES,G02,AUTRES MEDICAMENTS GYNECOLOGIQUES,G02C,AUTRES MEDICAMENTS GYNECOLOGIQUES,G02CB,INHIBITEURS DE LA PROLACTINE,G02CB04,QUINAGOLIDE,2403.0,10921.54,12228.47
G,SYSTEME GENITO-URINAIRE ET HORMONES SEXUELLES,G03,HORMONES SEXUELLES ET MODULATEURS DE LA FONCTION GENITALE,9999,Non restitué,99999,Non restitué,9999999,Non restitué,32269.0,227903.83,277316.43
G,SYSTEME GENITO-URINAIRE ET HORMONES SEXUELLES,G03,HORMONES SEXUELLES ET MODULATEURS DE LA FONCTION GENITALE,G03A,CONTRACEPTIFS HORMONAUX A USAGE SYSTEMIQUE,99999,Non restitué,9999999,Non restitué,5320.0,16558.35,21864.71
G,SYSTEME GENITO-URINAIRE ET HORMONES SEXUELLES,G03,HORMONES SEXUELLES ET MODULATEURS DE LA FONCTION GENITALE,G03A,CONTRACEPTIFS HORMONAUX A USAGE SYSTEMIQUE,G03AA,PROGESTATIFS ET ESTROGENES EN ASSOCIATION FIXE,G03AA07,LEVONORGESTREL ET ESTROGENE,581893.0,1184549.81,1298852.67
G,SYSTEME GENITO-URINAIRE ET HORMONES SEXUELLES,G03,HORMONES SEXUELLES ET MODULATEURS DE LA FONCTION GENITALE,G03A,CONTRACEPTIFS HORMONAUX A USAGE SYSTEMIQUE,G03AB,PROGESTATIFS ET ESTROGENES POUR ADMINISTRATION SEQUENTIELLE,G03AB03,LEVONORGESTREL ET ESTROGENE,55212.0,129316.49,179126.5
G,SYSTEME GENITO-URINAIRE ET HORMONES SEXUELLES,G03,HORMONES SEXUELLES ET MODULATEURS DE LA FONCTION GENITALE,G03A,CONTRACEPTIFS HORMONAUX A USAGE SYSTEMIQUE,G03AC,PROGESTATIFS,9999999,Non restitué,4060.0,61985.04,82602.71
G,SYSTEME GENITO-URINAIRE ET HORMONES SEXUELLES,G03,HORMONES SEXUELLES ET MODULATEURS DE LA FONCTION GENITALE,G03A,CONTRACEPTIFS HORMONAUX A USAGE SYSTEMIQUE,G03AC,PROGESTATIFS,G03AC03,LEVONORGESTREL,10451.0,22049.27,30820.26
G,SYSTEME GENITO-URINAIRE ET HORMONES SEXUELLES,G03,HORMONES SEXUELLES ET MODULATEURS DE LA FONCTION GENITALE,G03A,CONTRACEPTIFS HORMONAUX A USAGE SYSTEMIQUE,G03AC,PROGESTATIFS,G03AC06,MEDROXYPROGESTERONE,298.0,464.64000000000004,965.5100000000001
G,SYSTEME GENITO-URINAIRE ET HORMONES SEXUELLES,G03,HORMONES SEXUELLES ET MODULATEURS DE LA FONCTION GENITALE,G03A,CONTRACEPTIFS HORMONAUX A USAGE SYSTEMIQUE,G03AC,PROGESTATIFS,G03AC08,ETONOGESTREL,67760.0,106270.66,74726.51
G,SYSTEME GENITO-URINAIRE ET HORMONES SEXUELLES,G03,HORMONES SEXUELLES ET MODULATEURS DE LA FONCTION GENITALE,G03A,CONTRACEPTIFS HORMONAUX A USAGE SYSTEMIQUE,G03AC,PROGESTATIFS,G03AC09,DESOGESTREL,833315.0,477890.38,554828.49
G,SYSTEME GENITO-URINAIRE ET HORMONES SEXUELLES,G03,HORMONES SEXUELLES ET MODULATEURS DE LA FONCTION GENITALE,G03A,CONTRACEPTIFS HORMONAUX A USAGE SYSTEMIQUE,G03AD,CONTRACEPTION D'URGENCE,9999999,Non restitué,1074.0,5608.64,6762.14
G,SYSTEME GENITO-URINAIRE ET HORMONES SEXUELLES,G03,HORMONES SEXUELLES ET MODULATEURS DE LA FONCTION GENITALE,G03A,CONTRACEPTIFS HORMONAUX A USAGE SYSTEMIQUE,G03AD,CONTRACEPTION D'URGENCE,G03AD01,LEVONORGESTREL,76551.0,151994.89,171708.72
G,SYSTEME GENITO-URINAIRE ET HORMONES SEXUELLES,G03,HORMONES SEXUELLES ET MODULATEURS DE LA FONCTION GENITALE,G03A,CONTRACEPTIFS HORMONAUX A USAGE SYSTEMIQUE,G03AD,CONTRACEPTION D'URGENCE,G03AD02,ULIPRISTAL,19143.0,112782.54,130167.8
G,SYSTEME GENITO-URINAIRE ET HORMONES SEXUELLES,G03,HORMONES SEXUELLES ET MODULATEURS DE LA FONCTION GENITALE,G03B,ANDROGENES,99999,Non restitué,9999999,Non restitué,1944.0,15651.68,35630.8
G,SYSTEME GENITO-URINAIRE ET HORMONES SEXUELLES,G03,HORMONES SEXUELLES ET MODULATEURS DE LA FONCTION GENITALE,G03B,ANDROGENES,G03BA,DERIVES DU 3 OXOANDROSTENE,G03BA03,TESTOSTERONE,189062.0,215077.21,224753.21
G,SYSTEME GENITO-URINAIRE ET HORMONES SEXUELLES,G03,HORMONES SEXUELLES ET MODULATEURS DE LA FONCTION GENITALE,G03B,ANDROGENES,G03BB,DERIVES DE LA 5 ANDROSTAN-3-ONE,G03BB02,ANDROSTANOLONE,1093.0,6141.01,8789.08
G,SYSTEME GENITO-URINAIRE ET HORMONES SEXUELLES,G03,HORMONES SEXUELLES ET MODULATEURS DE LA FONCTION GENITALE,G03C,ESTROGENES,G03CA,ESTROGENES NATURELS ET HEMISYNTHETIQUES NON ASSOCIES,9999999,Non restitué,4180.0,9069.84,17705.75
G,SYSTEME GENITO-URINAIRE ET HORMONES SEXUELLES,G03,HORMONES SEXUELLES ET MODULATEURS DE LA FONCTION GENITALE,G03C,ESTROGENES,G03CA,ESTROGENES NATURELS ET HEMISYNTHETIQUES NON ASSOCIES,G03CA03,ESTRADIOL,421419.0,650847.62,761004.35
G,SYSTEME GENITO-URINAIRE ET HORMONES SEXUELLES,G03,HORMONES SEXUELLES ET MODULATEURS DE LA FONCTION GENITALE,G03C,ESTROGENES,G03CA,ESTROGENES NATURELS ET HEMISYNTHETIQUES NON ASSOCIES,G03CA04,ESTRIOL,139909.0,165512.16,372128.13
G,SYSTEME GENITO-URINAIRE ET HORMONES SEXUELLES,G03,HORMONES SEXUELLES ET MODULATEURS DE LA FONCTION GENITALE,G03C,ESTROGENES,G03CA,ESTROGENES NATURELS ET HEMISYNTHETIQUES NON ASSOCIES,G03CA09,PROMESTRIENE,160191.0,218986.05,437343.31
G,SYSTEME GENITO-URINAIRE ET HORMONES SEXUELLES,G03,HORMONES SEXUELLES ET MODULATEURS DE LA FONCTION GENITALE,G03D,PROGESTATIFS,99999,Non restitué,9999999,Non restitué,3666.0,18783.23,27186.85
G,SYSTEME GENITO-URINAIRE ET HORMONES SEXUELLES,G03,HORMONES SEXUELLES ET MODULATEURS DE LA FONCTION GENITALE,G03D,PROGESTATIFS,G03DA,DERIVES PREGNENE 4,9999999,Non restitué,71.0,168.44,478.15
G,SYSTEME GENITO-URINAIRE ET HORMONES SEXUELLES,G03,HORMONES SEXUELLES ET MODULATEURS DE LA FONCTION GENITALE,G03D,PROGESTATIFS,G03DA,DERIVES PREGNENE 4,G03DA04,PROGESTERONE,395297.0,854795.61,1111950.37
G,SYSTEME GENITO-URINAIRE ET HORMONES SEXUELLES,G03,HORMONES SEXUELLES ET MODULATEURS DE LA FONCTION GENITALE,G03D,PROGESTATIFS,G03DB,DERIVES PREGNADIENE,9999999,Non restitué,19776.0,62407.63,90818.97
G,SYSTEME GENITO-URINAIRE ET HORMONES SEXUELLES,G03,HORMONES SEXUELLES ET MODULATEURS DE LA FONCTION GENITALE,G03D,PROGESTATIFS,G03DB,DERIVES PREGNADIENE,G03DB01,DYDROGESTERONE,439333.0,182314.71,200358.36
G,SYSTEME GENITO-URINAIRE ET HORMONES SEXUELLES,G03,HORMONES SEXUELLES ET MODULATEURS DE LA FONCTION GENITALE,G03D,PROGESTATIFS,G03DB,DERIVES PREGNADIENE,G03DB03,MEDROGESTONE,55117.0,65479.35,63760.12
G,SYSTEME GENITO-URINAIRE ET HORMONES SEXUELLES,G03,HORMONES SEXUELLES ET MODULATEURS DE LA FONCTION GENITALE,G03D,PROGESTATIFS,G03DB,DERIVES PREGNADIENE,G03DB04,NOMEGESTROL,19652.0,41154.6,49388.91
G,SYSTEME GENITO-URINAIRE ET HORMONES SEXUELLES,G03,HORMONES SEXUELLES ET MODULATEURS DE LA FONCTION GENITALE,G03D,PROGESTATIFS,G03DB,DERIVES PREGNADIENE,G03DB08,DIENOGEST,104449.0,591485.63,652149.02
G,SYSTEME GENITO-URINAIRE ET HORMONES SEXUELLES,G03,HORMONES SEXUELLES ET MODULATEURS DE LA FONCTION GENITALE,G03F,PROGESTATIFS ET ESTROGENES EN ASSOCIATION,99999,Non restitué,9999999,Non restitué,5035.0,20948.93,29762.9
G,SYSTEME GENITO-URINAIRE ET HORMONES SEXUELLES,G03,HORMONES SEXUELLES ET MODULATEURS DE LA FONCTION GENITALE,G03F,PROGESTATIFS ET ESTROGENES EN ASSOCIATION,G03FA,PROGESTATIFS ET ESTROGENES EN ASSOCIATION,9999999,Non restitué,8144.0,35158.63,50616.83
G,SYSTEME GENITO-URINAIRE ET HORMONES SEXUELLES,G03,HORMONES SEXUELLES ET MODULATEURS DE LA FONCTION GENITALE,G03F,PROGESTATIFS ET ESTROGENES EN ASSOCIATION,G03FA,PROGESTATIFS ET ESTROGENES EN ASSOCIATION,G03FA01,NORETHISTERONE ET ESTROGENE,1189.0,5364.58,7439.66
G,SYSTEME GENITO-URINAIRE ET HORMONES SEXUELLES,G03,HORMONES SEXUELLES ET MODULATEURS DE LA FONCTION GENITALE,G03F,PROGESTATIFS ET ESTROGENES EN ASSOCIATION,G03FA,PROGESTATIFS ET ESTROGENES EN ASSOCIATION,G03FA04,PROGESTERONE ET ESTROGENE,80196.0,92353.38,231617.91
G,SYSTEME GENITO-URINAIRE ET HORMONES SEXUELLES,G03,HORMONES SEXUELLES ET MODULATEURS DE LA FONCTION GENITALE,G03F,PROGESTATIFS ET ESTROGENES EN ASSOCIATION,G03FA,PROGESTATIFS ET ESTROGENES EN ASSOCIATION,G03FA11,LEVONORGESTREL ET ESTROGENE,52.0,366.03,458.64
G,SYSTEME GENITO-URINAIRE ET HORMONES SEXUELLES,G03,HORMONES SEXUELLES ET MODULATEURS DE LA FONCTION GENITALE,G03F,PROGESTATIFS ET ESTROGENES EN ASSOCIATION,G03FA,PROGESTATIFS ET ESTROGENES EN ASSOCIATION,G03FA12,MEDROXYPROGESTERONE ET ESTROGENE,76.0,383.13,475.0
G,SYSTEME GENITO-URINAIRE ET HORMONES SEXUELLES,G03,HORMONES SEXUELLES ET MODULATEURS DE LA FONCTION GENITALE,G03F,PROGESTATIFS ET ESTROGENES EN ASSOCIATION,G03FA,PROGESTATIFS ET ESTROGENES EN ASSOCIATION,G03FA14,DYDROGESTERONE ET ESTROGENE,13944.0,48015.93,64506.82
G,SYSTEME GENITO-URINAIRE ET HORMONES SEXUELLES,G03,HORMONES SEXUELLES ET MODULATEURS DE LA FONCTION GENITALE,G03F,PROGESTATIFS ET ESTROGENES EN ASSOCIATION,G03FB,PROGESTATIFS ET ESTROGENES POUR ADMINISTRATION SEQUENTIELLE,9999999,Non restitué,406.0,1970.24,2521.2000000000003
G,SYSTEME GENITO-URINAIRE ET HORMONES SEXUELLES,G03,HORMONES SEXUELLES ET MODULATEURS DE LA FONCTION GENITALE,G03F,PROGESTATIFS ET ESTROGENES EN ASSOCIATION,G03FB,PROGESTATIFS ET ESTROGENES POUR ADMINISTRATION SEQUENTIELLE,G03FB06,MEDROXYPROGESTERONE ET ESTROGENE,183.0,946.88,0.0
G,SYSTEME GENITO-URINAIRE ET HORMONES SEXUELLES,G03,HORMONES SEXUELLES ET MODULATEURS DE LA FONCTION GENITALE,G03F,PROGESTATIFS ET ESTROGENES EN ASSOCIATION,G03FB,PROGESTATIFS ET ESTROGENES POUR ADMINISTRATION SEQUENTIELLE,G03FB08,DYDROGESTERONE ET ESTROGENE,30029.0,68168.44,80002.03
G,SYSTEME GENITO-URINAIRE ET HORMONES SEXUELLES,G03,HORMONES SEXUELLES ET MODULATEURS DE LA FONCTION GENITALE,G03G,GONADOTROPHINES ET AUTRES STIMULANTS DE L'OVULATION,99999,Non restitué,9999999,Non restitué,3145.0,8313.6,10062.0
G,SYSTEME GENITO-URINAIRE ET HORMONES SEXUELLES,G03,HORMONES SEXUELLES ET MODULATEURS DE LA FONCTION GENITALE,G03G,GONADOTROPHINES ET AUTRES STIMULANTS DE L'OVULATION,G03GA,GONADOTROPHINES,9999999,Non restitué,11777.0,21074.15,21160.87
G,SYSTEME GENITO-URINAIRE ET HORMONES SEXUELLES,G03,HORMONES SEXUELLES ET MODULATEURS DE LA FONCTION GENITALE,G03G,GONADOTROPHINES ET AUTRES STIMULANTS DE L'OVULATION,G03GA,GONADOTROPHINES,G03GA01,GONADOTROPHINE CHORIONIQUE,738.0,4921.36,4921.36
G,SYSTEME GENITO-URINAIRE ET HORMONES SEXUELLES,G03,HORMONES SEXUELLES ET MODULATEURS DE LA FONCTION GENITALE,G03G,GONADOTROPHINES ET AUTRES STIMULANTS DE L'OVULATION,G03GA,GONADOTROPHINES,G03GA02,GONADOTROPHINE MENOPAUSIQUE HUMAINE,98461.0,22607.47,22607.47
G,SYSTEME GENITO-URINAIRE ET HORMONES SEXUELLES,G03,HORMONES SEXUELLES ET MODULATEURS DE LA FONCTION GENITALE,G03G,GONADOTROPHINES ET AUTRES STIMULANTS DE L'OVULATION,G03GA,GONADOTROPHINES,G03GA04,UROFOLLITROPHINE,104.0,496.24,496.24
G,SYSTEME GENITO-URINAIRE ET HORMONES SEXUELLES,G03,HORMONES SEXUELLES ET MODULATEURS DE LA FONCTION GENITALE,G03G,GONADOTROPHINES ET AUTRES STIMULANTS DE L'OVULATION,G03GA,GONADOTROPHINES,G03GA05,FOLLITROPINE ALFA,326277.0,79767.08,79767.08
G,SYSTEME GENITO-URINAIRE ET HORMONES SEXUELLES,G03,HORMONES SEXUELLES ET MODULATEURS DE LA FONCTION GENITALE,G03G,GONADOTROPHINES ET AUTRES STIMULANTS DE L'OVULATION,G03GA,GONADOTROPHINES,G03GA06,FOLLITROPINE BETA,18356.0,9292.93,10351.73
G,SYSTEME GENITO-URINAIRE ET HORMONES SEXUELLES,G03,HORMONES SEXUELLES ET MODULATEURS DE LA FONCTION GENITALE,G03G,GONADOTROPHINES ET AUTRES STIMULANTS DE L'OVULATION,G03GA,GONADOTROPHINES,G03GA07,LUTROPINE ALFA,7883.0,2280.7799999999997,2280.7799999999997
G,SYSTEME GENITO-URINAIRE ET HORMONES SEXUELLES,G03,HORMONES SEXUELLES ET MODULATEURS DE LA FONCTION GENITALE,G03G,GONADOTROPHINES ET AUTRES STIMULANTS DE L'OVULATION,G03GA,GONADOTROPHINES,G03GA08,CHORIOGONADOTROPINE ALFA,119293.0,85337.97,86113.17
G,SYSTEME GENITO-URINAIRE ET HORMONES SEXUELLES,G03,HORMONES SEXUELLES ET MODULATEURS DE LA FONCTION GENITALE,G03G,GONADOTROPHINES ET AUTRES STIMULANTS DE L'OVULATION,G03GA,GONADOTROPHINES,G03GA09,CORIFOLLITROPINE ALFA,1092.0,2848.51,2848.51
G,SYSTEME GENITO-URINAIRE ET HORMONES SEXUELLES,G03,HORMONES SEXUELLES ET MODULATEURS DE LA FONCTION GENITALE,G03G,GONADOTROPHINES ET AUTRES STIMULANTS DE L'OVULATION,G03GA,GONADOTROPHINES,G03GA10,FOLLITROPINE,8678.0,9819.55,9819.55
G,SYSTEME GENITO-URINAIRE ET HORMONES SEXUELLES,G03,HORMONES SEXUELLES ET MODULATEURS DE LA FONCTION GENITALE,G03G,GONADOTROPHINES ET AUTRES STIMULANTS DE L'OVULATION,G03GA,GONADOTROPHINES,G03GA30,ASSOCIATIONS,35319.0,6714.27,6714.27
G,SYSTEME GENITO-URINAIRE ET HORMONES SEXUELLES,G03,HORMONES SEXUELLES ET MODULATEURS DE LA FONCTION GENITALE,G03G,GONADOTROPHINES ET AUTRES STIMULANTS DE L'OVULATION,G03GB,STIMULANTS SYNTHETIQUES DE L'OVULATION,G03GB02,CLOMIFENE,19979.0,44761.42,63432.01
G,SYSTEME GENITO-URINAIRE ET HORMONES SEXUELLES,G03,HORMONES SEXUELLES ET MODULATEURS DE LA FONCTION GENITALE,G03H,ANTIANDROGENES,99999,Non restitué,9999999,Non restitué,35.0,151.95,220.77
G,SYSTEME GENITO-URINAIRE ET HORMONES SEXUELLES,G03,HORMONES SEXUELLES ET MODULATEURS DE LA FONCTION GENITALE,G03H,ANTIANDROGENES,G03HA,ANTIANDROGENES NON ASSOCIES,G03HA01,CYPROTERONE,5851.0,32688.02,36426.26
G,SYSTEME GENITO-URINAIRE ET HORMONES SEXUELLES,G03,HORMONES SEXUELLES ET MODULATEURS DE LA FONCTION GENITALE,G03X,AUTRES HORMONES SEXUELLES ET MODULATEURS DE LA FONCTION GENITALE,99999,Non restitué,9999999,Non restitué,852.0,31753.97,35648.72
G,SYSTEME GENITO-URINAIRE ET HORMONES SEXUELLES,G03,HORMONES SEXUELLES ET MODULATEURS DE LA FONCTION GENITALE,G03X,AUTRES HORMONES SEXUELLES ET MODULATEURS DE LA FONCTION GENITALE,G03XA,ANTIGONADOTROPHINES ET ANALOGUES,G03XA01,DANAZOL,502.0,1192.77,1251.15
G,SYSTEME GENITO-URINAIRE ET HORMONES SEXUELLES,G03,HORMONES SEXUELLES ET MODULATEURS DE LA FONCTION GENITALE,G03X,AUTRES HORMONES SEXUELLES ET MODULATEURS DE LA FONCTION GENITALE,G03XC,MODULATEURS SELECTIFS DES RECEPTEURS AUX ESTROGÈNES,G03XC01,RALOXIFENE,9754.0,140559.09,157160.15
G,SYSTEME GENITO-URINAIRE ET HORMONES SEXUELLES,G04,MEDICAMENTS UROLOGIQUES,9999,Non restitué,99999,Non restitué,9999999,Non restitué,3656.0,16019.09,26739.93
G,SYSTEME GENITO-URINAIRE ET HORMONES SEXUELLES,G04,MEDICAMENTS UROLOGIQUES,G04B,"AUTRES MEDICAMENTS UROLOGIQUES, ANTISPASMODIQUES INCLUS",99999,Non restitué,9999999,Non restitué,7122.0,87298.7,93037.19
G,SYSTEME GENITO-URINAIRE ET HORMONES SEXUELLES,G04,MEDICAMENTS UROLOGIQUES,G04B,"AUTRES MEDICAMENTS UROLOGIQUES, ANTISPASMODIQUES INCLUS",G04BD,ANTISPASMODIQUES URINAIRES,9999999,Non restitué,18221.0,50107.96,83286.39
G,SYSTEME GENITO-URINAIRE ET HORMONES SEXUELLES,G04,MEDICAMENTS UROLOGIQUES,G04B,"AUTRES MEDICAMENTS UROLOGIQUES, ANTISPASMODIQUES INCLUS",G04BD,ANTISPASMODIQUES URINAIRES,G04BD02,FLAVOXATE,4420.0,11486.58,21923.2
G,SYSTEME GENITO-URINAIRE ET HORMONES SEXUELLES,G04,MEDICAMENTS UROLOGIQUES,G04B,"AUTRES MEDICAMENTS UROLOGIQUES, ANTISPASMODIQUES INCLUS",G04BD,ANTISPASMODIQUES URINAIRES,G04BD04,OXYBUTYNINE,55896.0,101444.56,165547.59
G,SYSTEME GENITO-URINAIRE ET HORMONES SEXUELLES,G04,MEDICAMENTS UROLOGIQUES,G04B,"AUTRES MEDICAMENTS UROLOGIQUES, ANTISPASMODIQUES INCLUS",G04BD,ANTISPASMODIQUES URINAIRES,G04BD08,SOLIFENACINE,252894.0,969740.67,1503298.45
G,SYSTEME GENITO-URINAIRE ET HORMONES SEXUELLES,G04,MEDICAMENTS UROLOGIQUES,G04B,"AUTRES MEDICAMENTS UROLOGIQUES, ANTISPASMODIQUES INCLUS",G04BD,ANTISPASMODIQUES URINAIRES,G04BD09,TROSPIUM,99654.0,189823.53,286191.14
G,SYSTEME GENITO-URINAIRE ET HORMONES SEXUELLES,G04,MEDICAMENTS UROLOGIQUES,G04B,"AUTRES MEDICAMENTS UROLOGIQUES, ANTISPASMODIQUES INCLUS",G04BD,ANTISPASMODIQUES URINAIRES,G04BD11,FESOTERODINE,185475.0,622054.16,1078265.12
G,SYSTEME GENITO-URINAIRE ET HORMONES SEXUELLES,G04,MEDICAMENTS UROLOGIQUES,G04B,"AUTRES MEDICAMENTS UROLOGIQUES, ANTISPASMODIQUES INCLUS",G04BE,MEDICAMENTS UTILISES DANS LES TROUBLES DE L'ERECTION,G04BE01,ALPROSTADIL,222885.0,242792.77,208063.98
G,SYSTEME GENITO-URINAIRE ET HORMONES SEXUELLES,G04,MEDICAMENTS UROLOGIQUES,G04C,MEDICAMENTS UTILISES DANS L'HYPERTROPHIE BENIGNE DE LA PROSTATE,99999,Non restitué,9999999,Non restitué,7194.0,54552.18,103708.8
G,SYSTEME GENITO-URINAIRE ET HORMONES SEXUELLES,G04,MEDICAMENTS UROLOGIQUES,G04C,MEDICAMENTS UTILISES DANS L'HYPERTROPHIE BENIGNE DE LA PROSTATE,G04CA,ALPHA-BLOQUANTS,9999999,Non restitué,13480.0,56769.13,113647.91
G,SYSTEME GENITO-URINAIRE ET HORMONES SEXUELLES,G04,MEDICAMENTS UROLOGIQUES,G04C,MEDICAMENTS UTILISES DANS L'HYPERTROPHIE BENIGNE DE LA PROSTATE,G04CA,ALPHA-BLOQUANTS,G04CA01,ALFUZOSINE,522918.0,1160033.55,1600383.75
G,SYSTEME GENITO-URINAIRE ET HORMONES SEXUELLES,G04,MEDICAMENTS UROLOGIQUES,G04C,MEDICAMENTS UTILISES DANS L'HYPERTROPHIE BENIGNE DE LA PROSTATE,G04CA,ALPHA-BLOQUANTS,G04CA02,TAMSULOSINE,593251.0,1222890.44,1757670.47
G,SYSTEME GENITO-URINAIRE ET HORMONES SEXUELLES,G04,MEDICAMENTS UROLOGIQUES,G04C,MEDICAMENTS UTILISES DANS L'HYPERTROPHIE BENIGNE DE LA PROSTATE,G04CA,ALPHA-BLOQUANTS,G04CA03,TERAZOSINE,215.0,1714.29,2600.7
G,SYSTEME GENITO-URINAIRE ET HORMONES SEXUELLES,G04,MEDICAMENTS UROLOGIQUES,G04C,MEDICAMENTS UTILISES DANS L'HYPERTROPHIE BENIGNE DE LA PROSTATE,G04CA,ALPHA-BLOQUANTS,G04CA04,SILODOSINE,391583.0,640735.74,996803.23
G,SYSTEME GENITO-URINAIRE ET HORMONES SEXUELLES,G04,MEDICAMENTS UROLOGIQUES,G04C,MEDICAMENTS UTILISES DANS L'HYPERTROPHIE BENIGNE DE LA PROSTATE,G04CA,ALPHA-BLOQUANTS,G04CA52,TAMSULOSINE ET DUTASTERIDE,51747.0,189310.79,330964.13
G,SYSTEME GENITO-URINAIRE ET HORMONES SEXUELLES,G04,MEDICAMENTS UROLOGIQUES,G04C,MEDICAMENTS UTILISES DANS L'HYPERTROPHIE BENIGNE DE LA PROSTATE,G04CB,INHIBITEURS DE L'ALPHA-5-TESTOSTERONE REDUCTASE,9999999,Non restitué,4005.0,23015.56,40899.74
G,SYSTEME GENITO-URINAIRE ET HORMONES SEXUELLES,G04,MEDICAMENTS UROLOGIQUES,G04C,MEDICAMENTS UTILISES DANS L'HYPERTROPHIE BENIGNE DE LA PROSTATE,G04CB,INHIBITEURS DE L'ALPHA-5-TESTOSTERONE REDUCTASE,G04CB01,FINASTERIDE,60163.0,323404.1,425165.23
G,SYSTEME GENITO-URINAIRE ET HORMONES SEXUELLES,G04,MEDICAMENTS UROLOGIQUES,G04C,MEDICAMENTS UTILISES DANS L'HYPERTROPHIE BENIGNE DE LA PROSTATE,G04CB,INHIBITEURS DE L'ALPHA-5-TESTOSTERONE REDUCTASE,G04CB02,DUTASTERIDE,205711.0,561665.56,797254.29
G,SYSTEME GENITO-URINAIRE ET HORMONES SEXUELLES,G04,MEDICAMENTS UROLOGIQUES,G04C,MEDICAMENTS UTILISES DANS L'HYPERTROPHIE BENIGNE DE LA PROSTATE,G04CX,AUTRES MEDICAMENTS UTILISES DANS L'HYPERTROPHIE BENIGNE DE LA PROSTATE,9999999,Non restitué,14.0,136.8,231.95
G,SYSTEME GENITO-URINAIRE ET HORMONES SEXUELLES,G04,MEDICAMENTS UROLOGIQUES,G04C,MEDICAMENTS UTILISES DANS L'HYPERTROPHIE BENIGNE DE LA PROSTATE,G04CX,AUTRES MEDICAMENTS UTILISES DANS L'HYPERTROPHIE BENIGNE DE LA PROSTATE,G04CX02,SERENOA REPENS,267018.0,595576.03,707422.42
H,"HORMONES SYSTEMIQUES, A L EXCLUSION DES HORMONES SEXUELLES ET DES INSULINES",999,INCONNU,9999,Non restitué,99999,Non restitué,9999999,Non restitué,12985.0,283166.59,296892.29
H,"HORMONES SYSTEMIQUES, A L EXCLUSION DES HORMONES SEXUELLES ET DES INSULINES",H01,"HORMONES HYPOPHYSAIRES,HYPOTHALAMIQUES ET ANALOGUES",9999,Non restitué,99999,Non restitué,9999999,Non restitué,9560.0,96203.98,102677.11
H,"HORMONES SYSTEMIQUES, A L EXCLUSION DES HORMONES SEXUELLES ET DES INSULINES",H01,"HORMONES HYPOPHYSAIRES,HYPOTHALAMIQUES ET ANALOGUES",H01A,HORMONES DE L'ANTE HYPOPHYSE ET ANALOGUES,99999,Non restitué,9999999,Non restitué,7085.0,15119.17,15038.81
H,"HORMONES SYSTEMIQUES, A L EXCLUSION DES HORMONES SEXUELLES ET DES INSULINES",H01,"HORMONES HYPOPHYSAIRES,HYPOTHALAMIQUES ET ANALOGUES",H01A,HORMONES DE L'ANTE HYPOPHYSE ET ANALOGUES,H01AA,ACTH,H01AA02,TETRACOSACTIDE,17168.0,93250.49,105309.76
H,"HORMONES SYSTEMIQUES, A L EXCLUSION DES HORMONES SEXUELLES ET DES INSULINES",H01,"HORMONES HYPOPHYSAIRES,HYPOTHALAMIQUES ET ANALOGUES",H01A,HORMONES DE L'ANTE HYPOPHYSE ET ANALOGUES,H01AC,SOMATROPINE ET AGONISTES DE LA SOMATROPINE,9999999,Non restitué,5009.0,3517.08,3517.08
H,"HORMONES SYSTEMIQUES, A L EXCLUSION DES HORMONES SEXUELLES ET DES INSULINES",H01,"HORMONES HYPOPHYSAIRES,HYPOTHALAMIQUES ET ANALOGUES",H01A,HORMONES DE L'ANTE HYPOPHYSE ET ANALOGUES,H01AC,SOMATROPINE ET AGONISTES DE LA SOMATROPINE,H01AC01,SOMATROPINE,368260.0,67113.83,67204.75
H,"HORMONES SYSTEMIQUES, A L EXCLUSION DES HORMONES SEXUELLES ET DES INSULINES",H01,"HORMONES HYPOPHYSAIRES,HYPOTHALAMIQUES ET ANALOGUES",H01A,HORMONES DE L'ANTE HYPOPHYSE ET ANALOGUES,H01AC,SOMATROPINE ET AGONISTES DE LA SOMATROPINE,H01AC03,MECASERMINE,537.0,663.11,663.11
H,"HORMONES SYSTEMIQUES, A L EXCLUSION DES HORMONES SEXUELLES ET DES INSULINES",H01,"HORMONES HYPOPHYSAIRES,HYPOTHALAMIQUES ET ANALOGUES",H01A,HORMONES DE L'ANTE HYPOPHYSE ET ANALOGUES,H01AC,SOMATROPINE ET AGONISTES DE LA SOMATROPINE,H01AC08,SOMATROGONE,13163.0,10120.81,9538.42
H,"HORMONES SYSTEMIQUES, A L EXCLUSION DES HORMONES SEXUELLES ET DES INSULINES",H01,"HORMONES HYPOPHYSAIRES,HYPOTHALAMIQUES ET ANALOGUES",H01A,HORMONES DE L'ANTE HYPOPHYSE ET ANALOGUES,H01AX,Autres hormones de l'ante hypophyse et analogues,H01AX01,PEGVISOMANT,7331.0,0.0,0.0
H,"HORMONES SYSTEMIQUES, A L EXCLUSION DES HORMONES SEXUELLES ET DES INSULINES",H01,"HORMONES HYPOPHYSAIRES,HYPOTHALAMIQUES ET ANALOGUES",H01B,HORMONES DE LA POST HYPOPHYSE,H01BA,VASOPRESSINE ET ANALOGUES,H01BA02,DESMOPRESSINE,112753.0,518838.88,480151.88
H,"HORMONES SYSTEMIQUES, A L EXCLUSION DES HORMONES SEXUELLES ET DES INSULINES",H01,"HORMONES HYPOPHYSAIRES,HYPOTHALAMIQUES ET ANALOGUES",H01C,HORMONES HYPOTHALAMIQUES,99999,Non restitué,9999999,Non restitué,4763.0,44964.12,45123.65
H,"HORMONES SYSTEMIQUES, A L EXCLUSION DES HORMONES SEXUELLES ET DES INSULINES",H01,"HORMONES HYPOPHYSAIRES,HYPOTHALAMIQUES ET ANALOGUES",H01C,HORMONES HYPOTHALAMIQUES,H01CA,HORMONES ENTRAINANT LA LIBERATION DE GONADOTROPHINES,9999999,Non restitué,1514.0,856.99,0.0
H,"HORMONES SYSTEMIQUES, A L EXCLUSION DES HORMONES SEXUELLES ET DES INSULINES",H01,"HORMONES HYPOPHYSAIRES,HYPOTHALAMIQUES ET ANALOGUES",H01C,HORMONES HYPOTHALAMIQUES,H01CA,HORMONES ENTRAINANT LA LIBERATION DE GONADOTROPHINES,H01CA01,GONADORELINE,282.0,0.0,0.0
H,"HORMONES SYSTEMIQUES, A L EXCLUSION DES HORMONES SEXUELLES ET DES INSULINES",H01,"HORMONES HYPOPHYSAIRES,HYPOTHALAMIQUES ET ANALOGUES",H01C,HORMONES HYPOTHALAMIQUES,H01CA,HORMONES ENTRAINANT LA LIBERATION DE GONADOTROPHINES,H01CA02,NAFARELINE,4709.0,505.4100000000001,659.22
H,"HORMONES SYSTEMIQUES, A L EXCLUSION DES HORMONES SEXUELLES ET DES INSULINES",H01,"HORMONES HYPOPHYSAIRES,HYPOTHALAMIQUES ET ANALOGUES",H01C,HORMONES HYPOTHALAMIQUES,H01CB,ANTIHORMONE DE CROISSANCE,9999999,Non restitué,7576.0,9656.27,9656.27
H,"HORMONES SYSTEMIQUES, A L EXCLUSION DES HORMONES SEXUELLES ET DES INSULINES",H01,"HORMONES HYPOPHYSAIRES,HYPOTHALAMIQUES ET ANALOGUES",H01C,HORMONES HYPOTHALAMIQUES,H01CB,ANTIHORMONE DE CROISSANCE,H01CB02,OCTREOTIDE,42959.0,30357.97,30849.11
H,"HORMONES SYSTEMIQUES, A L EXCLUSION DES HORMONES SEXUELLES ET DES INSULINES",H01,"HORMONES HYPOPHYSAIRES,HYPOTHALAMIQUES ET ANALOGUES",H01C,HORMONES HYPOTHALAMIQUES,H01CB,ANTIHORMONE DE CROISSANCE,H01CB03,LANREOTIDE,65223.0,20363.31,19831.04
H,"HORMONES SYSTEMIQUES, A L EXCLUSION DES HORMONES SEXUELLES ET DES INSULINES",H01,"HORMONES HYPOPHYSAIRES,HYPOTHALAMIQUES ET ANALOGUES",H01C,HORMONES HYPOTHALAMIQUES,H01CB,ANTIHORMONE DE CROISSANCE,H01CB05,PASIREOTIDE,2554.0,0.0,0.0
H,"HORMONES SYSTEMIQUES, A L EXCLUSION DES HORMONES SEXUELLES ET DES INSULINES",H01,"HORMONES HYPOPHYSAIRES,HYPOTHALAMIQUES ET ANALOGUES",H01C,HORMONES HYPOTHALAMIQUES,H01CC,HORMONES ENTRAINANT LA LIBERATION D'ANTAGONISTES DES GONADOTROPHINES,9999999,Non restitué,1907.0,29870.86,29870.86
H,"HORMONES SYSTEMIQUES, A L EXCLUSION DES HORMONES SEXUELLES ET DES INSULINES",H01,"HORMONES HYPOPHYSAIRES,HYPOTHALAMIQUES ET ANALOGUES",H01C,HORMONES HYPOTHALAMIQUES,H01CC,HORMONES ENTRAINANT LA LIBERATION D'ANTAGONISTES DES GONADOTROPHINES,H01CC01,GANIRELIX,117338.0,80744.11,80993.24
H,"HORMONES SYSTEMIQUES, A L EXCLUSION DES HORMONES SEXUELLES ET DES INSULINES",H01,"HORMONES HYPOPHYSAIRES,HYPOTHALAMIQUES ET ANALOGUES",H01C,HORMONES HYPOTHALAMIQUES,H01CC,HORMONES ENTRAINANT LA LIBERATION D'ANTAGONISTES DES GONADOTROPHINES,H01CC02,CETRORELIX,26038.0,1941.79,1941.79
H,"HORMONES SYSTEMIQUES, A L EXCLUSION DES HORMONES SEXUELLES ET DES INSULINES",H02,CORTICOIDES A USAGE SYSTEMIQUE,9999,Non restitué,99999,Non restitué,9999999,Non restitué,3270.0,13270.43,13238.44
H,"HORMONES SYSTEMIQUES, A L EXCLUSION DES HORMONES SEXUELLES ET DES INSULINES",H02,CORTICOIDES A USAGE SYSTEMIQUE,H02A,CORTICOIDES A USAGE SYSTEMIQUE NON ASSOCIES,99999,Non restitué,9999999,Non restitué,4641.0,204957.8,216509.51
H,"HORMONES SYSTEMIQUES, A L EXCLUSION DES HORMONES SEXUELLES ET DES INSULINES",H02,CORTICOIDES A USAGE SYSTEMIQUE,H02A,CORTICOIDES A USAGE SYSTEMIQUE NON ASSOCIES,H02AA,MINERALOCORTICOIDES,H02AA02,FLUDROCORTISONE,49954.0,86411.06999999999,85988.54
H,"HORMONES SYSTEMIQUES, A L EXCLUSION DES HORMONES SEXUELLES ET DES INSULINES",H02,CORTICOIDES A USAGE SYSTEMIQUE,H02A,CORTICOIDES A USAGE SYSTEMIQUE NON ASSOCIES,H02AB,GLUCOCORTICOIDES,9999999,Non restitué,26834.0,78161.79,90825.33
H,"HORMONES SYSTEMIQUES, A L EXCLUSION DES HORMONES SEXUELLES ET DES INSULINES",H02,CORTICOIDES A USAGE SYSTEMIQUE,H02A,CORTICOIDES A USAGE SYSTEMIQUE NON ASSOCIES,H02AB,GLUCOCORTICOIDES,H02AB01,BETAMETHASONE,511402.0,694758.59,850458.77
H,"HORMONES SYSTEMIQUES, A L EXCLUSION DES HORMONES SEXUELLES ET DES INSULINES",H02,CORTICOIDES A USAGE SYSTEMIQUE,H02A,CORTICOIDES A USAGE SYSTEMIQUE NON ASSOCIES,H02AB,GLUCOCORTICOIDES,H02AB02,DEXAMETHASONE,40502.0,195880.42,209477.99
H,"HORMONES SYSTEMIQUES, A L EXCLUSION DES HORMONES SEXUELLES ET DES INSULINES",H02,CORTICOIDES A USAGE SYSTEMIQUE,H02A,CORTICOIDES A USAGE SYSTEMIQUE NON ASSOCIES,H02AB,GLUCOCORTICOIDES,H02AB04,METHYLPREDNISOLONE,240924.0,563501.5,601526.67
H,"HORMONES SYSTEMIQUES, A L EXCLUSION DES HORMONES SEXUELLES ET DES INSULINES",H02,CORTICOIDES A USAGE SYSTEMIQUE,H02A,CORTICOIDES A USAGE SYSTEMIQUE NON ASSOCIES,H02AB,GLUCOCORTICOIDES,H02AB06,PREDNISOLONE,1970359.0,3206725.45,3747643.3
H,"HORMONES SYSTEMIQUES, A L EXCLUSION DES HORMONES SEXUELLES ET DES INSULINES",H02,CORTICOIDES A USAGE SYSTEMIQUE,H02A,CORTICOIDES A USAGE SYSTEMIQUE NON ASSOCIES,H02AB,GLUCOCORTICOIDES,H02AB07,PREDNISONE,2542407.0,2316646.33,2490347.19
H,"HORMONES SYSTEMIQUES, A L EXCLUSION DES HORMONES SEXUELLES ET DES INSULINES",H02,CORTICOIDES A USAGE SYSTEMIQUE,H02A,CORTICOIDES A USAGE SYSTEMIQUE NON ASSOCIES,H02AB,GLUCOCORTICOIDES,H02AB08,TRIAMCINOLONE,72493.0,174128.01,220138.55
H,"HORMONES SYSTEMIQUES, A L EXCLUSION DES HORMONES SEXUELLES ET DES INSULINES",H02,CORTICOIDES A USAGE SYSTEMIQUE,H02A,CORTICOIDES A USAGE SYSTEMIQUE NON ASSOCIES,H02AB,GLUCOCORTICOIDES,H02AB09,HYDROCORTISONE,882634.0,334023.64,327962.88
H,"HORMONES SYSTEMIQUES, A L EXCLUSION DES HORMONES SEXUELLES ET DES INSULINES",H02,CORTICOIDES A USAGE SYSTEMIQUE,H02C,ANTIHORMONES SURRENALIENNES,H02CA,INHIBITEURS DE CORTICOIDES,9999999,Non restitué,1426.0,2821.0,2453.04
H,"HORMONES SYSTEMIQUES, A L EXCLUSION DES HORMONES SEXUELLES ET DES INSULINES",H02,CORTICOIDES A USAGE SYSTEMIQUE,H02C,ANTIHORMONES SURRENALIENNES,H02CA,INHIBITEURS DE CORTICOIDES,H02CA02,OSILODROSTAT,5217.0,0.0,0.0
H,"HORMONES SYSTEMIQUES, A L EXCLUSION DES HORMONES SEXUELLES ET DES INSULINES",H02,CORTICOIDES A USAGE SYSTEMIQUE,H02C,ANTIHORMONES SURRENALIENNES,H02CA,INHIBITEURS DE CORTICOIDES,H02CA03,KETOCONAZOLE,276.0,0.0,0.0
H,"HORMONES SYSTEMIQUES, A L EXCLUSION DES HORMONES SEXUELLES ET DES INSULINES",H03,MEDICAMENTS DE LA THYROIDE,9999,Non restitué,99999,Non restitué,9999999,Non restitué,4267.0,14970.98,18400.02
H,"HORMONES SYSTEMIQUES, A L EXCLUSION DES HORMONES SEXUELLES ET DES INSULINES",H03,MEDICAMENTS DE LA THYROIDE,H03A,PREPARATIONS THYROIDIENNES,H03AA,HORMONES THYROIDIENNES,9999999,Non restitué,6049.0,12856.45,19941.86
H,"HORMONES SYSTEMIQUES, A L EXCLUSION DES HORMONES SEXUELLES ET DES INSULINES",H03,MEDICAMENTS DE LA THYROIDE,H03A,PREPARATIONS THYROIDIENNES,H03AA,HORMONES THYROIDIENNES,H03AA01,LEVOTHYROXINE SODIQUE,1427518.0,3280983.99,3834488.11
H,"HORMONES SYSTEMIQUES, A L EXCLUSION DES HORMONES SEXUELLES ET DES INSULINES",H03,MEDICAMENTS DE LA THYROIDE,H03A,PREPARATIONS THYROIDIENNES,H03AA,HORMONES THYROIDIENNES,H03AA02,LIOTHYRONINE SODIQUE,3046.0,11525.89,13713.6
H,"HORMONES SYSTEMIQUES, A L EXCLUSION DES HORMONES SEXUELLES ET DES INSULINES",H03,MEDICAMENTS DE LA THYROIDE,H03A,PREPARATIONS THYROIDIENNES,H03AA,HORMONES THYROIDIENNES,H03AA03,ASSOCIATIONS DE LEVOTHYROXINE ET LIOTHYRONINE,5896.0,7267.9,14529.36
H,"HORMONES SYSTEMIQUES, A L EXCLUSION DES HORMONES SEXUELLES ET DES INSULINES",H03,MEDICAMENTS DE LA THYROIDE,H03B,ANTITHYROIDIENS,99999,Non restitué,9999999,Non restitué,5228.0,43812.26,57191.32
H,"HORMONES SYSTEMIQUES, A L EXCLUSION DES HORMONES SEXUELLES ET DES INSULINES",H03,MEDICAMENTS DE LA THYROIDE,H03B,ANTITHYROIDIENS,H03BA,THIOURACILES,9999999,Non restitué,4539.0,14837.14,19766.31
H,"HORMONES SYSTEMIQUES, A L EXCLUSION DES HORMONES SEXUELLES ET DES INSULINES",H03,MEDICAMENTS DE LA THYROIDE,H03B,ANTITHYROIDIENS,H03BA,THIOURACILES,H03BA02,PROPYLTHIOURACILE,21227.0,169364.78,179228.15
H,"HORMONES SYSTEMIQUES, A L EXCLUSION DES HORMONES SEXUELLES ET DES INSULINES",H03,MEDICAMENTS DE LA THYROIDE,H03B,ANTITHYROIDIENS,H03BA,THIOURACILES,H03BA03,BENZYLTHIOURACILE,1222.0,2477.03,3568.24
H,"HORMONES SYSTEMIQUES, A L EXCLUSION DES HORMONES SEXUELLES ET DES INSULINES",H03,MEDICAMENTS DE LA THYROIDE,H03B,ANTITHYROIDIENS,H03BB,DERIVES IMIDAZOLES SOUFRES,9999999,Non restitué,4091.0,8274.960000000001,11287.4
H,"HORMONES SYSTEMIQUES, A L EXCLUSION DES HORMONES SEXUELLES ET DES INSULINES",H03,MEDICAMENTS DE LA THYROIDE,H03B,ANTITHYROIDIENS,H03BB,DERIVES IMIDAZOLES SOUFRES,H03BB01,CARBIMAZOLE,153727.0,312751.45,383351.29
H,"HORMONES SYSTEMIQUES, A L EXCLUSION DES HORMONES SEXUELLES ET DES INSULINES",H03,MEDICAMENTS DE LA THYROIDE,H03B,ANTITHYROIDIENS,H03BB,DERIVES IMIDAZOLES SOUFRES,H03BB02,THIAMAZOLE,46453.0,89900.15,125127.62
H,"HORMONES SYSTEMIQUES, A L EXCLUSION DES HORMONES SEXUELLES ET DES INSULINES",H04,HORMONES PANCREATIQUES,H04A,HORMONES GLYCOGENOLYTIQUES,H04AA,HORMONES GLYCOGENOLYTIQUES,H04AA01,GLUCAGON,242433.0,578901.47,566041.93
H,"HORMONES SYSTEMIQUES, A L EXCLUSION DES HORMONES SEXUELLES ET DES INSULINES",H05,MEDICAMENTS DE L'EQUILIBRE CALCIQUE,9999,Non restitué,99999,Non restitué,9999999,Non restitué,4136.0,68744.41,70844.91
H,"HORMONES SYSTEMIQUES, A L EXCLUSION DES HORMONES SEXUELLES ET DES INSULINES",H05,MEDICAMENTS DE L'EQUILIBRE CALCIQUE,H05A,HORMONES PARATHYROIDIENNES ET ANALOGUES,H05AA,HORMONES PARATHYROIDIENNES ET ANALOGUES,H05AA02,TERIPARATIDE,58085.0,98430.89,88348.23
H,"HORMONES SYSTEMIQUES, A L EXCLUSION DES HORMONES SEXUELLES ET DES INSULINES",H05,MEDICAMENTS DE L'EQUILIBRE CALCIQUE,H05B,AGENTS ANTIPARATHYROÏDIENS,H05BX,AUTRES AGENTS ANTIPARATHYROÏDIENS,H05BX01,CINACALCET,124963.0,203459.5,189154.96
J,ANTI-INFECTIEUX (USAGE SYSTEMIQUE),999,INCONNU,9999,Non restitué,99999,Non restitué,9999999,Non restitué,17071.0,281131.57,371389.0
J,ANTI-INFECTIEUX (USAGE SYSTEMIQUE),999,Non restitué,9999,Non restitué,99999,Non restitué,9999999,Non restitué,10.0,125.5,183.01999999999998
J,ANTI-INFECTIEUX (USAGE SYSTEMIQUE),J01,ANTIBACTERIENS A USAGE SYSTEMIQUE,9999,Non restitué,99999,Non restitué,9999999,Non restitué,34893.0,150944.37,193023.72
J,ANTI-INFECTIEUX (USAGE SYSTEMIQUE),J01,ANTIBACTERIENS A USAGE SYSTEMIQUE,J01A,TETRACYCLINES,J01AA,TETRACYCLINES,9999999,Non restitué,6459.0,27595.71,37020.43
J,ANTI-INFECTIEUX (USAGE SYSTEMIQUE),J01,ANTIBACTERIENS A USAGE SYSTEMIQUE,J01A,TETRACYCLINES,J01AA,TETRACYCLINES,J01AA02,DOXYCYCLINE,365003.0,1121140.24,1367531.27
J,ANTI-INFECTIEUX (USAGE SYSTEMIQUE),J01,ANTIBACTERIENS A USAGE SYSTEMIQUE,J01A,TETRACYCLINES,J01AA,TETRACYCLINES,J01AA04,LYMECYCLINE,12255.0,43526.46,62831.87
J,ANTI-INFECTIEUX (USAGE SYSTEMIQUE),J01,ANTIBACTERIENS A USAGE SYSTEMIQUE,J01A,TETRACYCLINES,J01AA,TETRACYCLINES,J01AA07,TETRACYCLINE,4979.0,21472.85,30109.69
J,ANTI-INFECTIEUX (USAGE SYSTEMIQUE),J01,ANTIBACTERIENS A USAGE SYSTEMIQUE,J01A,TETRACYCLINES,J01AA,TETRACYCLINES,J01AA08,MINOCYCLINE,4647.0,18121.04,18120.16
J,ANTI-INFECTIEUX (USAGE SYSTEMIQUE),J01,ANTIBACTERIENS A USAGE SYSTEMIQUE,J01C,BETALACTAMINES : PENICILLINES,99999,Non restitué,9999999,Non restitué,26066.0,86192.62,103124.8
J,ANTI-INFECTIEUX (USAGE SYSTEMIQUE),J01,ANTIBACTERIENS A USAGE SYSTEMIQUE,J01C,BETALACTAMINES : PENICILLINES,99999,Non restitué,J01CF02,CLOXACILLINE,57.0,144.3,196.08
J,ANTI-INFECTIEUX (USAGE SYSTEMIQUE),J01,ANTIBACTERIENS A USAGE SYSTEMIQUE,J01C,BETALACTAMINES : PENICILLINES,J01CA,PENICILLINES A LARGE SPECTRE,9999999,Non restitué,2047.0,11739.63,16495.82
J,ANTI-INFECTIEUX (USAGE SYSTEMIQUE),J01,ANTIBACTERIENS A USAGE SYSTEMIQUE,J01C,BETALACTAMINES : PENICILLINES,J01CA,PENICILLINES A LARGE SPECTRE,J01CA04,AMOXICILLINE,3653595.0,4501041.53,5693860.02
J,ANTI-INFECTIEUX (USAGE SYSTEMIQUE),J01,ANTIBACTERIENS A USAGE SYSTEMIQUE,J01C,BETALACTAMINES : PENICILLINES,J01CA,PENICILLINES A LARGE SPECTRE,J01CA08,PIVMECILLINAM,57709.0,294712.52,363408.02
J,ANTI-INFECTIEUX (USAGE SYSTEMIQUE),J01,ANTIBACTERIENS A USAGE SYSTEMIQUE,J01C,BETALACTAMINES : PENICILLINES,J01CE,PENICILLINES SENSIBLES AUX BETALACTAMASES,9999999,Non restitué,4449.0,23555.48,29395.99
J,ANTI-INFECTIEUX (USAGE SYSTEMIQUE),J01,ANTIBACTERIENS A USAGE SYSTEMIQUE,J01C,BETALACTAMINES : PENICILLINES,J01CE,PENICILLINES SENSIBLES AUX BETALACTAMASES,J01CE02,PHENOXYMETHYLPENICILLINE,461039.0,294433.96,299935.41
J,ANTI-INFECTIEUX (USAGE SYSTEMIQUE),J01,ANTIBACTERIENS A USAGE SYSTEMIQUE,J01C,BETALACTAMINES : PENICILLINES,J01CE,PENICILLINES SENSIBLES AUX BETALACTAMASES,J01CE08,BENZATHINE BENZYLPENICILLINE,7708.0,55181.5,67113.1
J,ANTI-INFECTIEUX (USAGE SYSTEMIQUE),J01,ANTIBACTERIENS A USAGE SYSTEMIQUE,J01C,BETALACTAMINES : PENICILLINES,J01CF,PENICILLINES RESISTANTES AUX BETALACTAMASES,9999999,Non restitué,45683.0,55439.17,56335.06
J,ANTI-INFECTIEUX (USAGE SYSTEMIQUE),J01,ANTIBACTERIENS A USAGE SYSTEMIQUE,J01C,BETALACTAMINES : PENICILLINES,J01CF,PENICILLINES RESISTANTES AUX BETALACTAMASES,J01CF02,CLOXACILLINE,22792.0,60182.0,78898.05
J,ANTI-INFECTIEUX (USAGE SYSTEMIQUE),J01,ANTIBACTERIENS A USAGE SYSTEMIQUE,J01C,BETALACTAMINES : PENICILLINES,J01CF,PENICILLINES RESISTANTES AUX BETALACTAMASES,J01CF04,OXACILLINE,67310.0,3072.17,3421.32
J,ANTI-INFECTIEUX (USAGE SYSTEMIQUE),J01,ANTIBACTERIENS A USAGE SYSTEMIQUE,J01C,BETALACTAMINES : PENICILLINES,J01CR,"ASSOCIATIONS DE PENICILLINES, INHIBITEURS DE BETALACTAMASES INCLUS",9999999,Non restitué,29332.0,150972.52,157633.25
J,ANTI-INFECTIEUX (USAGE SYSTEMIQUE),J01,ANTIBACTERIENS A USAGE SYSTEMIQUE,J01C,BETALACTAMINES : PENICILLINES,J01CR,"ASSOCIATIONS DE PENICILLINES, INHIBITEURS DE BETALACTAMASES INCLUS",J01CR01,AMPICILLINE ET INHIBITEUR D'ENZYME,61.0,168.51,251.32
J,ANTI-INFECTIEUX (USAGE SYSTEMIQUE),J01,ANTIBACTERIENS A USAGE SYSTEMIQUE,J01C,BETALACTAMINES : PENICILLINES,J01CR,"ASSOCIATIONS DE PENICILLINES, INHIBITEURS DE BETALACTAMASES INCLUS",J01CR02,AMOXICILLINE ET INHIBITEUR D'ENZYME,3188764.0,9119960.34,11155523.67
J,ANTI-INFECTIEUX (USAGE SYSTEMIQUE),J01,ANTIBACTERIENS A USAGE SYSTEMIQUE,J01C,BETALACTAMINES : PENICILLINES,J01CR,"ASSOCIATIONS DE PENICILLINES, INHIBITEURS DE BETALACTAMASES INCLUS",J01CR05,PIPERACILLINE ET INHIBITEUR D'ENZYME,327578.0,192121.64,181425.63
J,ANTI-INFECTIEUX (USAGE SYSTEMIQUE),J01,ANTIBACTERIENS A USAGE SYSTEMIQUE,J01D,AUTRES BETALACTAMINES,99999,Non restitué,9999999,Non restitué,63048.0,173151.89,182675.56
J,ANTI-INFECTIEUX (USAGE SYSTEMIQUE),J01,ANTIBACTERIENS A USAGE SYSTEMIQUE,J01D,AUTRES BETALACTAMINES,J01DB,CEPHALOSPORINES DE PREMIERE GENERATION,9999999,Non restitué,562.0,2067.9,2387.99
J,ANTI-INFECTIEUX (USAGE SYSTEMIQUE),J01,ANTIBACTERIENS A USAGE SYSTEMIQUE,J01D,AUTRES BETALACTAMINES,J01DB,CEPHALOSPORINES DE PREMIERE GENERATION,J01DB01,CEFALEXINE,22491.0,35834.17,41590.52
J,ANTI-INFECTIEUX (USAGE SYSTEMIQUE),J01,ANTIBACTERIENS A USAGE SYSTEMIQUE,J01D,AUTRES BETALACTAMINES,J01DC,CEPHALOSPORINES DE DEUXIEME GENERATION,9999999,Non restitué,2063.0,6844.39,9446.51
J,ANTI-INFECTIEUX (USAGE SYSTEMIQUE),J01,ANTIBACTERIENS A USAGE SYSTEMIQUE,J01D,AUTRES BETALACTAMINES,J01DC,CEPHALOSPORINES DE DEUXIEME GENERATION,J01DC02,CEFUROXIME,34902.0,126449.16,165319.42
J,ANTI-INFECTIEUX (USAGE SYSTEMIQUE),J01,ANTIBACTERIENS A USAGE SYSTEMIQUE,J01D,AUTRES BETALACTAMINES,J01DC,CEPHALOSPORINES DE DEUXIEME GENERATION,J01DC04,CEFACLOR,5152.0,11885.39,15499.6
J,ANTI-INFECTIEUX (USAGE SYSTEMIQUE),J01,ANTIBACTERIENS A USAGE SYSTEMIQUE,J01D,AUTRES BETALACTAMINES,J01DD,CEPHALOSPORINES DE TROISIEME GENERATION,9999999,Non restitué,43403.0,162713.65,180902.74
J,ANTI-INFECTIEUX (USAGE SYSTEMIQUE),J01,ANTIBACTERIENS A USAGE SYSTEMIQUE,J01D,AUTRES BETALACTAMINES,J01DD,CEPHALOSPORINES DE TROISIEME GENERATION,J01DD02,CEFTAZIDIME,191666.0,76678.43,80160.6
J,ANTI-INFECTIEUX (USAGE SYSTEMIQUE),J01,ANTIBACTERIENS A USAGE SYSTEMIQUE,J01D,AUTRES BETALACTAMINES,J01DD,CEPHALOSPORINES DE TROISIEME GENERATION,J01DD04,CEFTRIAXONE,745671.0,1697975.96,1804962.75
J,ANTI-INFECTIEUX (USAGE SYSTEMIQUE),J01,ANTIBACTERIENS A USAGE SYSTEMIQUE,J01D,AUTRES BETALACTAMINES,J01DD,CEPHALOSPORINES DE TROISIEME GENERATION,J01DD08,CEFIXIME,225865.0,880815.74,1111785.06
J,ANTI-INFECTIEUX (USAGE SYSTEMIQUE),J01,ANTIBACTERIENS A USAGE SYSTEMIQUE,J01D,AUTRES BETALACTAMINES,J01DD,CEPHALOSPORINES DE TROISIEME GENERATION,J01DD13,CEFPODOXIME,108412.0,380471.9,560774.65
J,ANTI-INFECTIEUX (USAGE SYSTEMIQUE),J01,ANTIBACTERIENS A USAGE SYSTEMIQUE,J01D,AUTRES BETALACTAMINES,J01DE,CEPHALOSPORINES DE QUATRIEME GENERATION,J01DE01,CEFEPIME,55541.0,47019.96,40295.55
J,ANTI-INFECTIEUX (USAGE SYSTEMIQUE),J01,ANTIBACTERIENS A USAGE SYSTEMIQUE,J01D,AUTRES BETALACTAMINES,J01DF,MONOBACTAMS,J01DF01,AZTREONAM,5918.0,399.9,399.9
J,ANTI-INFECTIEUX (USAGE SYSTEMIQUE),J01,ANTIBACTERIENS A USAGE SYSTEMIQUE,J01D,AUTRES BETALACTAMINES,J01DH,CARBAPENEMS,9999999,Non restitué,14834.0,26581.54,28389.87
J,ANTI-INFECTIEUX (USAGE SYSTEMIQUE),J01,ANTIBACTERIENS A USAGE SYSTEMIQUE,J01D,AUTRES BETALACTAMINES,J01DH,CARBAPENEMS,J01DH02,MEROPENEM,10459.0,11980.81,10633.77
J,ANTI-INFECTIEUX (USAGE SYSTEMIQUE),J01,ANTIBACTERIENS A USAGE SYSTEMIQUE,J01D,AUTRES BETALACTAMINES,J01DH,CARBAPENEMS,J01DH51,IMIPENEM ET INHIBITEUR ENZYME (CILASTATINE SODIQUE),31784.0,7213.08,7913.75
J,ANTI-INFECTIEUX (USAGE SYSTEMIQUE),J01,ANTIBACTERIENS A USAGE SYSTEMIQUE,J01E,SULFAMIDES ET TRIMETHOPRIME,99999,Non restitué,9999999,Non restitué,8184.0,24062.8,30692.92
J,ANTI-INFECTIEUX (USAGE SYSTEMIQUE),J01,ANTIBACTERIENS A USAGE SYSTEMIQUE,J01E,SULFAMIDES ET TRIMETHOPRIME,J01EA,TRIMETHOPRIME ET DERIVES,J01EA01,TRIMETHOPRIME,7008.0,22571.53,24879.54
J,ANTI-INFECTIEUX (USAGE SYSTEMIQUE),J01,ANTIBACTERIENS A USAGE SYSTEMIQUE,J01E,SULFAMIDES ET TRIMETHOPRIME,J01EC,SULFAMIDES D'ACTION INTERMEDIAIRE,J01EC02,SULFADIAZINE,107.0,196.6,276.06
J,ANTI-INFECTIEUX (USAGE SYSTEMIQUE),J01,ANTIBACTERIENS A USAGE SYSTEMIQUE,J01E,SULFAMIDES ET TRIMETHOPRIME,J01EE,"ASSOCIATIONS DE SULFAMIDES ET DE TRIMETHOPRIME, DERIVES INCLUS",J01EE01,SULFAMETHOXAZOLE ET TRIMETHOPRIME,1253617.0,643033.54,705989.91
J,ANTI-INFECTIEUX (USAGE SYSTEMIQUE),J01,ANTIBACTERIENS A USAGE SYSTEMIQUE,J01F,"MACROLIDES, LINCOSAMIDES ET STREPTOGRAMINES",99999,Non restitué,9999999,Non restitué,9495.0,75491.25,101973.4
J,ANTI-INFECTIEUX (USAGE SYSTEMIQUE),J01,ANTIBACTERIENS A USAGE SYSTEMIQUE,J01F,"MACROLIDES, LINCOSAMIDES ET STREPTOGRAMINES",J01FA,MACROLIDES,9999999,Non restitué,13421.0,57257.99,79399.94
J,ANTI-INFECTIEUX (USAGE SYSTEMIQUE),J01,ANTIBACTERIENS A USAGE SYSTEMIQUE,J01F,"MACROLIDES, LINCOSAMIDES ET STREPTOGRAMINES",J01FA,MACROLIDES,J01FA01,ERYTHROMYCINE,4369.0,10597.82,12629.99
J,ANTI-INFECTIEUX (USAGE SYSTEMIQUE),J01,ANTIBACTERIENS A USAGE SYSTEMIQUE,J01F,"MACROLIDES, LINCOSAMIDES ET STREPTOGRAMINES",J01FA,MACROLIDES,J01FA02,SPIRAMYCINE,54231.0,264367.13,341410.33
J,ANTI-INFECTIEUX (USAGE SYSTEMIQUE),J01,ANTIBACTERIENS A USAGE SYSTEMIQUE,J01F,"MACROLIDES, LINCOSAMIDES ET STREPTOGRAMINES",J01FA,MACROLIDES,J01FA06,ROXITHROMYCINE,45535.0,213994.18,276801.03
J,ANTI-INFECTIEUX (USAGE SYSTEMIQUE),J01,ANTIBACTERIENS A USAGE SYSTEMIQUE,J01F,"MACROLIDES, LINCOSAMIDES ET STREPTOGRAMINES",J01FA,MACROLIDES,J01FA07,JOSAMYCINE,1779.0,7461.88,11285.48
J,ANTI-INFECTIEUX (USAGE SYSTEMIQUE),J01,ANTIBACTERIENS A USAGE SYSTEMIQUE,J01F,"MACROLIDES, LINCOSAMIDES ET STREPTOGRAMINES",J01FA,MACROLIDES,J01FA09,CLARITHROMYCINE,110407.0,572392.29,761484.96
J,ANTI-INFECTIEUX (USAGE SYSTEMIQUE),J01,ANTIBACTERIENS A USAGE SYSTEMIQUE,J01F,"MACROLIDES, LINCOSAMIDES ET STREPTOGRAMINES",J01FA,MACROLIDES,J01FA10,AZITHROMYCINE,798574.0,2211347.74,2613355.66
J,ANTI-INFECTIEUX (USAGE SYSTEMIQUE),J01,ANTIBACTERIENS A USAGE SYSTEMIQUE,J01F,"MACROLIDES, LINCOSAMIDES ET STREPTOGRAMINES",J01FF,LINCOSAMIDES,J01FF01,CLINDAMYCINE,353712.0,387423.27,429491.61
J,ANTI-INFECTIEUX (USAGE SYSTEMIQUE),J01,ANTIBACTERIENS A USAGE SYSTEMIQUE,J01F,"MACROLIDES, LINCOSAMIDES ET STREPTOGRAMINES",J01FG,STEPTOGRAMINES (SYNERGISTINES),J01FG01,PRISTINAMYCINE,488407.0,568201.78,515219.63
J,ANTI-INFECTIEUX (USAGE SYSTEMIQUE),J01,ANTIBACTERIENS A USAGE SYSTEMIQUE,J01G,AMINOSIDES ANTIBACTERIENS,J01GB,AUTRES AMINOSIDES,9999999,Non restitué,9106.0,50650.32,54293.65
J,ANTI-INFECTIEUX (USAGE SYSTEMIQUE),J01,ANTIBACTERIENS A USAGE SYSTEMIQUE,J01G,AMINOSIDES ANTIBACTERIENS,J01GB,AUTRES AMINOSIDES,J01GB01,TOBRAMYCINE,39102.0,39601.5,40509.04
J,ANTI-INFECTIEUX (USAGE SYSTEMIQUE),J01,ANTIBACTERIENS A USAGE SYSTEMIQUE,J01G,AMINOSIDES ANTIBACTERIENS,J01GB,AUTRES AMINOSIDES,J01GB03,GENTAMICINE,19405.0,21660.41,21586.45
J,ANTI-INFECTIEUX (USAGE SYSTEMIQUE),J01,ANTIBACTERIENS A USAGE SYSTEMIQUE,J01G,AMINOSIDES ANTIBACTERIENS,J01GB,AUTRES AMINOSIDES,J01GB06,AMIKACINE,631.0,18435.48,18974.25
J,ANTI-INFECTIEUX (USAGE SYSTEMIQUE),J01,ANTIBACTERIENS A USAGE SYSTEMIQUE,J01M,QUINOLONES ANTIBACTERIENNES,J01MA,FLUOROQUINOLONES,9999999,Non restitué,11011.0,70486.78,91541.67
J,ANTI-INFECTIEUX (USAGE SYSTEMIQUE),J01,ANTIBACTERIENS A USAGE SYSTEMIQUE,J01M,QUINOLONES ANTIBACTERIENNES,J01MA,FLUOROQUINOLONES,J01MA01,OFLOXACINE,228479.0,1028222.53,1308593.28
J,ANTI-INFECTIEUX (USAGE SYSTEMIQUE),J01,ANTIBACTERIENS A USAGE SYSTEMIQUE,J01M,QUINOLONES ANTIBACTERIENNES,J01MA,FLUOROQUINOLONES,J01MA02,CIPROFLOXACINE,380837.0,1783533.31,2116574.31
J,ANTI-INFECTIEUX (USAGE SYSTEMIQUE),J01,ANTIBACTERIENS A USAGE SYSTEMIQUE,J01M,QUINOLONES ANTIBACTERIENNES,J01MA,FLUOROQUINOLONES,J01MA12,LEVOFLOXACINE,375586.0,1430135.25,1646737.48
J,ANTI-INFECTIEUX (USAGE SYSTEMIQUE),J01,ANTIBACTERIENS A USAGE SYSTEMIQUE,J01M,QUINOLONES ANTIBACTERIENNES,J01MA,FLUOROQUINOLONES,J01MA14,MOXIFLOXACINE,9668.0,62702.43,75945.79
J,ANTI-INFECTIEUX (USAGE SYSTEMIQUE),J01,ANTIBACTERIENS A USAGE SYSTEMIQUE,J01R,ASSOCIATIONS D'ANTIBACTERIENS,J01RA,ASSOCIATIONS D'ANTIBACTERIENS,J01RA04,SPIRAMYCINE EN ASSOCIATION AVEC AUTRES ANTIBACTERIENS,94591.0,313233.66,456588.76
J,ANTI-INFECTIEUX (USAGE SYSTEMIQUE),J01,ANTIBACTERIENS A USAGE SYSTEMIQUE,J01X,AUTRES ANTIBACTERIENS,99999,Non restitué,9999999,Non restitué,36082.0,103315.52,112780.9
J,ANTI-INFECTIEUX (USAGE SYSTEMIQUE),J01,ANTIBACTERIENS A USAGE SYSTEMIQUE,J01X,AUTRES ANTIBACTERIENS,J01XB,POLYMYXINES,J01XB01,COLISTINE,148489.0,19186.55,16739.9
J,ANTI-INFECTIEUX (USAGE SYSTEMIQUE),J01,ANTIBACTERIENS A USAGE SYSTEMIQUE,J01X,AUTRES ANTIBACTERIENS,J01XC,ANTIBACTERIENS STEROIDIENS,J01XC01,FUSIDIQUE ACIDE,13764.0,63408.59,77013.72
J,ANTI-INFECTIEUX (USAGE SYSTEMIQUE),J01,ANTIBACTERIENS A USAGE SYSTEMIQUE,J01X,AUTRES ANTIBACTERIENS,J01XE,DERIVES DU NITROFURANE,J01XE01,NITROFURANTOINE,64142.0,129048.39,170370.54
J,ANTI-INFECTIEUX (USAGE SYSTEMIQUE),J01,ANTIBACTERIENS A USAGE SYSTEMIQUE,J01X,AUTRES ANTIBACTERIENS,J01XX,AUTRES ANTIBACTERIENS,J01XX01,FOSFOMYCINE,647079.0,1264791.32,1478455.6
J,ANTI-INFECTIEUX (USAGE SYSTEMIQUE),J02,ANTIMYCOSIQUES A USAGE SYSTEMIQUE,J02A,ANTIMYCOSIQUES A USAGE SYSTEMIQUE,99999,Non restitué,9999999,Non restitué,5663.0,58657.72,69982.51
J,ANTI-INFECTIEUX (USAGE SYSTEMIQUE),J02,ANTIMYCOSIQUES A USAGE SYSTEMIQUE,J02A,ANTIMYCOSIQUES A USAGE SYSTEMIQUE,J02AA,ANTIBIOTIQUES,J02AA01,AMPHOTERICINE B,480861.0,495496.87,569245.63
J,ANTI-INFECTIEUX (USAGE SYSTEMIQUE),J02,ANTIMYCOSIQUES A USAGE SYSTEMIQUE,J02A,ANTIMYCOSIQUES A USAGE SYSTEMIQUE,J02AC,DERIVES TRIAZOLES,9999999,Non restitué,7838.0,144173.98,155790.58
J,ANTI-INFECTIEUX (USAGE SYSTEMIQUE),J02,ANTIMYCOSIQUES A USAGE SYSTEMIQUE,J02A,ANTIMYCOSIQUES A USAGE SYSTEMIQUE,J02AC,DERIVES TRIAZOLES,J02AC01,FLUCONAZOLE,293254.0,1405868.22,1691099.48
J,ANTI-INFECTIEUX (USAGE SYSTEMIQUE),J02,ANTIMYCOSIQUES A USAGE SYSTEMIQUE,J02A,ANTIMYCOSIQUES A USAGE SYSTEMIQUE,J02AC,DERIVES TRIAZOLES,J02AC02,ITRACONAZOLE,29267.0,148491.5,143338.86000000002
J,ANTI-INFECTIEUX (USAGE SYSTEMIQUE),J02,ANTIMYCOSIQUES A USAGE SYSTEMIQUE,J02A,ANTIMYCOSIQUES A USAGE SYSTEMIQUE,J02AC,DERIVES TRIAZOLES,J02AC03,VORICONAZOLE,8905.0,4278.92,4737.5599999999995
J,ANTI-INFECTIEUX (USAGE SYSTEMIQUE),J04,ANTIMYCOBACTERIENS,9999,Non restitué,99999,Non restitué,9999999,Non restitué,1238.0,13196.92,15815.25
J,ANTI-INFECTIEUX (USAGE SYSTEMIQUE),J04,ANTIMYCOBACTERIENS,J04A,ANTITUBERCULEUX,99999,Non restitué,9999999,Non restitué,8179.0,105406.61,128558.45
J,ANTI-INFECTIEUX (USAGE SYSTEMIQUE),J04,ANTIMYCOBACTERIENS,J04A,ANTITUBERCULEUX,J04AB,ANTIBIOTIQUES,9999999,Non restitué,1792.0,47782.04,53183.53
J,ANTI-INFECTIEUX (USAGE SYSTEMIQUE),J04,ANTIMYCOBACTERIENS,J04A,ANTITUBERCULEUX,J04AB,ANTIBIOTIQUES,J04AB02,RIFAMPICINE,68908.0,298754.17,321616.76
J,ANTI-INFECTIEUX (USAGE SYSTEMIQUE),J04,ANTIMYCOBACTERIENS,J04A,ANTITUBERCULEUX,J04AB,ANTIBIOTIQUES,J04AB04,RIFABUTINE,1159.0,96.52,193.04
J,ANTI-INFECTIEUX (USAGE SYSTEMIQUE),J04,ANTIMYCOBACTERIENS,J04A,ANTITUBERCULEUX,J04AC,HYDRAZIDES,J04AC01,ISONIAZIDE,12493.0,169487.91,146447.48
J,ANTI-INFECTIEUX (USAGE SYSTEMIQUE),J04,ANTIMYCOBACTERIENS,J04A,ANTITUBERCULEUX,J04AK,AUTRES ANTITUBERCULEUX,9999999,Non restitué,1608.0,12709.12,16476.88
J,ANTI-INFECTIEUX (USAGE SYSTEMIQUE),J04,ANTIMYCOBACTERIENS,J04A,ANTITUBERCULEUX,J04AK,AUTRES ANTITUBERCULEUX,J04AK01,PYRAZINAMIDE,1317.0,10661.34,13155.27
J,ANTI-INFECTIEUX (USAGE SYSTEMIQUE),J04,ANTIMYCOBACTERIENS,J04A,ANTITUBERCULEUX,J04AK,AUTRES ANTITUBERCULEUX,J04AK02,ETHAMBUTOL,17069.0,58437.51,72290.99
J,ANTI-INFECTIEUX (USAGE SYSTEMIQUE),J04,ANTIMYCOBACTERIENS,J04A,ANTITUBERCULEUX,J04AM,ASSOCIATIONS D'ANTITUBERCULEUX,9999999,Non restitué,2615.0,39085.94,52058.1
J,ANTI-INFECTIEUX (USAGE SYSTEMIQUE),J04,ANTIMYCOBACTERIENS,J04A,ANTITUBERCULEUX,J04AM,ASSOCIATIONS D'ANTITUBERCULEUX,J04AM02,RIFAMPICINE ET ISONIAZIDE,39820.0,165669.28,126686.27
J,ANTI-INFECTIEUX (USAGE SYSTEMIQUE),J04,ANTIMYCOBACTERIENS,J04A,ANTITUBERCULEUX,J04AM,ASSOCIATIONS D'ANTITUBERCULEUX,J04AM05,"RIFAMPICINE, PYRAZINAMIDE ET ISONIAZIDE",11649.0,91795.38,61776.13
J,ANTI-INFECTIEUX (USAGE SYSTEMIQUE),J04,ANTIMYCOBACTERIENS,J04B,ANTILEPREUX,J04BA,ANTILEPREUX,J04BA02,DAPSONE,4520.0,37905.19,43794.33
J,ANTI-INFECTIEUX (USAGE SYSTEMIQUE),J05,ANTIVIRAUX A USAGE SYSTEMIQUE,J05A,ANTIVIRAUX A ACTION DIRECTE,99999,Non restitué,9999999,Non restitué,20671.0,210335.8,214556.3
J,ANTI-INFECTIEUX (USAGE SYSTEMIQUE),J05,ANTIVIRAUX A USAGE SYSTEMIQUE,J05A,ANTIVIRAUX A ACTION DIRECTE,J05AB,"NUCLEOSIDES ET NUCLEOTIDES, INHIBITEURS DE LA TRANSCRIPTASE EXCLUS",9999999,Non restitué,8576.0,166788.92,172237.78
J,ANTI-INFECTIEUX (USAGE SYSTEMIQUE),J05,ANTIVIRAUX A USAGE SYSTEMIQUE,J05A,ANTIVIRAUX A ACTION DIRECTE,J05AB,"NUCLEOSIDES ET NUCLEOTIDES, INHIBITEURS DE LA TRANSCRIPTASE EXCLUS",J05AB01,ACICLOVIR,69752.0,400769.51,482966.77
J,ANTI-INFECTIEUX (USAGE SYSTEMIQUE),J05,ANTIVIRAUX A USAGE SYSTEMIQUE,J05A,ANTIVIRAUX A ACTION DIRECTE,J05AB,"NUCLEOSIDES ET NUCLEOTIDES, INHIBITEURS DE LA TRANSCRIPTASE EXCLUS",J05AB09,FAMCICLOVIR,5798.0,7644.66,3661.8900000000003
J,ANTI-INFECTIEUX (USAGE SYSTEMIQUE),J05,ANTIVIRAUX A USAGE SYSTEMIQUE,J05A,ANTIVIRAUX A ACTION DIRECTE,J05AB,"NUCLEOSIDES ET NUCLEOTIDES, INHIBITEURS DE LA TRANSCRIPTASE EXCLUS",J05AB11,VALACICLOVIR,1722199.0,3028462.79,3102555.37
J,ANTI-INFECTIEUX (USAGE SYSTEMIQUE),J05,ANTIVIRAUX A USAGE SYSTEMIQUE,J05A,ANTIVIRAUX A ACTION DIRECTE,J05AB,"NUCLEOSIDES ET NUCLEOTIDES, INHIBITEURS DE LA TRANSCRIPTASE EXCLUS",J05AB14,VALGANCICLOVIR,25374.0,27895.9,27158.44
J,ANTI-INFECTIEUX (USAGE SYSTEMIQUE),J05,ANTIVIRAUX A USAGE SYSTEMIQUE,J05A,ANTIVIRAUX A ACTION DIRECTE,J05AE,INHIBITEURS DE PROTEASE,9999999,Non restitué,8584.0,51123.86,51347.53
J,ANTI-INFECTIEUX (USAGE SYSTEMIQUE),J05,ANTIVIRAUX A USAGE SYSTEMIQUE,J05A,ANTIVIRAUX A ACTION DIRECTE,J05AE,INHIBITEURS DE PROTEASE,J05AE03,RITONAVIR,59989.0,231106.13,231076.35
J,ANTI-INFECTIEUX (USAGE SYSTEMIQUE),J05,ANTIVIRAUX A USAGE SYSTEMIQUE,J05A,ANTIVIRAUX A ACTION DIRECTE,J05AE,INHIBITEURS DE PROTEASE,J05AE08,ATAZANAVIR,3724.0,6697.93,6697.93
J,ANTI-INFECTIEUX (USAGE SYSTEMIQUE),J05,ANTIVIRAUX A USAGE SYSTEMIQUE,J05A,ANTIVIRAUX A ACTION DIRECTE,J05AE,INHIBITEURS DE PROTEASE,J05AE10,DARUNAVIR,51835.0,30082.33,28800.41
J,ANTI-INFECTIEUX (USAGE SYSTEMIQUE),J05,ANTIVIRAUX A USAGE SYSTEMIQUE,J05A,ANTIVIRAUX A ACTION DIRECTE,J05AE,INHIBITEURS DE PROTEASE,J05AE30,NIRMATRELVIR + RITONAVIR,8057.0,10998.16,11001.91
J,ANTI-INFECTIEUX (USAGE SYSTEMIQUE),J05,ANTIVIRAUX A USAGE SYSTEMIQUE,J05A,ANTIVIRAUX A ACTION DIRECTE,J05AF,INHIBITEURS DE LA TRANSCRIPTASE REVERSE NUCLEOSIDES ET NUCLEOTIDES,9999999,Non restitué,13304.0,103762.26,102088.82
J,ANTI-INFECTIEUX (USAGE SYSTEMIQUE),J05,ANTIVIRAUX A USAGE SYSTEMIQUE,J05A,ANTIVIRAUX A ACTION DIRECTE,J05AF,INHIBITEURS DE LA TRANSCRIPTASE REVERSE NUCLEOSIDES ET NUCLEOTIDES,J05AF05,LAMIVUDINE,12608.0,49691.29,49549.06
J,ANTI-INFECTIEUX (USAGE SYSTEMIQUE),J05,ANTIVIRAUX A USAGE SYSTEMIQUE,J05A,ANTIVIRAUX A ACTION DIRECTE,J05AF,INHIBITEURS DE LA TRANSCRIPTASE REVERSE NUCLEOSIDES ET NUCLEOTIDES,J05AF06,ABACAVIR,1585.0,7333.91,7085.53
J,ANTI-INFECTIEUX (USAGE SYSTEMIQUE),J05,ANTIVIRAUX A USAGE SYSTEMIQUE,J05A,ANTIVIRAUX A ACTION DIRECTE,J05AF,INHIBITEURS DE LA TRANSCRIPTASE REVERSE NUCLEOSIDES ET NUCLEOTIDES,J05AF07,TENOFOVIR DISOPROXIL,121761.0,120886.68,121344.21
J,ANTI-INFECTIEUX (USAGE SYSTEMIQUE),J05,ANTIVIRAUX A USAGE SYSTEMIQUE,J05A,ANTIVIRAUX A ACTION DIRECTE,J05AF,INHIBITEURS DE LA TRANSCRIPTASE REVERSE NUCLEOSIDES ET NUCLEOTIDES,J05AF09,EMTRICITABINE,1375.0,2162.94,2162.94
J,ANTI-INFECTIEUX (USAGE SYSTEMIQUE),J05,ANTIVIRAUX A USAGE SYSTEMIQUE,J05A,ANTIVIRAUX A ACTION DIRECTE,J05AF,INHIBITEURS DE LA TRANSCRIPTASE REVERSE NUCLEOSIDES ET NUCLEOTIDES,J05AF10,ENTECAVIR,112607.0,88901.52,84520.61
J,ANTI-INFECTIEUX (USAGE SYSTEMIQUE),J05,ANTIVIRAUX A USAGE SYSTEMIQUE,J05A,ANTIVIRAUX A ACTION DIRECTE,J05AG,INHIBITEURS DE LA TRANSCRIPTASE REVERSE NON NUCLEOSIDES,9999999,Non restitué,11558.0,26274.26,27523.86
J,ANTI-INFECTIEUX (USAGE SYSTEMIQUE),J05,ANTIVIRAUX A USAGE SYSTEMIQUE,J05A,ANTIVIRAUX A ACTION DIRECTE,J05AG,INHIBITEURS DE LA TRANSCRIPTASE REVERSE NON NUCLEOSIDES,J05AG01,NEVIRAPINE,13981.0,41146.22,41269.49
J,ANTI-INFECTIEUX (USAGE SYSTEMIQUE),J05,ANTIVIRAUX A USAGE SYSTEMIQUE,J05A,ANTIVIRAUX A ACTION DIRECTE,J05AG,INHIBITEURS DE LA TRANSCRIPTASE REVERSE NON NUCLEOSIDES,J05AG03,EFAVIRENZ,157.0,1136.0,1136.0
J,ANTI-INFECTIEUX (USAGE SYSTEMIQUE),J05,ANTIVIRAUX A USAGE SYSTEMIQUE,J05A,ANTIVIRAUX A ACTION DIRECTE,J05AG,INHIBITEURS DE LA TRANSCRIPTASE REVERSE NON NUCLEOSIDES,J05AG04,ETRAVIRINE,9967.0,7626.66,7626.66
J,ANTI-INFECTIEUX (USAGE SYSTEMIQUE),J05,ANTIVIRAUX A USAGE SYSTEMIQUE,J05A,ANTIVIRAUX A ACTION DIRECTE,J05AG,INHIBITEURS DE LA TRANSCRIPTASE REVERSE NON NUCLEOSIDES,J05AG05,RILPIVIRINE,32196.0,19663.23,19117.23
J,ANTI-INFECTIEUX (USAGE SYSTEMIQUE),J05,ANTIVIRAUX A USAGE SYSTEMIQUE,J05A,ANTIVIRAUX A ACTION DIRECTE,J05AG,INHIBITEURS DE LA TRANSCRIPTASE REVERSE NON NUCLEOSIDES,J05AG06,DORAVIRINE,15056.0,452.16,452.16
J,ANTI-INFECTIEUX (USAGE SYSTEMIQUE),J05,ANTIVIRAUX A USAGE SYSTEMIQUE,J05A,ANTIVIRAUX A ACTION DIRECTE,J05AH,INHIBITEURS DE LA NEURAMINIDASE,J05AH02,OSELTAMIVIR,29103.0,116356.24,232470.53
J,ANTI-INFECTIEUX (USAGE SYSTEMIQUE),J05,ANTIVIRAUX A USAGE SYSTEMIQUE,J05A,ANTIVIRAUX A ACTION DIRECTE,J05AJ,INHIBITEUR D INTÉGRASE,9999999,Non restitué,6363.0,13992.22,13163.47
J,ANTI-INFECTIEUX (USAGE SYSTEMIQUE),J05,ANTIVIRAUX A USAGE SYSTEMIQUE,J05A,ANTIVIRAUX A ACTION DIRECTE,J05AJ,INHIBITEUR D INTÉGRASE,J05AJ01,RALTEGRAVIR,28314.0,9783.63,9980.79
J,ANTI-INFECTIEUX (USAGE SYSTEMIQUE),J05,ANTIVIRAUX A USAGE SYSTEMIQUE,J05A,ANTIVIRAUX A ACTION DIRECTE,J05AJ,INHIBITEUR D INTÉGRASE,J05AJ03,DOLUTEGRAVIR,52165.0,19785.86,21290.85
J,ANTI-INFECTIEUX (USAGE SYSTEMIQUE),J05,ANTIVIRAUX A USAGE SYSTEMIQUE,J05A,ANTIVIRAUX A ACTION DIRECTE,J05AJ,INHIBITEUR D INTÉGRASE,J05AJ04,CABOTEGRAVIR,22255.0,24410.0,24834.59
J,ANTI-INFECTIEUX (USAGE SYSTEMIQUE),J05,ANTIVIRAUX A USAGE SYSTEMIQUE,J05A,ANTIVIRAUX A ACTION DIRECTE,J05AR,ANTIVIRAUX POUR LE TRAITEMENT DES INFECTIONS HIV EN ASSOCIATION,9999999,Non restitué,34135.0,80345.76,78597.73
J,ANTI-INFECTIEUX (USAGE SYSTEMIQUE),J05,ANTIVIRAUX A USAGE SYSTEMIQUE,J05A,ANTIVIRAUX A ACTION DIRECTE,J05AR,ANTIVIRAUX POUR LE TRAITEMENT DES INFECTIONS HIV EN ASSOCIATION,J05AR01,ZIDOVUDINE ET LAMIVUDINE,135.0,1322.6,1322.6
J,ANTI-INFECTIEUX (USAGE SYSTEMIQUE),J05,ANTIVIRAUX A USAGE SYSTEMIQUE,J05A,ANTIVIRAUX A ACTION DIRECTE,J05AR,ANTIVIRAUX POUR LE TRAITEMENT DES INFECTIONS HIV EN ASSOCIATION,J05AR02,LAMIVUDINE ET ABACAVIR,24499.0,19739.72,19739.72
J,ANTI-INFECTIEUX (USAGE SYSTEMIQUE),J05,ANTIVIRAUX A USAGE SYSTEMIQUE,J05A,ANTIVIRAUX A ACTION DIRECTE,J05AR,ANTIVIRAUX POUR LE TRAITEMENT DES INFECTIONS HIV EN ASSOCIATION,J05AR03,TENOFOVIR DISOPROXIL ET EMTRICITABINE,219854.0,313382.3,310669.27
J,ANTI-INFECTIEUX (USAGE SYSTEMIQUE),J05,ANTIVIRAUX A USAGE SYSTEMIQUE,J05A,ANTIVIRAUX A ACTION DIRECTE,J05AR,ANTIVIRAUX POUR LE TRAITEMENT DES INFECTIONS HIV EN ASSOCIATION,J05AR06,"EMTRICITABINE, TENOFOVIR DISOPROXIL ET EFAVIRENZ",9533.0,13971.699999999999,11718.199999999999
J,ANTI-INFECTIEUX (USAGE SYSTEMIQUE),J05,ANTIVIRAUX A USAGE SYSTEMIQUE,J05A,ANTIVIRAUX A ACTION DIRECTE,J05AR,ANTIVIRAUX POUR LE TRAITEMENT DES INFECTIONS HIV EN ASSOCIATION,J05AR08,"EMTRICITABINE, TENOFOVIR DISOPROXIL ET RILPIVIRINE",30920.0,8237.59,7400.41
J,ANTI-INFECTIEUX (USAGE SYSTEMIQUE),J05,ANTIVIRAUX A USAGE SYSTEMIQUE,J05A,ANTIVIRAUX A ACTION DIRECTE,J05AR,ANTIVIRAUX POUR LE TRAITEMENT DES INFECTIONS HIV EN ASSOCIATION,J05AR09,"EMTRICITABINE, TENOFOVIR DISOPROXIL, ELVITEGRAVIR ET COBICISTAT",2588.0,0.0,0.0
J,ANTI-INFECTIEUX (USAGE SYSTEMIQUE),J05,ANTIVIRAUX A USAGE SYSTEMIQUE,J05A,ANTIVIRAUX A ACTION DIRECTE,J05AR,ANTIVIRAUX POUR LE TRAITEMENT DES INFECTIONS HIV EN ASSOCIATION,J05AR10,LOPINAVIR ET RITONAVIR,52.0,0.0,0.0
J,ANTI-INFECTIEUX (USAGE SYSTEMIQUE),J05,ANTIVIRAUX A USAGE SYSTEMIQUE,J05A,ANTIVIRAUX A ACTION DIRECTE,J05AR,ANTIVIRAUX POUR LE TRAITEMENT DES INFECTIONS HIV EN ASSOCIATION,J05AR13,"LAMIVUDINE, ABACAVIR ET DOLUTEGRAVIR",77583.0,31088.21,32050.64
J,ANTI-INFECTIEUX (USAGE SYSTEMIQUE),J05,ANTIVIRAUX A USAGE SYSTEMIQUE,J05A,ANTIVIRAUX A ACTION DIRECTE,J05AR,ANTIVIRAUX POUR LE TRAITEMENT DES INFECTIONS HIV EN ASSOCIATION,J05AR18,"EMTRICITABINE, TENOFOVIR ALAFENAMIDE, ELVITEGRAVIR ET COBICISTAT",41067.0,6192.54,5601.2699999999995
J,ANTI-INFECTIEUX (USAGE SYSTEMIQUE),J05,ANTIVIRAUX A USAGE SYSTEMIQUE,J05A,ANTIVIRAUX A ACTION DIRECTE,J05AR,ANTIVIRAUX POUR LE TRAITEMENT DES INFECTIONS HIV EN ASSOCIATION,J05AR19,EMTRICITABINE + TENOFOVIR ALAFENAMIDE + RILPIVIRINE,111175.0,11430.44,11430.44
J,ANTI-INFECTIEUX (USAGE SYSTEMIQUE),J05,ANTIVIRAUX A USAGE SYSTEMIQUE,J05A,ANTIVIRAUX A ACTION DIRECTE,J05AR,ANTIVIRAUX POUR LE TRAITEMENT DES INFECTIONS HIV EN ASSOCIATION,J05AR20,EMTRICITABINE + TENOFOVIR ALAFENAMIDE + BICTEGRAVIR,214521.0,55755.91,55130.340000000004
J,ANTI-INFECTIEUX (USAGE SYSTEMIQUE),J05,ANTIVIRAUX A USAGE SYSTEMIQUE,J05A,ANTIVIRAUX A ACTION DIRECTE,J05AR,ANTIVIRAUX POUR LE TRAITEMENT DES INFECTIONS HIV EN ASSOCIATION,J05AR21,DOLUTEGRAVIR + RILPIVIRINE,60681.0,1732.9499999999998,1732.9499999999998
J,ANTI-INFECTIEUX (USAGE SYSTEMIQUE),J05,ANTIVIRAUX A USAGE SYSTEMIQUE,J05A,ANTIVIRAUX A ACTION DIRECTE,J05AR,ANTIVIRAUX POUR LE TRAITEMENT DES INFECTIONS HIV EN ASSOCIATION,J05AR24,LAMIVUDINE + TENOFOVIR DISOPROXIL + DORAVIRINE,45925.0,3984.84,3984.84
J,ANTI-INFECTIEUX (USAGE SYSTEMIQUE),J05,ANTIVIRAUX A USAGE SYSTEMIQUE,J05A,ANTIVIRAUX A ACTION DIRECTE,J05AR,ANTIVIRAUX POUR LE TRAITEMENT DES INFECTIONS HIV EN ASSOCIATION,J05AR25,LAMIVUDINE + DOLUTEGRAVIR,153779.0,15589.59,16158.44
J,ANTI-INFECTIEUX (USAGE SYSTEMIQUE),J05,ANTIVIRAUX A USAGE SYSTEMIQUE,J05A,ANTIVIRAUX A ACTION DIRECTE,J05AX,AUTRES ANTIVIRAUX,9999999,Non restitué,1405.0,996.84,996.84
J,ANTI-INFECTIEUX (USAGE SYSTEMIQUE),J05,ANTIVIRAUX A USAGE SYSTEMIQUE,J05A,ANTIVIRAUX A ACTION DIRECTE,J05AX,AUTRES ANTIVIRAUX,J05AX09,MARAVIROC,2347.0,1993.68,1993.68
J,ANTI-INFECTIEUX (USAGE SYSTEMIQUE),J05,ANTIVIRAUX A USAGE SYSTEMIQUE,J05A,ANTIVIRAUX A ACTION DIRECTE,J05AX,AUTRES ANTIVIRAUX,J05AX18,LETERMOVIR,7490.0,-536.6,-536.6
J,ANTI-INFECTIEUX (USAGE SYSTEMIQUE),J05,ANTIVIRAUX A USAGE SYSTEMIQUE,J05A,ANTIVIRAUX A ACTION DIRECTE,J05AX,AUTRES ANTIVIRAUX,J05AX29,FOSTEMSAVIR,102.0,0.0,0.0
J,ANTI-INFECTIEUX (USAGE SYSTEMIQUE),J06,IMMUNSERUMS ET IMMUNOGLOBULINES,J06B,IMMUNOGLOBULINES,99999,Non restitué,9999999,Non restitué,469.0,27968.35,19419.13
J,ANTI-INFECTIEUX (USAGE SYSTEMIQUE),J06,IMMUNSERUMS ET IMMUNOGLOBULINES,J06B,IMMUNOGLOBULINES,J06BB,IMMUNOGLOBULINES SPECIFIQUES,9999999,Non restitué,376.0,15303.44,22743.62
J,ANTI-INFECTIEUX (USAGE SYSTEMIQUE),J06,IMMUNSERUMS ET IMMUNOGLOBULINES,J06B,IMMUNOGLOBULINES,J06BB,IMMUNOGLOBULINES SPECIFIQUES,J06BB01,IMMUNOGLOBULINE ANTI-D (rh),30178.0,159898.76,159354.54
J,ANTI-INFECTIEUX (USAGE SYSTEMIQUE),J06,IMMUNSERUMS ET IMMUNOGLOBULINES,J06B,IMMUNOGLOBULINES,J06BB,IMMUNOGLOBULINES SPECIFIQUES,J06BB02,IMMUNOGLOBULINE ANTITETANIQUE,205.0,7817.14,7598.54
J,ANTI-INFECTIEUX (USAGE SYSTEMIQUE),J06,IMMUNSERUMS ET IMMUNOGLOBULINES,J06B,IMMUNOGLOBULINES,J06BD,ANTICORPS MONONUCLONAUX ANTIVIRAUX,J06BD08,NIRSEVIMAB,35435.0,150417.06,130199.89
J,ANTI-INFECTIEUX (USAGE SYSTEMIQUE),J07,VACCINS,9999,Non restitué,99999,Non restitué,9999999,Non restitué,3323.0,102253.02,134233.0
J,ANTI-INFECTIEUX (USAGE SYSTEMIQUE),J07,VACCINS,J07A,VACCINS BACTERIENS,99999,Non restitué,9999999,Non restitué,2362.0,78254.24,104596.25
J,ANTI-INFECTIEUX (USAGE SYSTEMIQUE),J07,VACCINS,J07A,VACCINS BACTERIENS,J07AG,VACCINS ANTIHAEMOPHILUS INFLUENZAE B,J07AG01,"HAEMOPHILUS INFLUENZAE B, ANTIGENE PURIFIE CONJUGUE",5758.0,91767.03,98814.48
J,ANTI-INFECTIEUX (USAGE SYSTEMIQUE),J07,VACCINS,J07A,VACCINS BACTERIENS,J07AH,VACCINS ANTIMENINGOCOCCIQUES,9999999,Non restitué,1886.0,55881.159999999996,70210.59
J,ANTI-INFECTIEUX (USAGE SYSTEMIQUE),J07,VACCINS,J07A,VACCINS BACTERIENS,J07AH,VACCINS ANTIMENINGOCOCCIQUES,J07AH07,"MENINGOCOQUE C, ANTIGENES POLYSACCHARIDIQUES CONJUGUES",77531.0,192213.58,171154.18
J,ANTI-INFECTIEUX (USAGE SYSTEMIQUE),J07,VACCINS,J07A,VACCINS BACTERIENS,J07AH,VACCINS ANTIMENINGOCOCCIQUES,J07AH08,ANTIGENES POLYSACCHARIDIQUES TETRAVALENTS CONJUGUES DE MENINGOCOQUE,39496.0,451568.34,498087.23
J,ANTI-INFECTIEUX (USAGE SYSTEMIQUE),J07,VACCINS,J07A,VACCINS BACTERIENS,J07AH,VACCINS ANTIMENINGOCOCCIQUES,J07AH09,"MENINGOCOQUE B, VACCIN MULTICOMPOSANTS",153929.0,279460.35,169882.55
J,ANTI-INFECTIEUX (USAGE SYSTEMIQUE),J07,VACCINS,J07A,VACCINS BACTERIENS,J07AL,VACCINS ANTIPNEUMOCOCCIQUES,9999999,Non restitué,1175.0,23624.9,29887.31
J,ANTI-INFECTIEUX (USAGE SYSTEMIQUE),J07,VACCINS,J07A,VACCINS BACTERIENS,J07AL,VACCINS ANTIPNEUMOCOCCIQUES,J07AL01,"PNEUMOCOCCUS, ANTIGENE POLYSACCHARIDIQUE PURIFIE",98039.0,288867.59,300082.19
J,ANTI-INFECTIEUX (USAGE SYSTEMIQUE),J07,VACCINS,J07A,VACCINS BACTERIENS,J07AL,VACCINS ANTIPNEUMOCOCCIQUES,J07AL02,"PNEUMOCOCCUS, ANTIGENE POLYSACCHARIDIQUE PURIFIE CONJUGUE",346418.0,956701.42,1022617.56
J,ANTI-INFECTIEUX (USAGE SYSTEMIQUE),J07,VACCINS,J07B,VACCINS VIRAUX,99999,Non restitué,9999999,Non restitué,8205.0,275353.4,330690.04
J,ANTI-INFECTIEUX (USAGE SYSTEMIQUE),J07,VACCINS,J07B,VACCINS VIRAUX,J07BB,VACCINS ANTIGRIPPAUX,J07BB02,"GRIPPE, VIRUS FRACTIONNE INACTIVE OU ANTIGENE PURIFIE",46440.0,309767.82,392925.98
J,ANTI-INFECTIEUX (USAGE SYSTEMIQUE),J07,VACCINS,J07B,VACCINS VIRAUX,J07BC,VACCINS CONTRE LES HEPATITES,9999999,Non restitué,1655.0,20841.75,30462.76
J,ANTI-INFECTIEUX (USAGE SYSTEMIQUE),J07,VACCINS,J07B,VACCINS VIRAUX,J07BC,VACCINS CONTRE LES HEPATITES,J07BC01,"HEPATITE B, ANTIGENE PURIFIE",84709.0,316331.64,349784.01
J,ANTI-INFECTIEUX (USAGE SYSTEMIQUE),J07,VACCINS,J07B,VACCINS VIRAUX,J07BC,VACCINS CONTRE LES HEPATITES,J07BC02,"HEPATITE A, VIRUS ENTIER INACTIVE",15792.0,198355.26,251783.29
J,ANTI-INFECTIEUX (USAGE SYSTEMIQUE),J07,VACCINS,J07B,VACCINS VIRAUX,J07BD,VACCINS CONTRE LA ROUGEOLE,J07BD52,"ROUGEOLE EN ASSOCIATION AVEC OREILLONS ET RUBEOLE, VIRUS VIVANTS ATTENUES",102896.0,285898.53,284487.6
J,ANTI-INFECTIEUX (USAGE SYSTEMIQUE),J07,VACCINS,J07B,VACCINS VIRAUX,J07BH,VACCINS CONTRE LES DIARRHEES A ROTAVIRUS,9999999,Non restitué,1083.0,37070.14,56251.85
J,ANTI-INFECTIEUX (USAGE SYSTEMIQUE),J07,VACCINS,J07B,VACCINS VIRAUX,J07BH,VACCINS CONTRE LES DIARRHEES A ROTAVIRUS,J07BH01,ROTAVIRUS VIVANT ATTENUE,59926.0,155416.54,133243.83
J,ANTI-INFECTIEUX (USAGE SYSTEMIQUE),J07,VACCINS,J07B,VACCINS VIRAUX,J07BH,VACCINS CONTRE LES DIARRHEES A ROTAVIRUS,J07BH02,ROTAVIRUS PENTAVALENT VIVANT ATTENUE,10034.0,66519.69,51325.44
J,ANTI-INFECTIEUX (USAGE SYSTEMIQUE),J07,VACCINS,J07B,VACCINS VIRAUX,J07BK,VACCINS CONTRE LA VARICELLE-ZONA,9999999,Non restitué,997.0,43005.71,48786.840000000004
J,ANTI-INFECTIEUX (USAGE SYSTEMIQUE),J07,VACCINS,J07B,VACCINS VIRAUX,J07BK,VACCINS CONTRE LA VARICELLE-ZONA,J07BK01,"VARICELLE, VIRUS VIVANT ATTENUE",4628.0,103143.6,130905.56
J,ANTI-INFECTIEUX (USAGE SYSTEMIQUE),J07,VACCINS,J07B,VACCINS VIRAUX,J07BK,VACCINS CONTRE LA VARICELLE-ZONA,J07BK02,"VIRUS VARICELLE-ZONA VIVANT, ATTENUE",155.0,6011.14,3026.44
J,ANTI-INFECTIEUX (USAGE SYSTEMIQUE),J07,VACCINS,J07B,VACCINS VIRAUX,J07BK,VACCINS CONTRE LA VARICELLE-ZONA,J07BK03,ANTIGENE PURIFIE DE VIRUS DU ZONA,604.0,4756.34,3955.77
J,ANTI-INFECTIEUX (USAGE SYSTEMIQUE),J07,VACCINS,J07B,VACCINS VIRAUX,J07BM,VACCINS CONTRE LE PAPILLOMAVIRUS,9999999,Non restitué,151.0,9761.37,14511.08
J,ANTI-INFECTIEUX (USAGE SYSTEMIQUE),J07,VACCINS,J07B,VACCINS VIRAUX,J07BM,VACCINS CONTRE LE PAPILLOMAVIRUS,J07BM02,"PAPILLOMAVIRUS (TYPES HUMAINS 16, 18)",14.0,855.67,0.0
J,ANTI-INFECTIEUX (USAGE SYSTEMIQUE),J07,VACCINS,J07B,VACCINS VIRAUX,J07BM,VACCINS CONTRE LE PAPILLOMAVIRUS,J07BM03,"PAPILLOMAVIRUS TYPES HUMAINS 6, 11, 16, 18, 31, 33, 45, 52, 58",73894.0,217108.85,122103.64
J,ANTI-INFECTIEUX (USAGE SYSTEMIQUE),J07,VACCINS,J07B,VACCINS VIRAUX,J07BX,AUTRES VACCINS VIRAUX,J07BX05,VACCINS CONTRE LE VIRUS RESPIRATOIRE SYNCYTIAL,31689.0,72388.98,78543.54
J,ANTI-INFECTIEUX (USAGE SYSTEMIQUE),J07,VACCINS,J07C,VACCINS BACTERIENS ET VIRAUX ASSOCIES,J07CA,VACCINS BACTERIENS ET VIRAUX ASSOCIES,9999999,Non restitué,4467.0,66983.99,99314.70999999999
J,ANTI-INFECTIEUX (USAGE SYSTEMIQUE),J07,VACCINS,J07C,VACCINS BACTERIENS ET VIRAUX ASSOCIES,J07CA,VACCINS BACTERIENS ET VIRAUX ASSOCIES,J07CA01,DIPHTERIE-POLYOMIELITE-TETANOS,24176.0,148281.74,186425.51
J,ANTI-INFECTIEUX (USAGE SYSTEMIQUE),J07,VACCINS,J07C,VACCINS BACTERIENS ET VIRAUX ASSOCIES,J07CA,VACCINS BACTERIENS ET VIRAUX ASSOCIES,J07CA02,DIPHTERIE-COQUELUCHE-POLIOMYELITE-TETANOS,410319.0,1161719.74,1294975.7
J,ANTI-INFECTIEUX (USAGE SYSTEMIQUE),J07,VACCINS,J07C,VACCINS BACTERIENS ET VIRAUX ASSOCIES,J07CA,VACCINS BACTERIENS ET VIRAUX ASSOCIES,J07CA06,DIPHTERIE-HAEMOPHILUS INFLUENZAE B-COQUELUCHE-POLIOMYELITE-TETANOS,3243.0,52765.56,61084.06
J,ANTI-INFECTIEUX (USAGE SYSTEMIQUE),J07,VACCINS,J07C,VACCINS BACTERIENS ET VIRAUX ASSOCIES,J07CA,VACCINS BACTERIENS ET VIRAUX ASSOCIES,J07CA09,DIPHTERIE-HAEMOPHILUS INFLUENZAE B-COQUELUCHE-POLIOMYELITE-TETANOS-HEPATITE B,179366.0,623987.24,684791.7
L,ANTINEOPLASIQUES ET AGENTS IMMUNOMODULANTS,999,INCONNU,9999,Non restitué,99999,Non restitué,9999999,Non restitué,14465.0,117242.76,117453.35
L,ANTINEOPLASIQUES ET AGENTS IMMUNOMODULANTS,L01,ANTINEOPLASIQUES,9999,Non restitué,99999,Non restitué,9999999,Non restitué,22514.0,136583.86,138417.33
L,ANTINEOPLASIQUES ET AGENTS IMMUNOMODULANTS,L01,ANTINEOPLASIQUES,L01A,AGENTS ALKYLANTS,99999,Non restitué,9999999,Non restitué,3681.0,35213.87,35213.87
L,ANTINEOPLASIQUES ET AGENTS IMMUNOMODULANTS,L01,ANTINEOPLASIQUES,L01A,AGENTS ALKYLANTS,L01AA,MOUTARDES A L'AZOTE,9999999,Non restitué,3255.0,55522.7,55678.01
L,ANTINEOPLASIQUES ET AGENTS IMMUNOMODULANTS,L01,ANTINEOPLASIQUES,L01A,AGENTS ALKYLANTS,L01AA,MOUTARDES A L'AZOTE,L01AA01,CYCLOPHOSPHAMIDE,11784.0,88576.36,88882.94
L,ANTINEOPLASIQUES ET AGENTS IMMUNOMODULANTS,L01,ANTINEOPLASIQUES,L01A,AGENTS ALKYLANTS,L01AA,MOUTARDES A L'AZOTE,L01AA02,CHLORAMBUCIL,3239.0,4718.0,4718.0
L,ANTINEOPLASIQUES ET AGENTS IMMUNOMODULANTS,L01,ANTINEOPLASIQUES,L01A,AGENTS ALKYLANTS,L01AA,MOUTARDES A L'AZOTE,L01AA03,MELPHALAN,237.0,1285.02,1285.02
L,ANTINEOPLASIQUES ET AGENTS IMMUNOMODULANTS,L01,ANTINEOPLASIQUES,L01A,AGENTS ALKYLANTS,L01AB,ALKYLSULFONATES,L01AB01,BUSULFAN,59.0,0.0,0.0
L,ANTINEOPLASIQUES ET AGENTS IMMUNOMODULANTS,L01,ANTINEOPLASIQUES,L01A,AGENTS ALKYLANTS,L01AX,AUTRES AGENTS ALKYLANTS,L01AX02,PIPOBROMAN,5133.0,284.13,284.13
L,ANTINEOPLASIQUES ET AGENTS IMMUNOMODULANTS,L01,ANTINEOPLASIQUES,L01B,ANTIMETABOLITES,99999,Non restitué,9999999,Non restitué,5700.0,79979.14,83451.4
L,ANTINEOPLASIQUES ET AGENTS IMMUNOMODULANTS,L01,ANTINEOPLASIQUES,L01B,ANTIMETABOLITES,L01BA,ANALOGUES DE L'ACIDE FOLIQUE,L01BA01,METHOTREXATE,384643.0,702272.07,719441.06
L,ANTINEOPLASIQUES ET AGENTS IMMUNOMODULANTS,L01,ANTINEOPLASIQUES,L01B,ANTIMETABOLITES,L01BB,ANALOGUES DE LA PURINE,9999999,Non restitué,379.0,2345.84,2773.2799999999997
L,ANTINEOPLASIQUES ET AGENTS IMMUNOMODULANTS,L01,ANTINEOPLASIQUES,L01B,ANTIMETABOLITES,L01BB,ANALOGUES DE LA PURINE,L01BB02,MERCAPTOPURINE,16217.0,39772.98,38761.9
L,ANTINEOPLASIQUES ET AGENTS IMMUNOMODULANTS,L01,ANTINEOPLASIQUES,L01B,ANTIMETABOLITES,L01BC,ANALOGUES DE LA PYRIMIDINE,9999999,Non restitué,13187.0,33990.01,36209.21
L,ANTINEOPLASIQUES ET AGENTS IMMUNOMODULANTS,L01,ANTINEOPLASIQUES,L01B,ANTIMETABOLITES,L01BC,ANALOGUES DE LA PYRIMIDINE,L01BC01,CYTARABINE,1395.0,1365.0,1365.0
L,ANTINEOPLASIQUES ET AGENTS IMMUNOMODULANTS,L01,ANTINEOPLASIQUES,L01B,ANTIMETABOLITES,L01BC,ANALOGUES DE LA PYRIMIDINE,L01BC02,FLUOROURACILE,34615.0,279705.63,329419.15
L,ANTINEOPLASIQUES ET AGENTS IMMUNOMODULANTS,L01,ANTINEOPLASIQUES,L01B,ANTIMETABOLITES,L01BC,ANALOGUES DE LA PYRIMIDINE,L01BC06,CAPECITABINE,84067.0,290439.79,291236.08
L,ANTINEOPLASIQUES ET AGENTS IMMUNOMODULANTS,L01,ANTINEOPLASIQUES,L01B,ANTIMETABOLITES,L01BC,ANALOGUES DE LA PYRIMIDINE,L01BC07,AZACITIDINE,3944.0,0.0,0.0
L,ANTINEOPLASIQUES ET AGENTS IMMUNOMODULANTS,L01,ANTINEOPLASIQUES,L01B,ANTIMETABOLITES,L01BC,ANALOGUES DE LA PYRIMIDINE,L01BC59,TRIFLURIDINE EN ASSOCIATION,24667.0,1695.06,1695.06
L,ANTINEOPLASIQUES ET AGENTS IMMUNOMODULANTS,L01,ANTINEOPLASIQUES,L01C,ALCALOIDES VEGETAUX ET AUTRES MEDICAMENTS D'ORIGINE NATURELLE,99999,Non restitué,9999999,Non restitué,5582.0,22518.18,22378.19
L,ANTINEOPLASIQUES ET AGENTS IMMUNOMODULANTS,L01,ANTINEOPLASIQUES,L01C,ALCALOIDES VEGETAUX ET AUTRES MEDICAMENTS D'ORIGINE NATURELLE,L01CA,VINCAALCALOIDES ET ANALOGUES,L01CA04,VINORELBINE,37449.0,33596.95,33367.35
L,ANTINEOPLASIQUES ET AGENTS IMMUNOMODULANTS,L01,ANTINEOPLASIQUES,L01C,ALCALOIDES VEGETAUX ET AUTRES MEDICAMENTS D'ORIGINE NATURELLE,L01CB,DERIVES DE LA PODOPHYLLOTOXINE,L01CB01,ETOPOSIDE,2293.0,2621.85,2621.85
L,ANTINEOPLASIQUES ET AGENTS IMMUNOMODULANTS,L01,ANTINEOPLASIQUES,L01E,INHIBITEURS DE PROTEINE KINASE,99999,Non restitué,9999999,Non restitué,43358.0,4185.45,4067.4900000000002
L,ANTINEOPLASIQUES ET AGENTS IMMUNOMODULANTS,L01,ANTINEOPLASIQUES,L01E,INHIBITEURS DE PROTEINE KINASE,L01EA,INHIBITEURS DE TYROSINE KINASE BCR-ABL,9999999,Non restitué,16452.0,1015.6500000000001,1015.6500000000001
L,ANTINEOPLASIQUES ET AGENTS IMMUNOMODULANTS,L01,ANTINEOPLASIQUES,L01E,INHIBITEURS DE PROTEINE KINASE,L01EA,INHIBITEURS DE TYROSINE KINASE BCR-ABL,L01EA01,IMATINIB,86407.0,7580.92,7580.92
L,ANTINEOPLASIQUES ET AGENTS IMMUNOMODULANTS,L01,ANTINEOPLASIQUES,L01E,INHIBITEURS DE PROTEINE KINASE,L01EA,INHIBITEURS DE TYROSINE KINASE BCR-ABL,L01EA02,DASATINIB,14443.0,1449.32,724.66
L,ANTINEOPLASIQUES ET AGENTS IMMUNOMODULANTS,L01,ANTINEOPLASIQUES,L01E,INHIBITEURS DE PROTEINE KINASE,L01EA,INHIBITEURS DE TYROSINE KINASE BCR-ABL,L01EA03,NILOTINIB,17821.0,2191.92,2954.96
L,ANTINEOPLASIQUES ET AGENTS IMMUNOMODULANTS,L01,ANTINEOPLASIQUES,L01E,INHIBITEURS DE PROTEINE KINASE,L01EA,INHIBITEURS DE TYROSINE KINASE BCR-ABL,L01EA04,BOSUTINIB,20761.0,5490.76,5490.76
L,ANTINEOPLASIQUES ET AGENTS IMMUNOMODULANTS,L01,ANTINEOPLASIQUES,L01E,INHIBITEURS DE PROTEINE KINASE,L01EA,INHIBITEURS DE TYROSINE KINASE BCR-ABL,L01EA05,PONATINIB,3408.0,0.0,0.0
L,ANTINEOPLASIQUES ET AGENTS IMMUNOMODULANTS,L01,ANTINEOPLASIQUES,L01E,INHIBITEURS DE PROTEINE KINASE,L01EA,INHIBITEURS DE TYROSINE KINASE BCR-ABL,L01EA06,ASCIMINIB,5767.0,0.0,0.0
L,ANTINEOPLASIQUES ET AGENTS IMMUNOMODULANTS,L01,ANTINEOPLASIQUES,L01E,INHIBITEURS DE PROTEINE KINASE,L01EB,INHIBITEURS DE TYROSINE KINASE EGFR,9999999,Non restitué,4219.0,10885.55,11640.2
L,ANTINEOPLASIQUES ET AGENTS IMMUNOMODULANTS,L01,ANTINEOPLASIQUES,L01E,INHIBITEURS DE PROTEINE KINASE,L01EB,INHIBITEURS DE TYROSINE KINASE EGFR,L01EB02,ERLOTINIB,221.0,0.0,0.0
L,ANTINEOPLASIQUES ET AGENTS IMMUNOMODULANTS,L01,ANTINEOPLASIQUES,L01E,INHIBITEURS DE PROTEINE KINASE,L01EB,INHIBITEURS DE TYROSINE KINASE EGFR,L01EB03,AFATINIB,217.0,0.0,0.0
L,ANTINEOPLASIQUES ET AGENTS IMMUNOMODULANTS,L01,ANTINEOPLASIQUES,L01E,INHIBITEURS DE PROTEINE KINASE,L01EB,INHIBITEURS DE TYROSINE KINASE EGFR,L01EB04,OSIMERTINIB,43323.0,0.0,0.0
L,ANTINEOPLASIQUES ET AGENTS IMMUNOMODULANTS,L01,ANTINEOPLASIQUES,L01E,INHIBITEURS DE PROTEINE KINASE,L01EC,INHIBITEURS DE SÉRINE-THRÉONINE KINASE B-RAF (BRAF),9999999,Non restitué,5422.0,0.0,0.0
L,ANTINEOPLASIQUES ET AGENTS IMMUNOMODULANTS,L01,ANTINEOPLASIQUES,L01E,INHIBITEURS DE PROTEINE KINASE,L01EC,INHIBITEURS DE SÉRINE-THRÉONINE KINASE B-RAF (BRAF),L01EC01,VEMURAFENIB,426.0,0.0,0.0
L,ANTINEOPLASIQUES ET AGENTS IMMUNOMODULANTS,L01,ANTINEOPLASIQUES,L01E,INHIBITEURS DE PROTEINE KINASE,L01EC,INHIBITEURS DE SÉRINE-THRÉONINE KINASE B-RAF (BRAF),L01EC02,DABRAFENIB,11475.0,0.0,0.0
L,ANTINEOPLASIQUES ET AGENTS IMMUNOMODULANTS,L01,ANTINEOPLASIQUES,L01E,INHIBITEURS DE PROTEINE KINASE,L01EC,INHIBITEURS DE SÉRINE-THRÉONINE KINASE B-RAF (BRAF),L01EC03,ENCORAFENIB,27693.0,615.73,615.73
L,ANTINEOPLASIQUES ET AGENTS IMMUNOMODULANTS,L01,ANTINEOPLASIQUES,L01E,INHIBITEURS DE PROTEINE KINASE,L01ED,INHIBITEURS DE KINASE DU LYMPHOME ANAPLASIQUE (ALK)),9999999,Non restitué,9145.0,0.0,0.0
L,ANTINEOPLASIQUES ET AGENTS IMMUNOMODULANTS,L01,ANTINEOPLASIQUES,L01E,INHIBITEURS DE PROTEINE KINASE,L01ED,INHIBITEURS DE KINASE DU LYMPHOME ANAPLASIQUE (ALK)),L01ED01,CRIZOTINIB,1740.0,0.0,0.0
L,ANTINEOPLASIQUES ET AGENTS IMMUNOMODULANTS,L01,ANTINEOPLASIQUES,L01E,INHIBITEURS DE PROTEINE KINASE,L01ED,INHIBITEURS DE KINASE DU LYMPHOME ANAPLASIQUE (ALK)),L01ED03,ALECTINIB,6052.0,0.0,0.0
L,ANTINEOPLASIQUES ET AGENTS IMMUNOMODULANTS,L01,ANTINEOPLASIQUES,L01E,INHIBITEURS DE PROTEINE KINASE,L01ED,INHIBITEURS DE KINASE DU LYMPHOME ANAPLASIQUE (ALK)),L01ED04,BRIGATINIB,1356.0,980.18,980.18
L,ANTINEOPLASIQUES ET AGENTS IMMUNOMODULANTS,L01,ANTINEOPLASIQUES,L01E,INHIBITEURS DE PROTEINE KINASE,L01ED,INHIBITEURS DE KINASE DU LYMPHOME ANAPLASIQUE (ALK)),L01ED05,LORLATINIB,2733.0,0.0,0.0
L,ANTINEOPLASIQUES ET AGENTS IMMUNOMODULANTS,L01,ANTINEOPLASIQUES,L01E,INHIBITEURS DE PROTEINE KINASE,L01EE,INHIBITEURS MEK (MITOGEN-ACTIVATED PROTEIN KINASE),9999999,Non restitué,3867.0,0.0,0.0
L,ANTINEOPLASIQUES ET AGENTS IMMUNOMODULANTS,L01,ANTINEOPLASIQUES,L01E,INHIBITEURS DE PROTEINE KINASE,L01EE,INHIBITEURS MEK (MITOGEN-ACTIVATED PROTEIN KINASE),L01EE01,TRAMETINIB,19588.0,0.0,0.0
L,ANTINEOPLASIQUES ET AGENTS IMMUNOMODULANTS,L01,ANTINEOPLASIQUES,L01E,INHIBITEURS DE PROTEINE KINASE,L01EE,INHIBITEURS MEK (MITOGEN-ACTIVATED PROTEIN KINASE),L01EE02,COBIMETINIB,399.0,0.0,0.0
L,ANTINEOPLASIQUES ET AGENTS IMMUNOMODULANTS,L01,ANTINEOPLASIQUES,L01E,INHIBITEURS DE PROTEINE KINASE,L01EE,INHIBITEURS MEK (MITOGEN-ACTIVATED PROTEIN KINASE),L01EE03,BINIMETINIB,11539.0,0.0,0.0
L,ANTINEOPLASIQUES ET AGENTS IMMUNOMODULANTS,L01,ANTINEOPLASIQUES,L01E,INHIBITEURS DE PROTEINE KINASE,L01EE,INHIBITEURS MEK (MITOGEN-ACTIVATED PROTEIN KINASE),L01EE04,SELUMETINIB,153.0,0.0,0.0
L,ANTINEOPLASIQUES ET AGENTS IMMUNOMODULANTS,L01,ANTINEOPLASIQUES,L01E,INHIBITEURS DE PROTEINE KINASE,L01EF,INHIBITEURS DE KINASE CYCLINE-DÉPENDANTE (CDK),9999999,Non restitué,6485.0,0.0,0.0
L,ANTINEOPLASIQUES ET AGENTS IMMUNOMODULANTS,L01,ANTINEOPLASIQUES,L01E,INHIBITEURS DE PROTEINE KINASE,L01EF,INHIBITEURS DE KINASE CYCLINE-DÉPENDANTE (CDK),L01EF01,PALBOCICLIB,79023.0,0.0,0.0
L,ANTINEOPLASIQUES ET AGENTS IMMUNOMODULANTS,L01,ANTINEOPLASIQUES,L01E,INHIBITEURS DE PROTEINE KINASE,L01EF,INHIBITEURS DE KINASE CYCLINE-DÉPENDANTE (CDK),L01EF02,RIBOCICLIB,38205.0,851.48,851.48
L,ANTINEOPLASIQUES ET AGENTS IMMUNOMODULANTS,L01,ANTINEOPLASIQUES,L01E,INHIBITEURS DE PROTEINE KINASE,L01EF,INHIBITEURS DE KINASE CYCLINE-DÉPENDANTE (CDK),L01EF03,ABEMACICLIB,62448.0,0.0,0.0
L,ANTINEOPLASIQUES ET AGENTS IMMUNOMODULANTS,L01,ANTINEOPLASIQUES,L01E,INHIBITEURS DE PROTEINE KINASE,L01EG,INHIBITEURS DE KINASE MTOR,L01EG02,EVEROLIMUS,18883.0,5291.06,5291.06
L,ANTINEOPLASIQUES ET AGENTS IMMUNOMODULANTS,L01,ANTINEOPLASIQUES,L01E,INHIBITEURS DE PROTEINE KINASE,L01EH,INHIBITEURS DE TYROSINE KINASE HER2,9999999,Non restitué,463.0,0.0,0.0
L,ANTINEOPLASIQUES ET AGENTS IMMUNOMODULANTS,L01,ANTINEOPLASIQUES,L01E,INHIBITEURS DE PROTEINE KINASE,L01EH,INHIBITEURS DE TYROSINE KINASE HER2,L01EH01,LAPATINIB,28.0,0.0,0.0
L,ANTINEOPLASIQUES ET AGENTS IMMUNOMODULANTS,L01,ANTINEOPLASIQUES,L01E,INHIBITEURS DE PROTEINE KINASE,L01EH,INHIBITEURS DE TYROSINE KINASE HER2,L01EH03,TUCATINIB,1890.0,0.0,0.0
L,ANTINEOPLASIQUES ET AGENTS IMMUNOMODULANTS,L01,ANTINEOPLASIQUES,L01E,INHIBITEURS DE PROTEINE KINASE,L01EJ,INHIBITEURS DE JANUS KINASE (JAK),9999999,Non restitué,1277.0,0.0,0.0
L,ANTINEOPLASIQUES ET AGENTS IMMUNOMODULANTS,L01,ANTINEOPLASIQUES,L01E,INHIBITEURS DE PROTEINE KINASE,L01EJ,INHIBITEURS DE JANUS KINASE (JAK),L01EJ01,RUXOLITINIB,64252.0,0.0,0.0
L,ANTINEOPLASIQUES ET AGENTS IMMUNOMODULANTS,L01,ANTINEOPLASIQUES,L01E,INHIBITEURS DE PROTEINE KINASE,L01EJ,INHIBITEURS DE JANUS KINASE (JAK),L01EJ02,FEDRATINIB,306.0,0.0,0.0
L,ANTINEOPLASIQUES ET AGENTS IMMUNOMODULANTS,L01,ANTINEOPLASIQUES,L01E,INHIBITEURS DE PROTEINE KINASE,L01EK,INHIBITEURS DE TYROSINE KINASE VEGFR,L01EK01,AXITINIB,10704.0,0.0,0.0
L,ANTINEOPLASIQUES ET AGENTS IMMUNOMODULANTS,L01,ANTINEOPLASIQUES,L01E,INHIBITEURS DE PROTEINE KINASE,L01EL,INHIBITEURS DE TYROSINE KINASE DE BRUTON (BTK),9999999,Non restitué,6431.0,0.0,0.0
L,ANTINEOPLASIQUES ET AGENTS IMMUNOMODULANTS,L01,ANTINEOPLASIQUES,L01E,INHIBITEURS DE PROTEINE KINASE,L01EL,INHIBITEURS DE TYROSINE KINASE DE BRUTON (BTK),L01EL01,IBRUTINIB,64881.0,0.0,0.0
L,ANTINEOPLASIQUES ET AGENTS IMMUNOMODULANTS,L01,ANTINEOPLASIQUES,L01E,INHIBITEURS DE PROTEINE KINASE,L01EL,INHIBITEURS DE TYROSINE KINASE DE BRUTON (BTK),L01EL02,ACALABRUTINIB,17152.0,0.0,0.0
L,ANTINEOPLASIQUES ET AGENTS IMMUNOMODULANTS,L01,ANTINEOPLASIQUES,L01E,INHIBITEURS DE PROTEINE KINASE,L01EL,INHIBITEURS DE TYROSINE KINASE DE BRUTON (BTK),L01EL03,ZANUBRUTINIB,5922.0,0.0,0.0
L,ANTINEOPLASIQUES ET AGENTS IMMUNOMODULANTS,L01,ANTINEOPLASIQUES,L01E,INHIBITEURS DE PROTEINE KINASE,L01EN,NON DETERMINE,9999999,Non restitué,116.0,0.0,0.0
L,ANTINEOPLASIQUES ET AGENTS IMMUNOMODULANTS,L01,ANTINEOPLASIQUES,L01E,INHIBITEURS DE PROTEINE KINASE,L01EN,NON DETERMINE,L01EN02,PEMIGATINIB,37.0,0.0,0.0
L,ANTINEOPLASIQUES ET AGENTS IMMUNOMODULANTS,L01,ANTINEOPLASIQUES,L01E,INHIBITEURS DE PROTEINE KINASE,L01EX,AUTRES INHIBITEURS DE PROTÉINE KINASE,9999999,Non restitué,19703.0,1469.54,862.84
L,ANTINEOPLASIQUES ET AGENTS IMMUNOMODULANTS,L01,ANTINEOPLASIQUES,L01E,INHIBITEURS DE PROTEINE KINASE,L01EX,AUTRES INHIBITEURS DE PROTÉINE KINASE,L01EX01,SUNITINIB,3166.0,0.0,0.0
L,ANTINEOPLASIQUES ET AGENTS IMMUNOMODULANTS,L01,ANTINEOPLASIQUES,L01E,INHIBITEURS DE PROTEINE KINASE,L01EX,AUTRES INHIBITEURS DE PROTÉINE KINASE,L01EX02,SORAFENIB,1511.0,0.0,0.0
L,ANTINEOPLASIQUES ET AGENTS IMMUNOMODULANTS,L01,ANTINEOPLASIQUES,L01E,INHIBITEURS DE PROTEINE KINASE,L01EX,AUTRES INHIBITEURS DE PROTÉINE KINASE,L01EX03,PAZOPANIB,5818.0,573.36,573.36
L,ANTINEOPLASIQUES ET AGENTS IMMUNOMODULANTS,L01,ANTINEOPLASIQUES,L01E,INHIBITEURS DE PROTEINE KINASE,L01EX,AUTRES INHIBITEURS DE PROTÉINE KINASE,L01EX04,VANDETANIB,97.0,0.0,0.0
L,ANTINEOPLASIQUES ET AGENTS IMMUNOMODULANTS,L01,ANTINEOPLASIQUES,L01E,INHIBITEURS DE PROTEINE KINASE,L01EX,AUTRES INHIBITEURS DE PROTÉINE KINASE,L01EX05,REGORAFENIB,3138.0,0.0,0.0
L,ANTINEOPLASIQUES ET AGENTS IMMUNOMODULANTS,L01,ANTINEOPLASIQUES,L01E,INHIBITEURS DE PROTEINE KINASE,L01EX,AUTRES INHIBITEURS DE PROTÉINE KINASE,L01EX07,CABOZANTINIB,17668.0,0.0,0.0
L,ANTINEOPLASIQUES ET AGENTS IMMUNOMODULANTS,L01,ANTINEOPLASIQUES,L01E,INHIBITEURS DE PROTEINE KINASE,L01EX,AUTRES INHIBITEURS DE PROTÉINE KINASE,L01EX08,LENVATINIB,22496.0,0.0,0.0
L,ANTINEOPLASIQUES ET AGENTS IMMUNOMODULANTS,L01,ANTINEOPLASIQUES,L01E,INHIBITEURS DE PROTEINE KINASE,L01EX,AUTRES INHIBITEURS DE PROTÉINE KINASE,L01EX09,NINTEDANIB,33807.0,606.7,0.0
L,ANTINEOPLASIQUES ET AGENTS IMMUNOMODULANTS,L01,ANTINEOPLASIQUES,L01E,INHIBITEURS DE PROTEINE KINASE,L01EX,AUTRES INHIBITEURS DE PROTÉINE KINASE,L01EX10,MIDOSTAURINE,1693.0,0.0,0.0
L,ANTINEOPLASIQUES ET AGENTS IMMUNOMODULANTS,L01,ANTINEOPLASIQUES,L01E,INHIBITEURS DE PROTEINE KINASE,L01EX,AUTRES INHIBITEURS DE PROTÉINE KINASE,L01EX13,GILTERITINIB,989.0,0.0,0.0
L,ANTINEOPLASIQUES ET AGENTS IMMUNOMODULANTS,L01,ANTINEOPLASIQUES,L01E,INHIBITEURS DE PROTEINE KINASE,L01EX,AUTRES INHIBITEURS DE PROTÉINE KINASE,L01EX18,AVAPRITINIB,299.0,0.0,0.0
L,ANTINEOPLASIQUES ET AGENTS IMMUNOMODULANTS,L01,ANTINEOPLASIQUES,L01E,INHIBITEURS DE PROTEINE KINASE,L01EX,AUTRES INHIBITEURS DE PROTÉINE KINASE,L01EX22,SELPERCATINIB,33.0,0.0,0.0
L,ANTINEOPLASIQUES ET AGENTS IMMUNOMODULANTS,L01,ANTINEOPLASIQUES,L01X,AUTRES ANTINEOPLASIQUES,99999,Non restitué,9999999,Non restitué,11120.0,58807.13,63372.840000000004
L,ANTINEOPLASIQUES ET AGENTS IMMUNOMODULANTS,L01,ANTINEOPLASIQUES,L01X,AUTRES ANTINEOPLASIQUES,L01XB,METHYLHYDRAZINES,L01XB01,PROCARBAZINE,1230.0,3486.98,3486.98
L,ANTINEOPLASIQUES ET AGENTS IMMUNOMODULANTS,L01,ANTINEOPLASIQUES,L01X,AUTRES ANTINEOPLASIQUES,L01XD,SENSIBILISATEURS UTILISES DANS LA THERAPIE PHOTODYNAMIQUE/RADIOTHERAPIE,L01XD03,METHYLE AMINOLEVULINATE,13052.0,26744.84,21785.08
L,ANTINEOPLASIQUES ET AGENTS IMMUNOMODULANTS,L01,ANTINEOPLASIQUES,L01X,AUTRES ANTINEOPLASIQUES,L01XF,RÉTINOÏDES POUR LE TRAITEMENT DU CANCER,L01XF03,BEXAROTENE,3044.0,2342.48,2342.48
L,ANTINEOPLASIQUES ET AGENTS IMMUNOMODULANTS,L01,ANTINEOPLASIQUES,L01X,AUTRES ANTINEOPLASIQUES,L01XG,INHIBITEURS DE PROTÉASOME,L01XG03,IXAZOMIB,861.0,0.0,0.0
L,ANTINEOPLASIQUES ET AGENTS IMMUNOMODULANTS,L01,ANTINEOPLASIQUES,L01X,AUTRES ANTINEOPLASIQUES,L01XJ,INHIBITEURS DE LA VOIE HEDGEHOG,9999999,Non restitué,744.0,0.0,0.0
L,ANTINEOPLASIQUES ET AGENTS IMMUNOMODULANTS,L01,ANTINEOPLASIQUES,L01X,AUTRES ANTINEOPLASIQUES,L01XJ,INHIBITEURS DE LA VOIE HEDGEHOG,L01XJ01,VISMODEGIB,302.0,0.0,0.0
L,ANTINEOPLASIQUES ET AGENTS IMMUNOMODULANTS,L01,ANTINEOPLASIQUES,L01X,AUTRES ANTINEOPLASIQUES,L01XJ,INHIBITEURS DE LA VOIE HEDGEHOG,L01XJ02,SONIDEGIB,2147.0,0.0,0.0
L,ANTINEOPLASIQUES ET AGENTS IMMUNOMODULANTS,L01,ANTINEOPLASIQUES,L01X,AUTRES ANTINEOPLASIQUES,L01XK,INHIBITEURS DE POLY (ADP-RIBOSE) POLYMÉRASE (PARP),9999999,Non restitué,6181.0,0.0,0.0
L,ANTINEOPLASIQUES ET AGENTS IMMUNOMODULANTS,L01,ANTINEOPLASIQUES,L01X,AUTRES ANTINEOPLASIQUES,L01XK,INHIBITEURS DE POLY (ADP-RIBOSE) POLYMÉRASE (PARP),L01XK01,OLAPARIB,21519.0,0.0,0.0
L,ANTINEOPLASIQUES ET AGENTS IMMUNOMODULANTS,L01,ANTINEOPLASIQUES,L01X,AUTRES ANTINEOPLASIQUES,L01XK,INHIBITEURS DE POLY (ADP-RIBOSE) POLYMÉRASE (PARP),L01XK02,NIRAPARIB,3959.0,0.0,0.0
L,ANTINEOPLASIQUES ET AGENTS IMMUNOMODULANTS,L01,ANTINEOPLASIQUES,L01X,AUTRES ANTINEOPLASIQUES,L01XK,INHIBITEURS DE POLY (ADP-RIBOSE) POLYMÉRASE (PARP),L01XK03,RUCAPARIB,884.0,0.0,0.0
L,ANTINEOPLASIQUES ET AGENTS IMMUNOMODULANTS,L01,ANTINEOPLASIQUES,L01X,AUTRES ANTINEOPLASIQUES,L01XK,INHIBITEURS DE POLY (ADP-RIBOSE) POLYMÉRASE (PARP),L01XK04,TALAZOPARIB,468.0,0.0,0.0
L,ANTINEOPLASIQUES ET AGENTS IMMUNOMODULANTS,L01,ANTINEOPLASIQUES,L01X,AUTRES ANTINEOPLASIQUES,L01XX,AUTRES ANTINEOPLASIQUES,9999999,Non restitué,7627.0,41197.7,40607.63
L,ANTINEOPLASIQUES ET AGENTS IMMUNOMODULANTS,L01,ANTINEOPLASIQUES,L01X,AUTRES ANTINEOPLASIQUES,L01XX,AUTRES ANTINEOPLASIQUES,L01XX05,HYDROXYCARBAMIDE,636245.0,235465.84,241059.36000000002
L,ANTINEOPLASIQUES ET AGENTS IMMUNOMODULANTS,L01,ANTINEOPLASIQUES,L01X,AUTRES ANTINEOPLASIQUES,L01XX,AUTRES ANTINEOPLASIQUES,L01XX35,ANAGRELIDE,12961.0,16229.54,16545.14
L,ANTINEOPLASIQUES ET AGENTS IMMUNOMODULANTS,L01,ANTINEOPLASIQUES,L01X,AUTRES ANTINEOPLASIQUES,L01XX,AUTRES ANTINEOPLASIQUES,L01XX52,VENETOCLAX,69845.0,75134.75,75468.97
L,ANTINEOPLASIQUES ET AGENTS IMMUNOMODULANTS,L02,THERAPEUTIQUE ENDOCRINE,9999,Non restitué,99999,Non restitué,9999999,Non restitué,2569.0,59974.67,60996.16
L,ANTINEOPLASIQUES ET AGENTS IMMUNOMODULANTS,L02,THERAPEUTIQUE ENDOCRINE,L02A,HORMONES ET APPARENTES,99999,Non restitué,9999999,Non restitué,2475.0,60421.15,60648.1
L,ANTINEOPLASIQUES ET AGENTS IMMUNOMODULANTS,L02,THERAPEUTIQUE ENDOCRINE,L02A,HORMONES ET APPARENTES,L02AB,PROGESTATIFS,9999999,Non restitué,40.0,218.8,218.8
L,ANTINEOPLASIQUES ET AGENTS IMMUNOMODULANTS,L02,THERAPEUTIQUE ENDOCRINE,L02A,HORMONES ET APPARENTES,L02AB,PROGESTATIFS,L02AB01,MEGESTROL,1117.0,2950.35,2950.35
L,ANTINEOPLASIQUES ET AGENTS IMMUNOMODULANTS,L02,THERAPEUTIQUE ENDOCRINE,L02A,HORMONES ET APPARENTES,L02AE,ANALOGUES DE L'HORMONE ENTRAINANT LA LIBERATION DE GONADOTROPHINES,9999999,Non restitué,4547.0,112115.11,107112.61
L,ANTINEOPLASIQUES ET AGENTS IMMUNOMODULANTS,L02,THERAPEUTIQUE ENDOCRINE,L02A,HORMONES ET APPARENTES,L02AE,ANALOGUES DE L'HORMONE ENTRAINANT LA LIBERATION DE GONADOTROPHINES,L02AE02,LEUPRORELINE,95955.0,155430.81,142474.33
L,ANTINEOPLASIQUES ET AGENTS IMMUNOMODULANTS,L02,THERAPEUTIQUE ENDOCRINE,L02A,HORMONES ET APPARENTES,L02AE,ANALOGUES DE L'HORMONE ENTRAINANT LA LIBERATION DE GONADOTROPHINES,L02AE03,GOSERELINE,25757.0,28443.100000000002,29070.84
L,ANTINEOPLASIQUES ET AGENTS IMMUNOMODULANTS,L02,THERAPEUTIQUE ENDOCRINE,L02A,HORMONES ET APPARENTES,L02AE,ANALOGUES DE L'HORMONE ENTRAINANT LA LIBERATION DE GONADOTROPHINES,L02AE04,TRIPTORELINE,210051.0,301837.23,289322.95
L,ANTINEOPLASIQUES ET AGENTS IMMUNOMODULANTS,L02,THERAPEUTIQUE ENDOCRINE,L02B,ANTIHORMONES ET APPARENTES,99999,Non restitué,9999999,Non restitué,11075.0,87514.12,87779.41
L,ANTINEOPLASIQUES ET AGENTS IMMUNOMODULANTS,L02,THERAPEUTIQUE ENDOCRINE,L02B,ANTIHORMONES ET APPARENTES,L02BA,ANTI-ESTROGENES,9999999,Non restitué,5743.0,29176.3,29375.0
L,ANTINEOPLASIQUES ET AGENTS IMMUNOMODULANTS,L02,THERAPEUTIQUE ENDOCRINE,L02B,ANTIHORMONES ET APPARENTES,L02BA,ANTI-ESTROGENES,L02BA01,TAMOXIFENE,260122.0,568207.37,570283.25
L,ANTINEOPLASIQUES ET AGENTS IMMUNOMODULANTS,L02,THERAPEUTIQUE ENDOCRINE,L02B,ANTIHORMONES ET APPARENTES,L02BA,ANTI-ESTROGENES,L02BA03,FULVESTRANT,124317.0,58372.56,58372.56
L,ANTINEOPLASIQUES ET AGENTS IMMUNOMODULANTS,L02,THERAPEUTIQUE ENDOCRINE,L02B,ANTIHORMONES ET APPARENTES,L02BB,ANTIANDROGENES,9999999,Non restitué,9305.0,10839.16,10913.84
L,ANTINEOPLASIQUES ET AGENTS IMMUNOMODULANTS,L02,THERAPEUTIQUE ENDOCRINE,L02B,ANTIHORMONES ET APPARENTES,L02BB,ANTIANDROGENES,L02BB02,NILUTAMIDE,13.0,257.16,257.16
L,ANTINEOPLASIQUES ET AGENTS IMMUNOMODULANTS,L02,THERAPEUTIQUE ENDOCRINE,L02B,ANTIHORMONES ET APPARENTES,L02BB,ANTIANDROGENES,L02BB03,BICALUTAMIDE,14621.0,131248.46,132518.02
L,ANTINEOPLASIQUES ET AGENTS IMMUNOMODULANTS,L02,THERAPEUTIQUE ENDOCRINE,L02B,ANTIHORMONES ET APPARENTES,L02BB,ANTIANDROGENES,L02BB04,ENZALUTAMIDE,63366.0,0.0,0.0
L,ANTINEOPLASIQUES ET AGENTS IMMUNOMODULANTS,L02,THERAPEUTIQUE ENDOCRINE,L02B,ANTIHORMONES ET APPARENTES,L02BB,ANTIANDROGENES,L02BB05,APALUTAMIDE,48229.0,0.0,0.0
L,ANTINEOPLASIQUES ET AGENTS IMMUNOMODULANTS,L02,THERAPEUTIQUE ENDOCRINE,L02B,ANTIHORMONES ET APPARENTES,L02BB,ANTIANDROGENES,L02BB06,DAROLUTAMIDE,11710.0,0.0,0.0
L,ANTINEOPLASIQUES ET AGENTS IMMUNOMODULANTS,L02,THERAPEUTIQUE ENDOCRINE,L02B,ANTIHORMONES ET APPARENTES,L02BG,INHIBITEURS ENZYMATIQUES,9999999,Non restitué,5156.0,130154.3,131315.77
L,ANTINEOPLASIQUES ET AGENTS IMMUNOMODULANTS,L02,THERAPEUTIQUE ENDOCRINE,L02B,ANTIHORMONES ET APPARENTES,L02BG,INHIBITEURS ENZYMATIQUES,L02BG03,ANASTROZOLE,132250.0,394681.05,394079.19
L,ANTINEOPLASIQUES ET AGENTS IMMUNOMODULANTS,L02,THERAPEUTIQUE ENDOCRINE,L02B,ANTIHORMONES ET APPARENTES,L02BG,INHIBITEURS ENZYMATIQUES,L02BG04,LETROZOLE,629784.0,547908.71,543714.75
L,ANTINEOPLASIQUES ET AGENTS IMMUNOMODULANTS,L02,THERAPEUTIQUE ENDOCRINE,L02B,ANTIHORMONES ET APPARENTES,L02BG,INHIBITEURS ENZYMATIQUES,L02BG06,EXEMESTANE,151042.0,184611.97,184703.67
L,ANTINEOPLASIQUES ET AGENTS IMMUNOMODULANTS,L02,THERAPEUTIQUE ENDOCRINE,L02B,ANTIHORMONES ET APPARENTES,L02BX,AUTRES HORMONES ANTAGONISTES ET AGENTS APPARENTES,9999999,Non restitué,5253.0,39906.17,39100.85
L,ANTINEOPLASIQUES ET AGENTS IMMUNOMODULANTS,L02,THERAPEUTIQUE ENDOCRINE,L02B,ANTIHORMONES ET APPARENTES,L02BX,AUTRES HORMONES ANTAGONISTES ET AGENTS APPARENTES,L02BX02,DEGARELIX,58377.0,78032.15,78497.3
L,ANTINEOPLASIQUES ET AGENTS IMMUNOMODULANTS,L02,THERAPEUTIQUE ENDOCRINE,L02B,ANTIHORMONES ET APPARENTES,L02BX,AUTRES HORMONES ANTAGONISTES ET AGENTS APPARENTES,L02BX03,ABIRATERONE,86488.0,33815.159999999996,33815.159999999996
L,ANTINEOPLASIQUES ET AGENTS IMMUNOMODULANTS,L02,THERAPEUTIQUE ENDOCRINE,L02B,ANTIHORMONES ET APPARENTES,L02BX,AUTRES HORMONES ANTAGONISTES ET AGENTS APPARENTES,L02BX04,RELUGOLIX,6082.0,8679.56,8679.56
L,ANTINEOPLASIQUES ET AGENTS IMMUNOMODULANTS,L03,IMMUNOSTIMULANTS,L03A,IMMUNOSTIMULANTS,99999,Non restitué,9999999,Non restitué,9011.0,75019.37,72710.66
L,ANTINEOPLASIQUES ET AGENTS IMMUNOMODULANTS,L03,IMMUNOSTIMULANTS,L03A,IMMUNOSTIMULANTS,L03AA,FACTEURS DE CROISSANCE,9999999,Non restitué,12255.0,93861.88,94611.69
L,ANTINEOPLASIQUES ET AGENTS IMMUNOMODULANTS,L03,IMMUNOSTIMULANTS,L03A,IMMUNOSTIMULANTS,L03AA,FACTEURS DE CROISSANCE,L03AA02,FILGRASTIM,643008.0,197987.27,196624.16
L,ANTINEOPLASIQUES ET AGENTS IMMUNOMODULANTS,L03,IMMUNOSTIMULANTS,L03A,IMMUNOSTIMULANTS,L03AA,FACTEURS DE CROISSANCE,L03AA10,LENOGRASTIM,215421.0,35244.73,34312.57
L,ANTINEOPLASIQUES ET AGENTS IMMUNOMODULANTS,L03,IMMUNOSTIMULANTS,L03A,IMMUNOSTIMULANTS,L03AA,FACTEURS DE CROISSANCE,L03AA13,PEGFILGRASTIM,224638.0,100463.06,99391.45999999999
L,ANTINEOPLASIQUES ET AGENTS IMMUNOMODULANTS,L03,IMMUNOSTIMULANTS,L03A,IMMUNOSTIMULANTS,L03AA,FACTEURS DE CROISSANCE,L03AA14,LIPEGFILGRASTIM,2658.0,4160.240000000001,4160.240000000001
L,ANTINEOPLASIQUES ET AGENTS IMMUNOMODULANTS,L03,IMMUNOSTIMULANTS,L03A,IMMUNOSTIMULANTS,L03AB,INTERFERONS,9999999,Non restitué,5790.0,5738.44,4328.98
L,ANTINEOPLASIQUES ET AGENTS IMMUNOMODULANTS,L03,IMMUNOSTIMULANTS,L03A,IMMUNOSTIMULANTS,L03AB,INTERFERONS,L03AB07,INTERFERON BETA-1A,16101.0,3049.14,3450.5
L,ANTINEOPLASIQUES ET AGENTS IMMUNOMODULANTS,L03,IMMUNOSTIMULANTS,L03A,IMMUNOSTIMULANTS,L03AB,INTERFERONS,L03AB08,INTERFERON BETA-1B,119.0,0.0,0.0
L,ANTINEOPLASIQUES ET AGENTS IMMUNOMODULANTS,L03,IMMUNOSTIMULANTS,L03A,IMMUNOSTIMULANTS,L03AB,INTERFERONS,L03AB13,PEGINTERFERON BETA-1A,6753.0,4379.74,4749.12
L,ANTINEOPLASIQUES ET AGENTS IMMUNOMODULANTS,L03,IMMUNOSTIMULANTS,L03A,IMMUNOSTIMULANTS,L03AX,AUTRES IMMUNOSTIMULANTS,9999999,Non restitué,3607.0,16712.010000000002,15971.43
L,ANTINEOPLASIQUES ET AGENTS IMMUNOMODULANTS,L03,IMMUNOSTIMULANTS,L03A,IMMUNOSTIMULANTS,L03AX,AUTRES IMMUNOSTIMULANTS,L03AX03,VACCIN BCG,40105.0,16500.75,16500.75
L,ANTINEOPLASIQUES ET AGENTS IMMUNOMODULANTS,L03,IMMUNOSTIMULANTS,L03A,IMMUNOSTIMULANTS,L03AX,AUTRES IMMUNOSTIMULANTS,L03AX13,GLATIRAMERE ACETATE,22628.0,3329.54,3515.46
L,ANTINEOPLASIQUES ET AGENTS IMMUNOMODULANTS,L04,IMMUNOSUPPRESSEURS,L04A,IMMUNOSUPPRESSEURS,99999,Non restitué,9999999,Non restitué,44738.0,143533.85,143283.96
L,ANTINEOPLASIQUES ET AGENTS IMMUNOMODULANTS,L04,IMMUNOSUPPRESSEURS,L04A,IMMUNOSUPPRESSEURS,L04AA,IMMUNOSUPPRESSEURS SELECTIFS,9999999,Non restitué,14587.0,96033.35,87898.2
L,ANTINEOPLASIQUES ET AGENTS IMMUNOMODULANTS,L04,IMMUNOSUPPRESSEURS,L04A,IMMUNOSUPPRESSEURS,L04AA,IMMUNOSUPPRESSEURS SELECTIFS,L04AA06,MYCOPHENOLIQUE ACIDE,832559.0,302483.86,299668.98
L,ANTINEOPLASIQUES ET AGENTS IMMUNOMODULANTS,L04,IMMUNOSUPPRESSEURS,L04A,IMMUNOSUPPRESSEURS,L04AA,IMMUNOSUPPRESSEURS SELECTIFS,L04AA18,EVEROLIMUS,133663.0,53331.96,54147.0
L,ANTINEOPLASIQUES ET AGENTS IMMUNOMODULANTS,L04,IMMUNOSUPPRESSEURS,L04A,IMMUNOSUPPRESSEURS,L04AA,IMMUNOSUPPRESSEURS SELECTIFS,L04AA24,ABATACEPT,39392.0,9680.29,9798.87
L,ANTINEOPLASIQUES ET AGENTS IMMUNOMODULANTS,L04,IMMUNOSUPPRESSEURS,L04A,IMMUNOSUPPRESSEURS,L04AA,IMMUNOSUPPRESSEURS SELECTIFS,L04AA32,APREMILAST,37259.0,79474.77,53364.130000000005
L,ANTINEOPLASIQUES ET AGENTS IMMUNOMODULANTS,L04,IMMUNOSUPPRESSEURS,L04A,IMMUNOSUPPRESSEURS,L04AA,IMMUNOSUPPRESSEURS SELECTIFS,L04AA40,CLADRIBINE,1912.0,0.0,0.0
L,ANTINEOPLASIQUES ET AGENTS IMMUNOMODULANTS,L04,IMMUNOSUPPRESSEURS,L04A,IMMUNOSUPPRESSEURS,L04AB,INHIBITEURS DU FACTEUR NECROSANT DES TUMEURS ALFA (TNF-a),9999999,Non restitué,18735.0,47320.57,48185.659999999996
L,ANTINEOPLASIQUES ET AGENTS IMMUNOMODULANTS,L04,IMMUNOSUPPRESSEURS,L04A,IMMUNOSUPPRESSEURS,L04AB,INHIBITEURS DU FACTEUR NECROSANT DES TUMEURS ALFA (TNF-a),L04AB01,ETANERCEPT,144413.0,36633.0,37333.86
L,ANTINEOPLASIQUES ET AGENTS IMMUNOMODULANTS,L04,IMMUNOSUPPRESSEURS,L04A,IMMUNOSUPPRESSEURS,L04AB,INHIBITEURS DU FACTEUR NECROSANT DES TUMEURS ALFA (TNF-a),L04AB02,INFLIXIMAB,126769.0,60464.26,62914.42
L,ANTINEOPLASIQUES ET AGENTS IMMUNOMODULANTS,L04,IMMUNOSUPPRESSEURS,L04A,IMMUNOSUPPRESSEURS,L04AB,INHIBITEURS DU FACTEUR NECROSANT DES TUMEURS ALFA (TNF-a),L04AB04,ADALIMUMAB,602316.0,70305.4,59700.74
L,ANTINEOPLASIQUES ET AGENTS IMMUNOMODULANTS,L04,IMMUNOSUPPRESSEURS,L04A,IMMUNOSUPPRESSEURS,L04AB,INHIBITEURS DU FACTEUR NECROSANT DES TUMEURS ALFA (TNF-a),L04AB05,CERTOLIZUMAB PEGOL,52790.0,6583.21,5793.03
L,ANTINEOPLASIQUES ET AGENTS IMMUNOMODULANTS,L04,IMMUNOSUPPRESSEURS,L04A,IMMUNOSUPPRESSEURS,L04AB,INHIBITEURS DU FACTEUR NECROSANT DES TUMEURS ALFA (TNF-a),L04AB06,GOLIMUMAB,97639.0,20901.41,20458.34
L,ANTINEOPLASIQUES ET AGENTS IMMUNOMODULANTS,L04,IMMUNOSUPPRESSEURS,L04A,IMMUNOSUPPRESSEURS,L04AC,INHIBITEURS DE LINTERLEUKINE,9999999,Non restitué,38284.0,19098.03,21896.72
L,ANTINEOPLASIQUES ET AGENTS IMMUNOMODULANTS,L04,IMMUNOSUPPRESSEURS,L04A,IMMUNOSUPPRESSEURS,L04AC,INHIBITEURS DE LINTERLEUKINE,L04AC03,ANAKINRA,49835.0,1007.4100000000001,442.82
L,ANTINEOPLASIQUES ET AGENTS IMMUNOMODULANTS,L04,IMMUNOSUPPRESSEURS,L04A,IMMUNOSUPPRESSEURS,L04AC,INHIBITEURS DE LINTERLEUKINE,L04AC05,USTEKINUMAB,114640.0,817.17,0.0
L,ANTINEOPLASIQUES ET AGENTS IMMUNOMODULANTS,L04,IMMUNOSUPPRESSEURS,L04A,IMMUNOSUPPRESSEURS,L04AC,INHIBITEURS DE LINTERLEUKINE,L04AC07,TOCILIZUMAB,72799.0,24124.7,21162.42
L,ANTINEOPLASIQUES ET AGENTS IMMUNOMODULANTS,L04,IMMUNOSUPPRESSEURS,L04A,IMMUNOSUPPRESSEURS,L04AC,INHIBITEURS DE LINTERLEUKINE,L04AC08,CANAKINUMAB,5831.0,0.0,0.0
L,ANTINEOPLASIQUES ET AGENTS IMMUNOMODULANTS,L04,IMMUNOSUPPRESSEURS,L04A,IMMUNOSUPPRESSEURS,L04AC,INHIBITEURS DE LINTERLEUKINE,L04AC10,SECUKINUMAB,104742.0,36947.93,43062.6
L,ANTINEOPLASIQUES ET AGENTS IMMUNOMODULANTS,L04,IMMUNOSUPPRESSEURS,L04A,IMMUNOSUPPRESSEURS,L04AC,INHIBITEURS DE LINTERLEUKINE,L04AC12,BRODALUMAB,4611.0,0.0,0.0
L,ANTINEOPLASIQUES ET AGENTS IMMUNOMODULANTS,L04,IMMUNOSUPPRESSEURS,L04A,IMMUNOSUPPRESSEURS,L04AC,INHIBITEURS DE LINTERLEUKINE,L04AC13,IXEKIZUMAB,73818.0,15397.31,17546.8
L,ANTINEOPLASIQUES ET AGENTS IMMUNOMODULANTS,L04,IMMUNOSUPPRESSEURS,L04A,IMMUNOSUPPRESSEURS,L04AC,INHIBITEURS DE LINTERLEUKINE,L04AC14,SARILUMAB,8720.0,2933.3599999999997,3214.64
L,ANTINEOPLASIQUES ET AGENTS IMMUNOMODULANTS,L04,IMMUNOSUPPRESSEURS,L04A,IMMUNOSUPPRESSEURS,L04AC,INHIBITEURS DE LINTERLEUKINE,L04AC16,GUSELKUMAB,41465.0,0.0,0.0
L,ANTINEOPLASIQUES ET AGENTS IMMUNOMODULANTS,L04,IMMUNOSUPPRESSEURS,L04A,IMMUNOSUPPRESSEURS,L04AC,INHIBITEURS DE LINTERLEUKINE,L04AC17,TILDRAKIZUMAB,4975.0,0.0,0.0
L,ANTINEOPLASIQUES ET AGENTS IMMUNOMODULANTS,L04,IMMUNOSUPPRESSEURS,L04A,IMMUNOSUPPRESSEURS,L04AC,INHIBITEURS DE LINTERLEUKINE,L04AC18,RISANKIZUMAB,25209.0,0.0,0.0
L,ANTINEOPLASIQUES ET AGENTS IMMUNOMODULANTS,L04,IMMUNOSUPPRESSEURS,L04A,IMMUNOSUPPRESSEURS,L04AC,INHIBITEURS DE LINTERLEUKINE,L04AC21,BIMEKIZUMAB,11395.0,9383.16,10282.92
L,ANTINEOPLASIQUES ET AGENTS IMMUNOMODULANTS,L04,IMMUNOSUPPRESSEURS,L04A,IMMUNOSUPPRESSEURS,L04AD,INHIBITEURS DE LA CALCINEURINE,9999999,Non restitué,6046.0,101736.04,102036.58
L,ANTINEOPLASIQUES ET AGENTS IMMUNOMODULANTS,L04,IMMUNOSUPPRESSEURS,L04A,IMMUNOSUPPRESSEURS,L04AD,INHIBITEURS DE LA CALCINEURINE,L04AD01,CICLOSPORINE,238335.0,153840.88,153826.85
L,ANTINEOPLASIQUES ET AGENTS IMMUNOMODULANTS,L04,IMMUNOSUPPRESSEURS,L04A,IMMUNOSUPPRESSEURS,L04AD,INHIBITEURS DE LA CALCINEURINE,L04AD02,TACROLIMUS,1141734.0,265149.07,264394.04
L,ANTINEOPLASIQUES ET AGENTS IMMUNOMODULANTS,L04,IMMUNOSUPPRESSEURS,L04A,IMMUNOSUPPRESSEURS,L04AE,MODULTAURES DES RECEPTEURS DE LA SPHINGOSINE-1 PHOSPHATE (S1P),9999999,Non restitué,2250.0,4730.360000000001,4451.16
L,ANTINEOPLASIQUES ET AGENTS IMMUNOMODULANTS,L04,IMMUNOSUPPRESSEURS,L04A,IMMUNOSUPPRESSEURS,L04AE,MODULTAURES DES RECEPTEURS DE LA SPHINGOSINE-1 PHOSPHATE (S1P),L04AE01,FINGOLIMOD,56045.0,15063.69,15284.890000000001
L,ANTINEOPLASIQUES ET AGENTS IMMUNOMODULANTS,L04,IMMUNOSUPPRESSEURS,L04A,IMMUNOSUPPRESSEURS,L04AE,MODULTAURES DES RECEPTEURS DE LA SPHINGOSINE-1 PHOSPHATE (S1P),L04AE04,PONESIMOD,4912.0,9072.82,7368.53
L,ANTINEOPLASIQUES ET AGENTS IMMUNOMODULANTS,L04,IMMUNOSUPPRESSEURS,L04A,IMMUNOSUPPRESSEURS,L04AF,INHIBITEURS DELA JANUS KINASE (JAK),9999999,Non restitué,11974.0,32261.56,25870.71
L,ANTINEOPLASIQUES ET AGENTS IMMUNOMODULANTS,L04,IMMUNOSUPPRESSEURS,L04A,IMMUNOSUPPRESSEURS,L04AF,INHIBITEURS DELA JANUS KINASE (JAK),L04AF01,TOFACITINIB,13840.0,2017.6499999999999,2017.6499999999999
L,ANTINEOPLASIQUES ET AGENTS IMMUNOMODULANTS,L04,IMMUNOSUPPRESSEURS,L04A,IMMUNOSUPPRESSEURS,L04AF,INHIBITEURS DELA JANUS KINASE (JAK),L04AF02,BARICITINIB,30484.0,8822.84,5261.35
L,ANTINEOPLASIQUES ET AGENTS IMMUNOMODULANTS,L04,IMMUNOSUPPRESSEURS,L04A,IMMUNOSUPPRESSEURS,L04AF,INHIBITEURS DELA JANUS KINASE (JAK),L04AF03,UPADACITINIB,64447.0,6875.27,2505.92
L,ANTINEOPLASIQUES ET AGENTS IMMUNOMODULANTS,L04,IMMUNOSUPPRESSEURS,L04A,IMMUNOSUPPRESSEURS,L04AF,INHIBITEURS DELA JANUS KINASE (JAK),L04AF04,FILGOTINIB,9765.0,4134.06,4134.06
L,ANTINEOPLASIQUES ET AGENTS IMMUNOMODULANTS,L04,IMMUNOSUPPRESSEURS,L04A,IMMUNOSUPPRESSEURS,L04AF,INHIBITEURS DELA JANUS KINASE (JAK),L04AF07,DEUCRAVACITINIB,163.0,185.41,618.03
L,ANTINEOPLASIQUES ET AGENTS IMMUNOMODULANTS,L04,IMMUNOSUPPRESSEURS,L04A,IMMUNOSUPPRESSEURS,L04AG,ANTICORPS MONOCLONAUX,9999999,Non restitué,7915.0,11516.97,11171.55
L,ANTINEOPLASIQUES ET AGENTS IMMUNOMODULANTS,L04,IMMUNOSUPPRESSEURS,L04A,IMMUNOSUPPRESSEURS,L04AG,ANTICORPS MONOCLONAUX,L04AG04,BELIMUMAB,11774.0,14861.949999999999,15455.439999999999
L,ANTINEOPLASIQUES ET AGENTS IMMUNOMODULANTS,L04,IMMUNOSUPPRESSEURS,L04A,IMMUNOSUPPRESSEURS,L04AG,ANTICORPS MONOCLONAUX,L04AG05,VEDOLIZUMAB,52397.0,13078.060000000001,11274.2
L,ANTINEOPLASIQUES ET AGENTS IMMUNOMODULANTS,L04,IMMUNOSUPPRESSEURS,L04A,IMMUNOSUPPRESSEURS,L04AG,ANTICORPS MONOCLONAUX,L04AG12,OFATUMUMAB,51621.0,0.0,0.0
L,ANTINEOPLASIQUES ET AGENTS IMMUNOMODULANTS,L04,IMMUNOSUPPRESSEURS,L04A,IMMUNOSUPPRESSEURS,L04AH,INHIBITEURS DE LA KINASE CIBLE DE LA RAPAMYCINE (chez les mammifères) (mTOR),L04AH01,SIROLIMUS,24848.0,17499.45,16863.24
L,ANTINEOPLASIQUES ET AGENTS IMMUNOMODULANTS,L04,IMMUNOSUPPRESSEURS,L04A,IMMUNOSUPPRESSEURS,L04AJ,INHIBITEURS DU COMPLEMENT,9999999,Non restitué,363.0,0.0,0.0
L,ANTINEOPLASIQUES ET AGENTS IMMUNOMODULANTS,L04,IMMUNOSUPPRESSEURS,L04A,IMMUNOSUPPRESSEURS,L04AJ,INHIBITEURS DU COMPLEMENT,L04AJ05,AVACOPAN,184.0,0.0,0.0
L,ANTINEOPLASIQUES ET AGENTS IMMUNOMODULANTS,L04,IMMUNOSUPPRESSEURS,L04A,IMMUNOSUPPRESSEURS,L04AK,INHIBITEURS DE LA DIHYDROOROTATE DESHYDROGENASE,9999999,Non restitué,3488.0,46175.49,44368.9
L,ANTINEOPLASIQUES ET AGENTS IMMUNOMODULANTS,L04,IMMUNOSUPPRESSEURS,L04A,IMMUNOSUPPRESSEURS,L04AK,INHIBITEURS DE LA DIHYDROOROTATE DESHYDROGENASE,L04AK01,LEFLUNOMIDE,60127.0,425747.73,412821.39
L,ANTINEOPLASIQUES ET AGENTS IMMUNOMODULANTS,L04,IMMUNOSUPPRESSEURS,L04A,IMMUNOSUPPRESSEURS,L04AK,INHIBITEURS DE LA DIHYDROOROTATE DESHYDROGENASE,L04AK02,TERIFLUNOMIDE,75417.0,31108.14,30415.34
L,ANTINEOPLASIQUES ET AGENTS IMMUNOMODULANTS,L04,IMMUNOSUPPRESSEURS,L04A,IMMUNOSUPPRESSEURS,L04AX,AUTRES IMMUNOSUPPRESSEURS,9999999,Non restitué,14566.0,110389.35,109203.03
L,ANTINEOPLASIQUES ET AGENTS IMMUNOMODULANTS,L04,IMMUNOSUPPRESSEURS,L04A,IMMUNOSUPPRESSEURS,L04AX,AUTRES IMMUNOSUPPRESSEURS,L04AX01,AZATHIOPRINE,161704.0,758762.67,755192.74
L,ANTINEOPLASIQUES ET AGENTS IMMUNOMODULANTS,L04,IMMUNOSUPPRESSEURS,L04A,IMMUNOSUPPRESSEURS,L04AX,AUTRES IMMUNOSUPPRESSEURS,L04AX03,METHOTREXATE,1480053.0,641244.95,623624.02
L,ANTINEOPLASIQUES ET AGENTS IMMUNOMODULANTS,L04,IMMUNOSUPPRESSEURS,L04A,IMMUNOSUPPRESSEURS,L04AX,AUTRES IMMUNOSUPPRESSEURS,L04AX05,PIRFENIDONE,10788.0,4062.85,4353.0599999999995
L,ANTINEOPLASIQUES ET AGENTS IMMUNOMODULANTS,L04,IMMUNOSUPPRESSEURS,L04A,IMMUNOSUPPRESSEURS,L04AX,AUTRES IMMUNOSUPPRESSEURS,L04AX07,DIMETHYL FUMARATE,56082.0,44159.93,44494.24
L,ANTINEOPLASIQUES ET AGENTS IMMUNOMODULANTS,L04,IMMUNOSUPPRESSEURS,L04A,IMMUNOSUPPRESSEURS,L04AX,AUTRES IMMUNOSUPPRESSEURS,L04AX09,DIROXIMEL FUMARATE,13310.0,1540.66,1540.66
M,SYSTEME MUSCULO-SQUELETTIQUE,999,INCONNU,9999,Non restitué,99999,Non restitué,9999999,Non restitué,25394.0,140282.95,163593.59
M,SYSTEME MUSCULO-SQUELETTIQUE,M01,ANTIINFLAMMATOIRES ET ANTIRHUMATISMAUX,9999,Non restitué,99999,Non restitué,9999999,Non restitué,2944.0,40134.51,42939.73
M,SYSTEME MUSCULO-SQUELETTIQUE,M01,ANTIINFLAMMATOIRES ET ANTIRHUMATISMAUX,M01A,"ANTIINFLAMMATOIRES, ANTIRHUMATISMAUX, NON STEROIDIENS",99999,Non restitué,9999999,Non restitué,11634.0,26236.2,41299.15
M,SYSTEME MUSCULO-SQUELETTIQUE,M01,ANTIINFLAMMATOIRES ET ANTIRHUMATISMAUX,M01A,"ANTIINFLAMMATOIRES, ANTIRHUMATISMAUX, NON STEROIDIENS",M01AB,DERIVES DE L'ACIDE ACETIQUE ET APPARENTES,9999999,Non restitué,8968.0,32288.66,40725.88
M,SYSTEME MUSCULO-SQUELETTIQUE,M01,ANTIINFLAMMATOIRES ET ANTIRHUMATISMAUX,M01A,"ANTIINFLAMMATOIRES, ANTIRHUMATISMAUX, NON STEROIDIENS",M01AB,DERIVES DE L'ACIDE ACETIQUE ET APPARENTES,M01AB01,INDOMETACINE,30529.0,96767.4,113067.83
M,SYSTEME MUSCULO-SQUELETTIQUE,M01,ANTIINFLAMMATOIRES ET ANTIRHUMATISMAUX,M01A,"ANTIINFLAMMATOIRES, ANTIRHUMATISMAUX, NON STEROIDIENS",M01AB,DERIVES DE L'ACIDE ACETIQUE ET APPARENTES,M01AB02,SULINDAC,1007.0,4735.02,6095.42
M,SYSTEME MUSCULO-SQUELETTIQUE,M01,ANTIINFLAMMATOIRES ET ANTIRHUMATISMAUX,M01A,"ANTIINFLAMMATOIRES, ANTIRHUMATISMAUX, NON STEROIDIENS",M01AB,DERIVES DE L'ACIDE ACETIQUE ET APPARENTES,M01AB05,DICLOFENAC,173101.0,444768.71,597854.4
M,SYSTEME MUSCULO-SQUELETTIQUE,M01,ANTIINFLAMMATOIRES ET ANTIRHUMATISMAUX,M01A,"ANTIINFLAMMATOIRES, ANTIRHUMATISMAUX, NON STEROIDIENS",M01AB,DERIVES DE L'ACIDE ACETIQUE ET APPARENTES,M01AB08,ETODOLAC,445.0,1937.01,2393.6
M,SYSTEME MUSCULO-SQUELETTIQUE,M01,ANTIINFLAMMATOIRES ET ANTIRHUMATISMAUX,M01A,"ANTIINFLAMMATOIRES, ANTIRHUMATISMAUX, NON STEROIDIENS",M01AB,DERIVES DE L'ACIDE ACETIQUE ET APPARENTES,M01AB16,ACECLOFENAC,8401.0,22367.21,28247.07
M,SYSTEME MUSCULO-SQUELETTIQUE,M01,ANTIINFLAMMATOIRES ET ANTIRHUMATISMAUX,M01A,"ANTIINFLAMMATOIRES, ANTIRHUMATISMAUX, NON STEROIDIENS",M01AC,OXICAMS,9999999,Non restitué,4354.0,11698.95,16406.08
M,SYSTEME MUSCULO-SQUELETTIQUE,M01,ANTIINFLAMMATOIRES ET ANTIRHUMATISMAUX,M01A,"ANTIINFLAMMATOIRES, ANTIRHUMATISMAUX, NON STEROIDIENS",M01AC,OXICAMS,M01AC01,PIROXICAM,43794.0,72773.69,153196.39
M,SYSTEME MUSCULO-SQUELETTIQUE,M01,ANTIINFLAMMATOIRES ET ANTIRHUMATISMAUX,M01A,"ANTIINFLAMMATOIRES, ANTIRHUMATISMAUX, NON STEROIDIENS",M01AC,OXICAMS,M01AC02,TENOXICAM,2004.0,8495.8,11783.26
M,SYSTEME MUSCULO-SQUELETTIQUE,M01,ANTIINFLAMMATOIRES ET ANTIRHUMATISMAUX,M01A,"ANTIINFLAMMATOIRES, ANTIRHUMATISMAUX, NON STEROIDIENS",M01AC,OXICAMS,M01AC06,MELOXICAM,18519.0,44829.09,54120.63
M,SYSTEME MUSCULO-SQUELETTIQUE,M01,ANTIINFLAMMATOIRES ET ANTIRHUMATISMAUX,M01A,"ANTIINFLAMMATOIRES, ANTIRHUMATISMAUX, NON STEROIDIENS",M01AE,DERIVES DE L'ACIDE PROPIONIQUE,9999999,Non restitué,9000.0,13871.73,20066.81
M,SYSTEME MUSCULO-SQUELETTIQUE,M01,ANTIINFLAMMATOIRES ET ANTIRHUMATISMAUX,M01A,"ANTIINFLAMMATOIRES, ANTIRHUMATISMAUX, NON STEROIDIENS",M01AE,DERIVES DE L'ACIDE PROPIONIQUE,M01AE01,IBUPROFENE,1358238.0,1485358.21,1982953.63
M,SYSTEME MUSCULO-SQUELETTIQUE,M01,ANTIINFLAMMATOIRES ET ANTIRHUMATISMAUX,M01A,"ANTIINFLAMMATOIRES, ANTIRHUMATISMAUX, NON STEROIDIENS",M01AE,DERIVES DE L'ACIDE PROPIONIQUE,M01AE02,NAPROXENE,317897.0,516981.02,673124.56
M,SYSTEME MUSCULO-SQUELETTIQUE,M01,ANTIINFLAMMATOIRES ET ANTIRHUMATISMAUX,M01A,"ANTIINFLAMMATOIRES, ANTIRHUMATISMAUX, NON STEROIDIENS",M01AE,DERIVES DE L'ACIDE PROPIONIQUE,M01AE03,KETOPROFENE,1893063.0,2228112.7,2706714.32
M,SYSTEME MUSCULO-SQUELETTIQUE,M01,ANTIINFLAMMATOIRES ET ANTIRHUMATISMAUX,M01A,"ANTIINFLAMMATOIRES, ANTIRHUMATISMAUX, NON STEROIDIENS",M01AE,DERIVES DE L'ACIDE PROPIONIQUE,M01AE09,FLURBIPROFENE,261530.0,272466.24,308043.43
M,SYSTEME MUSCULO-SQUELETTIQUE,M01,ANTIINFLAMMATOIRES ET ANTIRHUMATISMAUX,M01A,"ANTIINFLAMMATOIRES, ANTIRHUMATISMAUX, NON STEROIDIENS",M01AE,DERIVES DE L'ACIDE PROPIONIQUE,M01AE11,TIAPROFENIQUE ACIDE,24901.0,28689.92,41804.88
M,SYSTEME MUSCULO-SQUELETTIQUE,M01,ANTIINFLAMMATOIRES ET ANTIRHUMATISMAUX,M01A,"ANTIINFLAMMATOIRES, ANTIRHUMATISMAUX, NON STEROIDIENS",M01AG,FENAMATES,M01AG01,MEFENAMIQUE ACIDE,21525.0,41823.79,61263.89
M,SYSTEME MUSCULO-SQUELETTIQUE,M01,ANTIINFLAMMATOIRES ET ANTIRHUMATISMAUX,M01A,"ANTIINFLAMMATOIRES, ANTIRHUMATISMAUX, NON STEROIDIENS",M01AH,COXIBS,9999999,Non restitué,2049.0,5775.04,11329.62
M,SYSTEME MUSCULO-SQUELETTIQUE,M01,ANTIINFLAMMATOIRES ET ANTIRHUMATISMAUX,M01A,"ANTIINFLAMMATOIRES, ANTIRHUMATISMAUX, NON STEROIDIENS",M01AH,COXIBS,M01AH01,CELECOXIB,94575.0,306929.71,389174.25
M,SYSTEME MUSCULO-SQUELETTIQUE,M01,ANTIINFLAMMATOIRES ET ANTIRHUMATISMAUX,M01A,"ANTIINFLAMMATOIRES, ANTIRHUMATISMAUX, NON STEROIDIENS",M01AH,COXIBS,M01AH05,ETORICOXIB,16275.0,50835.32,90988.01
M,SYSTEME MUSCULO-SQUELETTIQUE,M01,ANTIINFLAMMATOIRES ET ANTIRHUMATISMAUX,M01A,"ANTIINFLAMMATOIRES, ANTIRHUMATISMAUX, NON STEROIDIENS",M01AX,AUTRES ANTIINFLAMMATOIRES ANTIRHUMATISMAUX NON STEROIDIENS,9999999,Non restitué,3591.0,8809.48,12664.07
M,SYSTEME MUSCULO-SQUELETTIQUE,M01,ANTIINFLAMMATOIRES ET ANTIRHUMATISMAUX,M01A,"ANTIINFLAMMATOIRES, ANTIRHUMATISMAUX, NON STEROIDIENS",M01AX,AUTRES ANTIINFLAMMATOIRES ANTIRHUMATISMAUX NON STEROIDIENS,M01AX01,NABUMETONE,5509.0,22406.13,28506.29
M,SYSTEME MUSCULO-SQUELETTIQUE,M01,ANTIINFLAMMATOIRES ET ANTIRHUMATISMAUX,M01A,"ANTIINFLAMMATOIRES, ANTIRHUMATISMAUX, NON STEROIDIENS",M01AX,AUTRES ANTIINFLAMMATOIRES ANTIRHUMATISMAUX NON STEROIDIENS,M01AX02,NIFLUMIQUE ACIDE,12082.0,15486.7,22821.97
M,SYSTEME MUSCULO-SQUELETTIQUE,M01,ANTIINFLAMMATOIRES ET ANTIRHUMATISMAUX,M01A,"ANTIINFLAMMATOIRES, ANTIRHUMATISMAUX, NON STEROIDIENS",M01AX,AUTRES ANTIINFLAMMATOIRES ANTIRHUMATISMAUX NON STEROIDIENS,M01AX22,MORNIFLUMATE,8538.0,4670.17,14946.64
M,SYSTEME MUSCULO-SQUELETTIQUE,M01,ANTIINFLAMMATOIRES ET ANTIRHUMATISMAUX,M01C,ANTIRHUMATISMAUX SPECIFIQUES,M01CC,PENICILLAMINE ET ANALOGUES,M01CC01,PENICILLAMINE,5526.0,1912.5700000000002,2132.48
M,SYSTEME MUSCULO-SQUELETTIQUE,M02,TOPIQUES POUR DOULEURS ARTICULAIRES OU MUSCULAIRES,M02A,TOPIQUES POUR DOULEURS ARTICULAIRE ET MUSCULAIRE,M02AA,ANTIINFLAMMATOIRES NON STEROIDIENS A USAGE TOPIQUE,9999999,Non restitué,4153.0,3845.79,8907.58
M,SYSTEME MUSCULO-SQUELETTIQUE,M02,TOPIQUES POUR DOULEURS ARTICULAIRES OU MUSCULAIRES,M02A,TOPIQUES POUR DOULEURS ARTICULAIRE ET MUSCULAIRE,M02AA,ANTIINFLAMMATOIRES NON STEROIDIENS A USAGE TOPIQUE,M02AA07,PIROXICAM,39.0,39.010000000000005,121.68
M,SYSTEME MUSCULO-SQUELETTIQUE,M02,TOPIQUES POUR DOULEURS ARTICULAIRES OU MUSCULAIRES,M02A,TOPIQUES POUR DOULEURS ARTICULAIRE ET MUSCULAIRE,M02AA,ANTIINFLAMMATOIRES NON STEROIDIENS A USAGE TOPIQUE,M02AA13,IBUPROFENE,110365.0,94047.96,216313.32
M,SYSTEME MUSCULO-SQUELETTIQUE,M02,TOPIQUES POUR DOULEURS ARTICULAIRES OU MUSCULAIRES,M02A,TOPIQUES POUR DOULEURS ARTICULAIRE ET MUSCULAIRE,M02AA,ANTIINFLAMMATOIRES NON STEROIDIENS A USAGE TOPIQUE,M02AA15,DICLOFENAC,629089.0,696631.66,1368074.17
M,SYSTEME MUSCULO-SQUELETTIQUE,M02,TOPIQUES POUR DOULEURS ARTICULAIRES OU MUSCULAIRES,M02A,TOPIQUES POUR DOULEURS ARTICULAIRE ET MUSCULAIRE,M02AA,ANTIINFLAMMATOIRES NON STEROIDIENS A USAGE TOPIQUE,M02AA17,NIFLUMIQUE ACIDE,51307.0,42320.9,102320.15
M,SYSTEME MUSCULO-SQUELETTIQUE,M03,MYORELAXANTS,9999,Non restitué,99999,Non restitué,9999999,Non restitué,5215.0,29737.61,32641.22
M,SYSTEME MUSCULO-SQUELETTIQUE,M03,MYORELAXANTS,M03B,MYORELAXANTS A ACTION CENTRALE,M03BX,AUTRES MEDICAMENTS A ACTION CENTRALE,M03BX01,BACLOFENE,527575.0,606638.08,689843.77
M,SYSTEME MUSCULO-SQUELETTIQUE,M03,MYORELAXANTS,M03C,MYORELAXANTS A ACTION DIRECTE,M03CA,DANTROLENE ET DERIVES,M03CA01,DANTROLENE,5457.0,25811.51,27355.24
M,SYSTEME MUSCULO-SQUELETTIQUE,M04,ANTIGOUTTEUX,M04A,ANTIGOUTTEUX,99999,Non restitué,9999999,Non restitué,4375.0,15955.31,21326.77
M,SYSTEME MUSCULO-SQUELETTIQUE,M04,ANTIGOUTTEUX,M04A,ANTIGOUTTEUX,M04AA,INHIBITEURS DE LA SYNTHESE DE L'ACIDE URIQUE,9999999,Non restitué,4578.0,28081.13,33441.37
M,SYSTEME MUSCULO-SQUELETTIQUE,M04,ANTIGOUTTEUX,M04A,ANTIGOUTTEUX,M04AA,INHIBITEURS DE LA SYNTHESE DE L'ACIDE URIQUE,M04AA01,ALLOPURINOL,522719.0,648075.91,724263.55
M,SYSTEME MUSCULO-SQUELETTIQUE,M04,ANTIGOUTTEUX,M04A,ANTIGOUTTEUX,M04AA,INHIBITEURS DE LA SYNTHESE DE L'ACIDE URIQUE,M04AA03,FEBUXOSTAT,155856.0,904998.58,975743.67
M,SYSTEME MUSCULO-SQUELETTIQUE,M04,ANTIGOUTTEUX,M04A,ANTIGOUTTEUX,M04AB,URICOSURIQUES,M04AB01,PROBENECIDE,258.0,0.0,0.0
M,SYSTEME MUSCULO-SQUELETTIQUE,M04,ANTIGOUTTEUX,M04A,ANTIGOUTTEUX,M04AC,MEDICAMENTS SANS EFFET SUR LE METABOLISME DE L'ACIDE URIQUE,M04AC01,COLCHICINE,309457.0,449108.41,502357.51
M,SYSTEME MUSCULO-SQUELETTIQUE,M05,MEDICAMENTS POUR LE TRAITEMENT DES DESORDRES OSSEUX,M05B,MEDICAMENTS AGISSANT SUR LA STRUCTURE OSSEUSE ET LA MINERALISATION,99999,Non restitué,9999999,Non restitué,5488.0,111452.31999999999,115567.36
M,SYSTEME MUSCULO-SQUELETTIQUE,M05,MEDICAMENTS POUR LE TRAITEMENT DES DESORDRES OSSEUX,M05B,MEDICAMENTS AGISSANT SUR LA STRUCTURE OSSEUSE ET LA MINERALISATION,M05BA,DIPHOSPHONATES,9999999,Non restitué,6552.0,177879.79,183236.59
M,SYSTEME MUSCULO-SQUELETTIQUE,M05,MEDICAMENTS POUR LE TRAITEMENT DES DESORDRES OSSEUX,M05B,MEDICAMENTS AGISSANT SUR LA STRUCTURE OSSEUSE ET LA MINERALISATION,M05BA,DIPHOSPHONATES,M05BA02,CLODRONIQUE ACIDE,3701.0,6524.61,5912.35
M,SYSTEME MUSCULO-SQUELETTIQUE,M05,MEDICAMENTS POUR LE TRAITEMENT DES DESORDRES OSSEUX,M05B,MEDICAMENTS AGISSANT SUR LA STRUCTURE OSSEUSE ET LA MINERALISATION,M05BA,DIPHOSPHONATES,M05BA04,ALENDRONIQUE ACIDE,27807.0,336332.99,345742.79
M,SYSTEME MUSCULO-SQUELETTIQUE,M05,MEDICAMENTS POUR LE TRAITEMENT DES DESORDRES OSSEUX,M05B,MEDICAMENTS AGISSANT SUR LA STRUCTURE OSSEUSE ET LA MINERALISATION,M05BA,DIPHOSPHONATES,M05BA07,RISEDRONIQUE ACIDE,120870.0,844130.85,865902.89
M,SYSTEME MUSCULO-SQUELETTIQUE,M05,MEDICAMENTS POUR LE TRAITEMENT DES DESORDRES OSSEUX,M05B,MEDICAMENTS AGISSANT SUR LA STRUCTURE OSSEUSE ET LA MINERALISATION,M05BA,DIPHOSPHONATES,M05BA08,ZOLEDRONIQUE ACIDE,47788.0,311497.6,306413.55
M,SYSTEME MUSCULO-SQUELETTIQUE,M05,MEDICAMENTS POUR LE TRAITEMENT DES DESORDRES OSSEUX,M05B,MEDICAMENTS AGISSANT SUR LA STRUCTURE OSSEUSE ET LA MINERALISATION,M05BB,DIPHOSPHONATES EN ASSOCIATION,9999999,Non restitué,554.0,13998.01,17015.14
M,SYSTEME MUSCULO-SQUELETTIQUE,M05,MEDICAMENTS POUR LE TRAITEMENT DES DESORDRES OSSEUX,M05B,MEDICAMENTS AGISSANT SUR LA STRUCTURE OSSEUSE ET LA MINERALISATION,M05BB,DIPHOSPHONATES EN ASSOCIATION,M05BB03,ALENDRONIQUE ACIDE ET COLECALCIFEROL,14178.0,127211.98,148314.41
M,SYSTEME MUSCULO-SQUELETTIQUE,M05,MEDICAMENTS POUR LE TRAITEMENT DES DESORDRES OSSEUX,M05B,MEDICAMENTS AGISSANT SUR LA STRUCTURE OSSEUSE ET LA MINERALISATION,M05BX,AUTRES MEDICAMENTS AGISSANT SUR LA STRUCTURE OSSEUSE ET LA MINERALISATION,9999999,Non restitué,4139.0,0.0,0.0
M,SYSTEME MUSCULO-SQUELETTIQUE,M05,MEDICAMENTS POUR LE TRAITEMENT DES DESORDRES OSSEUX,M05B,MEDICAMENTS AGISSANT SUR LA STRUCTURE OSSEUSE ET LA MINERALISATION,M05BX,AUTRES MEDICAMENTS AGISSANT SUR LA STRUCTURE OSSEUSE ET LA MINERALISATION,M05BX04,DENOSUMAB,148098.0,184755.97,174671.81
M,SYSTEME MUSCULO-SQUELETTIQUE,M05,MEDICAMENTS POUR LE TRAITEMENT DES DESORDRES OSSEUX,M05B,MEDICAMENTS AGISSANT SUR LA STRUCTURE OSSEUSE ET LA MINERALISATION,M05BX,AUTRES MEDICAMENTS AGISSANT SUR LA STRUCTURE OSSEUSE ET LA MINERALISATION,M05BX05,BUROSUMAB,11233.0,0.0,0.0
M,SYSTEME MUSCULO-SQUELETTIQUE,M05,MEDICAMENTS POUR LE TRAITEMENT DES DESORDRES OSSEUX,M05B,MEDICAMENTS AGISSANT SUR LA STRUCTURE OSSEUSE ET LA MINERALISATION,M05BX,AUTRES MEDICAMENTS AGISSANT SUR LA STRUCTURE OSSEUSE ET LA MINERALISATION,M05BX07,VOSORITIDE,2883.0,0.0,0.0
M,SYSTEME MUSCULO-SQUELETTIQUE,M09,AUTRES MEDICAMENTS DES DESORDRES MUSCULOSQUELETTIQUES,M09A,AUTRES MEDICAMENTS DES DESORDRES MUSCULO-SQUELETTIQUES,99999,Non restitué,9999999,Non restitué,77.0,1857.32,2419.14
M,SYSTEME MUSCULO-SQUELETTIQUE,M09,AUTRES MEDICAMENTS DES DESORDRES MUSCULOSQUELETTIQUES,M09A,AUTRES MEDICAMENTS DES DESORDRES MUSCULO-SQUELETTIQUES,M09AX,AUTRES MEDICAMENTS DES DESORDRES MUSCULO-SQUELETTIQUES,9999999,Non restitué,2871.0,0.0,0.0
M,SYSTEME MUSCULO-SQUELETTIQUE,M09,AUTRES MEDICAMENTS DES DESORDRES MUSCULOSQUELETTIQUES,M09A,AUTRES MEDICAMENTS DES DESORDRES MUSCULO-SQUELETTIQUES,M09AX,AUTRES MEDICAMENTS DES DESORDRES MUSCULO-SQUELETTIQUES,M09AX,AUTRES MEDICAMENTS DES DESORDRES MUSCULO-SQUELETTIQUES,573264.0,198836.92,204388.82
M,SYSTEME MUSCULO-SQUELETTIQUE,M09,AUTRES MEDICAMENTS DES DESORDRES MUSCULOSQUELETTIQUES,M09A,AUTRES MEDICAMENTS DES DESORDRES MUSCULO-SQUELETTIQUES,M09AX,AUTRES MEDICAMENTS DES DESORDRES MUSCULO-SQUELETTIQUES,M09AX10,RISDIPLAM,9581.0,0.0,0.0
N,SYSTEME NERVEUX,999,INCONNU,9999,Non restitué,99999,Non restitué,9999999,Non restitué,19369.0,130810.55,151264.17
N,SYSTEME NERVEUX,N01,ANESTHESIQUES,N01B,ANESTHESIQUES LOCAUX,N01BB,AMIDES,9999999,Non restitué,4789.0,36113.22,43327.5
N,SYSTEME NERVEUX,N01,ANESTHESIQUES,N01B,ANESTHESIQUES LOCAUX,N01BB,AMIDES,N01BB02,LIDOCAINE,775727.0,1115730.28,1219733.36
N,SYSTEME NERVEUX,N01,ANESTHESIQUES,N01B,ANESTHESIQUES LOCAUX,N01BB,AMIDES,N01BB52,LIDOCAINE EN ASSOCIATION,6347807.0,1831754.48,1940917.76
N,SYSTEME NERVEUX,N02,ANALGESIQUES,9999,Non restitué,99999,Non restitué,9999999,Non restitué,6637.0,40619.71,53822.22
N,SYSTEME NERVEUX,N02,ANALGESIQUES,N02A,OPIOIDES,99999,Non restitué,9999999,Non restitué,44088.0,172308.94,195440.05
N,SYSTEME NERVEUX,N02,ANALGESIQUES,N02A,OPIOIDES,N02AA,ALCALOIDES NATURELS DE L'OPIUM,9999999,Non restitué,29220.0,117579.84,133830.33
N,SYSTEME NERVEUX,N02,ANALGESIQUES,N02A,OPIOIDES,N02AA,ALCALOIDES NATURELS DE L'OPIUM,N02AA01,MORPHINE,1800289.0,1962801.26,2035562.14
N,SYSTEME NERVEUX,N02,ANALGESIQUES,N02A,OPIOIDES,N02AA,ALCALOIDES NATURELS DE L'OPIUM,N02AA03,HYDROMORPHONE,712.0,5222.93,5403.99
N,SYSTEME NERVEUX,N02,ANALGESIQUES,N02A,OPIOIDES,N02AA,ALCALOIDES NATURELS DE L'OPIUM,N02AA05,OXYCODONE,1028052.0,1768921.96,1888352.9
N,SYSTEME NERVEUX,N02,ANALGESIQUES,N02A,OPIOIDES,N02AA,ALCALOIDES NATURELS DE L'OPIUM,N02AA08,DIHYDROCODEINE,12572.0,41564.19,44807.59
N,SYSTEME NERVEUX,N02,ANALGESIQUES,N02A,OPIOIDES,N02AA,ALCALOIDES NATURELS DE L'OPIUM,N02AA55,OXYCODONE + NALOXONE,12273.0,59485.09,69070.56
N,SYSTEME NERVEUX,N02,ANALGESIQUES,N02A,OPIOIDES,N02AB,DERIVES DE LA PHENYLPIPERIDINE,N02AB03,FENTANYL,220831.0,1131141.25,1186779.57
N,SYSTEME NERVEUX,N02,ANALGESIQUES,N02A,OPIOIDES,N02AC,DERIVES DE LA DIPHENYLPROPYLAMINE,N02AC,DERIVES DE LA DIPHENYLPROPYLAMINE,8363.0,11959.86,11995.7
N,SYSTEME NERVEUX,N02,ANALGESIQUES,N02A,OPIOIDES,N02AE,DERIVES DE L'ORIPAVINE,N02AE01,BUPRENORPHINE,312.0,2069.93,2418.52
N,SYSTEME NERVEUX,N02,ANALGESIQUES,N02A,OPIOIDES,N02AJ,OPIACES EN ASSOCIATION AVEC ANALGESIQUES NON-OPIOIDES,9999999,Non restitué,15526.0,22212.329999999998,29485.18
N,SYSTEME NERVEUX,N02,ANALGESIQUES,N02A,OPIOIDES,N02AJ,OPIACES EN ASSOCIATION AVEC ANALGESIQUES NON-OPIOIDES,N02AJ06,CODEINE + PARACETAMOL,2733701.0,2077885.87,2406825.49
N,SYSTEME NERVEUX,N02,ANALGESIQUES,N02A,OPIOIDES,N02AJ,OPIACES EN ASSOCIATION AVEC ANALGESIQUES NON-OPIOIDES,N02AJ08,CODEINE + IBUPROFENE,10170.0,14642.77,20462.0
N,SYSTEME NERVEUX,N02,ANALGESIQUES,N02A,OPIOIDES,N02AJ,OPIACES EN ASSOCIATION AVEC ANALGESIQUES NON-OPIOIDES,N02AJ13,TRAMADOL + PARACETAMOL,970226.0,1190182.31,1409270.75
N,SYSTEME NERVEUX,N02,ANALGESIQUES,N02A,OPIOIDES,N02AX,AUTRES OPIOIDES,N02AX02,TRAMADOL,2513759.0,4542300.39,5277055.96
N,SYSTEME NERVEUX,N02,ANALGESIQUES,N02B,AUTRES ANALGESIQUES ET ANTIPYRETIQUES,99999,Non restitué,9999999,Non restitué,14436.0,48409.1,59273.42
N,SYSTEME NERVEUX,N02,ANALGESIQUES,N02B,AUTRES ANALGESIQUES ET ANTIPYRETIQUES,N02BA,ACIDE SALICYLIQUE ET DERIVES,9999999,Non restitué,2403.0,6135.76,14338.87
N,SYSTEME NERVEUX,N02,ANALGESIQUES,N02B,AUTRES ANALGESIQUES ET ANTIPYRETIQUES,N02BA,ACIDE SALICYLIQUE ET DERIVES,N02BA01,ACETYLSALICYLIQUE ACIDE,372643.0,385006.9,452480.87
N,SYSTEME NERVEUX,N02,ANALGESIQUES,N02B,AUTRES ANALGESIQUES ET ANTIPYRETIQUES,N02BA,ACIDE SALICYLIQUE ET DERIVES,N02BA71,ACETYLSALICYLIQUE ACIDE EN ASSOCIATION AVEC DES PSYCHOLEPTIQUES,2171.0,5625.47,12142.52
N,SYSTEME NERVEUX,N02,ANALGESIQUES,N02B,AUTRES ANALGESIQUES ET ANTIPYRETIQUES,N02BE,ANILIDES,9999999,Non restitué,15075.0,17086.7,22373.05
N,SYSTEME NERVEUX,N02,ANALGESIQUES,N02B,AUTRES ANALGESIQUES ET ANTIPYRETIQUES,N02BE,ANILIDES,N02BE01,PARACETAMOL,45714518.0,10224348.3,11658005.23
N,SYSTEME NERVEUX,N02,ANALGESIQUES,N02B,AUTRES ANALGESIQUES ET ANTIPYRETIQUES,N02BE,ANILIDES,N02BE51,PARACETAMOL EN ASSOCIATION SAUF PSYCHOLEPTIQUES,92613.0,96472.45,119169.47
N,SYSTEME NERVEUX,N02,ANALGESIQUES,N02B,AUTRES ANALGESIQUES ET ANTIPYRETIQUES,N02BE,ANILIDES,N02BE71,PARACETAMOL EN ASSOCIATION AVEC DES PSYCHOLEPTIQUES,2546974.0,909235.15,979717.21
N,SYSTEME NERVEUX,N02,ANALGESIQUES,N02B,AUTRES ANALGESIQUES ET ANTIPYRETIQUES,N02BF,GABAPENTINOIDES,9999999,Non restitué,3190.0,39036.66,45084.68
N,SYSTEME NERVEUX,N02,ANALGESIQUES,N02B,AUTRES ANALGESIQUES ET ANTIPYRETIQUES,N02BF,GABAPENTINOIDES,N02BF01,GABAPENTINE,468125.0,4180790.27,4416265.16
N,SYSTEME NERVEUX,N02,ANALGESIQUES,N02B,AUTRES ANALGESIQUES ET ANTIPYRETIQUES,N02BF,GABAPENTINOIDES,N02BF02,PREGABALINE,458563.0,3295177.58,3582882.69
N,SYSTEME NERVEUX,N02,ANALGESIQUES,N02B,AUTRES ANALGESIQUES ET ANTIPYRETIQUES,N02BG,AUTRES ANALGESIQUES ET ANTIPYRETIQUES,N02BG06,NEFOPAM,3566450.0,1788753.7,1956771.27
N,SYSTEME NERVEUX,N02,ANALGESIQUES,N02C,ANTIMIGRAINEUX,99999,Non restitué,9999999,Non restitué,5128.0,12979.26,27813.9
N,SYSTEME NERVEUX,N02,ANALGESIQUES,N02C,ANTIMIGRAINEUX,N02CA,ALCALOIDES DE L'ERGOT,9999999,Non restitué,157.0,204.9,568.04
N,SYSTEME NERVEUX,N02,ANALGESIQUES,N02C,ANTIMIGRAINEUX,N02CA,ALCALOIDES DE L'ERGOT,N02CA52,ERGOTAMINE EN ASSOCIATION SAUF AUX PSYCHOLEPTIQUES,96.0,86.64,232.32
N,SYSTEME NERVEUX,N02,ANALGESIQUES,N02C,ANTIMIGRAINEUX,N02CC,AGONISTES SELECTIFS DES RECEPTEURS 5HT1,9999999,Non restitué,24730.0,208052.76,274269.93
N,SYSTEME NERVEUX,N02,ANALGESIQUES,N02C,ANTIMIGRAINEUX,N02CC,AGONISTES SELECTIFS DES RECEPTEURS 5HT1,N02CC01,SUMATRIPTAN,177628.0,354688.77,398111.13
N,SYSTEME NERVEUX,N02,ANALGESIQUES,N02C,ANTIMIGRAINEUX,N02CC,AGONISTES SELECTIFS DES RECEPTEURS 5HT1,N02CC02,NARATRIPTAN,9175.0,75081.09,96435.95
N,SYSTEME NERVEUX,N02,ANALGESIQUES,N02C,ANTIMIGRAINEUX,N02CC,AGONISTES SELECTIFS DES RECEPTEURS 5HT1,N02CC03,ZOLMITRIPTAN,88037.0,706731.21,882243.41
N,SYSTEME NERVEUX,N02,ANALGESIQUES,N02C,ANTIMIGRAINEUX,N02CC,AGONISTES SELECTIFS DES RECEPTEURS 5HT1,N02CC04,RIZATRIPTAN,32686.0,227624.58,275589.26
N,SYSTEME NERVEUX,N02,ANALGESIQUES,N02C,ANTIMIGRAINEUX,N02CC,AGONISTES SELECTIFS DES RECEPTEURS 5HT1,N02CC05,ALMOTRIPTAN,33884.0,231959.18,304078.21
N,SYSTEME NERVEUX,N02,ANALGESIQUES,N02C,ANTIMIGRAINEUX,N02CC,AGONISTES SELECTIFS DES RECEPTEURS 5HT1,N02CC06,ELETRIPTAN,93360.0,486210.96,616159.76
N,SYSTEME NERVEUX,N02,ANALGESIQUES,N02C,ANTIMIGRAINEUX,N02CC,AGONISTES SELECTIFS DES RECEPTEURS 5HT1,N02CC07,FROVATRIPTAN,2316.0,17662.54,23686.06
N,SYSTEME NERVEUX,N02,ANALGESIQUES,N02C,ANTIMIGRAINEUX,N02CX,AUTRES ANTIMIGRAINEUX,9999999,Non restitué,1725.0,4383.44,9279.43
N,SYSTEME NERVEUX,N02,ANALGESIQUES,N02C,ANTIMIGRAINEUX,N02CX,AUTRES ANTIMIGRAINEUX,N02CX01,PIZOTIFENE,8614.0,26243.67,53525.47
N,SYSTEME NERVEUX,N02,ANALGESIQUES,N02C,ANTIMIGRAINEUX,N02CX,AUTRES ANTIMIGRAINEUX,N02CX06,OXETORONE,1951.0,3904.9,8221.55
N,SYSTEME NERVEUX,N03,ANTIEPILEPTIQUES,N03A,ANTIEPILEPTIQUES,99999,Non restitué,9999999,Non restitué,40499.0,200958.44,227896.45
N,SYSTEME NERVEUX,N03,ANTIEPILEPTIQUES,N03A,ANTIEPILEPTIQUES,N03AA,BARBITURIQUES ET DERIVES,9999999,Non restitué,5913.0,19827.66,28096.2
N,SYSTEME NERVEUX,N03,ANTIEPILEPTIQUES,N03A,ANTIEPILEPTIQUES,N03AA,BARBITURIQUES ET DERIVES,N03AA02,PHENOBARBITAL,53620.0,88612.76,96035.73
N,SYSTEME NERVEUX,N03,ANTIEPILEPTIQUES,N03A,ANTIEPILEPTIQUES,N03AA,BARBITURIQUES ET DERIVES,N03AA03,PRIMIDONE,6606.0,31145.65,46285.29
N,SYSTEME NERVEUX,N03,ANTIEPILEPTIQUES,N03A,ANTIEPILEPTIQUES,N03AB,DERIVES DE L'HYDANTOINE,N03AB02,PHENYTOINE,3955.0,11394.42,9933.66
N,SYSTEME NERVEUX,N03,ANTIEPILEPTIQUES,N03A,ANTIEPILEPTIQUES,N03AD,DERIVES DU SUCCINIMIDE,N03AD01,ETHOSUXIMIDE,31926.0,46544.02,40793.9
N,SYSTEME NERVEUX,N03,ANTIEPILEPTIQUES,N03A,ANTIEPILEPTIQUES,N03AE,DERIVES DE LA BENZODIAZEPINE,N03AE01,CLONAZEPAM,86372.0,110938.95,127560.96
N,SYSTEME NERVEUX,N03,ANTIEPILEPTIQUES,N03A,ANTIEPILEPTIQUES,N03AF,DERIVES DU CARBOXAMIDE,9999999,Non restitué,20395.0,231946.18,240910.46
N,SYSTEME NERVEUX,N03,ANTIEPILEPTIQUES,N03A,ANTIEPILEPTIQUES,N03AF,DERIVES DU CARBOXAMIDE,N03AF01,CARBAMAZEPINE,456804.0,753855.37,805153.82
N,SYSTEME NERVEUX,N03,ANTIEPILEPTIQUES,N03A,ANTIEPILEPTIQUES,N03AF,DERIVES DU CARBOXAMIDE,N03AF02,OXCARBAZEPINE,111192.0,500228.01,503786.03
N,SYSTEME NERVEUX,N03,ANTIEPILEPTIQUES,N03A,ANTIEPILEPTIQUES,N03AF,DERIVES DU CARBOXAMIDE,N03AF03,RUFINAMIDE,11201.0,9708.71,10810.98
N,SYSTEME NERVEUX,N03,ANTIEPILEPTIQUES,N03A,ANTIEPILEPTIQUES,N03AF,DERIVES DU CARBOXAMIDE,N03AF04,ESLICARBAZEPINE,38375.0,24149.15,24684.55
N,SYSTEME NERVEUX,N03,ANTIEPILEPTIQUES,N03A,ANTIEPILEPTIQUES,N03AG,DERIVES D'ACIDE GRAS,9999999,Non restitué,14708.0,117252.05,126541.53
N,SYSTEME NERVEUX,N03,ANTIEPILEPTIQUES,N03A,ANTIEPILEPTIQUES,N03AG,DERIVES D'ACIDE GRAS,N03AG01,VALPROIQUE ACIDE,1379379.0,2508649.93,2541259.2
N,SYSTEME NERVEUX,N03,ANTIEPILEPTIQUES,N03A,ANTIEPILEPTIQUES,N03AG,DERIVES D'ACIDE GRAS,N03AG02,VALPROMIDE,347506.0,212946.28,212179.9
N,SYSTEME NERVEUX,N03,ANTIEPILEPTIQUES,N03A,ANTIEPILEPTIQUES,N03AG,DERIVES D'ACIDE GRAS,N03AG04,VIGABATRIN,17323.0,22334.14,21564.31
N,SYSTEME NERVEUX,N03,ANTIEPILEPTIQUES,N03A,ANTIEPILEPTIQUES,N03AX,AUTRES ANTIEPILEPTIQUES,9999999,Non restitué,58130.0,453697.76,474226.62
N,SYSTEME NERVEUX,N03,ANTIEPILEPTIQUES,N03A,ANTIEPILEPTIQUES,N03AX,AUTRES ANTIEPILEPTIQUES,N03AX09,LAMOTRIGINE,1585471.0,3734116.04,3930805.58
N,SYSTEME NERVEUX,N03,ANTIEPILEPTIQUES,N03A,ANTIEPILEPTIQUES,N03AX,AUTRES ANTIEPILEPTIQUES,N03AX11,TOPIRAMATE,275240.0,792259.12,819529.06
N,SYSTEME NERVEUX,N03,ANTIEPILEPTIQUES,N03A,ANTIEPILEPTIQUES,N03AX,AUTRES ANTIEPILEPTIQUES,N03AX14,LEVETIRACETAM,599098.0,2575112.14,2535066.35
N,SYSTEME NERVEUX,N03,ANTIEPILEPTIQUES,N03A,ANTIEPILEPTIQUES,N03AX,AUTRES ANTIEPILEPTIQUES,N03AX15,ZONISAMIDE,116566.0,287990.68,287595.48
N,SYSTEME NERVEUX,N03,ANTIEPILEPTIQUES,N03A,ANTIEPILEPTIQUES,N03AX,AUTRES ANTIEPILEPTIQUES,N03AX17,STIRIPENTOL,5825.0,4624.93,3698.62
N,SYSTEME NERVEUX,N03,ANTIEPILEPTIQUES,N03A,ANTIEPILEPTIQUES,N03AX,AUTRES ANTIEPILEPTIQUES,N03AX18,LACOSAMIDE,236135.0,840377.95,803178.11
N,SYSTEME NERVEUX,N03,ANTIEPILEPTIQUES,N03A,ANTIEPILEPTIQUES,N03AX,AUTRES ANTIEPILEPTIQUES,N03AX22,PERAMPANEL,63245.0,153783.25,149545.95
N,SYSTEME NERVEUX,N03,ANTIEPILEPTIQUES,N03A,ANTIEPILEPTIQUES,N03AX,AUTRES ANTIEPILEPTIQUES,N03AX23,BRIVARACETAM,49231.0,87792.24,90883.4
N,SYSTEME NERVEUX,N03,ANTIEPILEPTIQUES,N03A,ANTIEPILEPTIQUES,N03AX,AUTRES ANTIEPILEPTIQUES,N03AX24,CANNABIDIOL,34707.0,0.0,0.0
N,SYSTEME NERVEUX,N03,ANTIEPILEPTIQUES,N03A,ANTIEPILEPTIQUES,N03AX,AUTRES ANTIEPILEPTIQUES,N03AX25,CENOBAMATE,50388.0,123249.33,123762.64
N,SYSTEME NERVEUX,N03,ANTIEPILEPTIQUES,N03A,ANTIEPILEPTIQUES,N03AX,AUTRES ANTIEPILEPTIQUES,N03AX26,FENFLURAMINE,1211.0,0.0,0.0
N,SYSTEME NERVEUX,N04,ANTIPARKINSONIENS,9999,Non restitué,99999,Non restitué,9999999,Non restitué,7003.0,29197.9,30323.45
N,SYSTEME NERVEUX,N04,ANTIPARKINSONIENS,N04A,ANTICHOLINERGIQUES,N04AA,AMINES TERTIAIRES,9999999,Non restitué,11995.0,29518.93,31122.54
N,SYSTEME NERVEUX,N04,ANTIPARKINSONIENS,N04A,ANTICHOLINERGIQUES,N04AA,AMINES TERTIAIRES,N04AA01,TRIHEXYPHENIDYL,483518.0,362167.85,370386.31
N,SYSTEME NERVEUX,N04,ANTIPARKINSONIENS,N04A,ANTICHOLINERGIQUES,N04AA,AMINES TERTIAIRES,N04AA02,BIPERIDENE,72355.0,112319.11,116467.49
N,SYSTEME NERVEUX,N04,ANTIPARKINSONIENS,N04A,ANTICHOLINERGIQUES,N04AA,AMINES TERTIAIRES,N04AA12,TROPATEPINE,680654.0,295558.18,309934.16
N,SYSTEME NERVEUX,N04,ANTIPARKINSONIENS,N04B,DOPAMINERGIQUES,99999,Non restitué,9999999,Non restitué,18884.0,253677.23,267943.72000000003
N,SYSTEME NERVEUX,N04,ANTIPARKINSONIENS,N04B,DOPAMINERGIQUES,N04BA,DOPA ET DERIVES,9999999,Non restitué,7036.0,154858.88,159029.35
N,SYSTEME NERVEUX,N04,ANTIPARKINSONIENS,N04B,DOPAMINERGIQUES,N04BA,DOPA ET DERIVES,N04BA02,LEVODOPA ET INHIBITEUR DE LA DECARBOXYLASE,902650.0,1598557.72,1629196.78
N,SYSTEME NERVEUX,N04,ANTIPARKINSONIENS,N04B,DOPAMINERGIQUES,N04BA,DOPA ET DERIVES,N04BA03,"LEVODOPA, INHIBITEUR DE LA DECARBOXYLASE ET INHIBITEUR DE LA COMT",68695.0,143691.32,143239.47
N,SYSTEME NERVEUX,N04,ANTIPARKINSONIENS,N04B,DOPAMINERGIQUES,N04BA,DOPA ET DERIVES,N04BA07,FOSLEVODOPA + INHIBITEUR DE DECARBOXYLASE,140.0,0.0,0.0
N,SYSTEME NERVEUX,N04,ANTIPARKINSONIENS,N04B,DOPAMINERGIQUES,N04BB,DERIVES DE L'ADAMANTANE,N04BB01,AMANTADINE,47268.0,148005.73,151949.73
N,SYSTEME NERVEUX,N04,ANTIPARKINSONIENS,N04B,DOPAMINERGIQUES,N04BC,AGONISTES DOPAMINERGIQUES,9999999,Non restitué,44701.0,226301.76,237772.34
N,SYSTEME NERVEUX,N04,ANTIPARKINSONIENS,N04B,DOPAMINERGIQUES,N04BC,AGONISTES DOPAMINERGIQUES,N04BC01,BROMOCRIPTINE,724.0,3063.2599999999998,3347.5
N,SYSTEME NERVEUX,N04,ANTIPARKINSONIENS,N04B,DOPAMINERGIQUES,N04BC,AGONISTES DOPAMINERGIQUES,N04BC04,ROPINIROLE,85655.0,296846.58,303523.22
N,SYSTEME NERVEUX,N04,ANTIPARKINSONIENS,N04B,DOPAMINERGIQUES,N04BC,AGONISTES DOPAMINERGIQUES,N04BC05,PRAMIPEXOLE,172916.0,831885.23,894277.14
N,SYSTEME NERVEUX,N04,ANTIPARKINSONIENS,N04B,DOPAMINERGIQUES,N04BC,AGONISTES DOPAMINERGIQUES,N04BC07,APOMORPHINE,170774.0,21427.010000000002,21160.16
N,SYSTEME NERVEUX,N04,ANTIPARKINSONIENS,N04B,DOPAMINERGIQUES,N04BC,AGONISTES DOPAMINERGIQUES,N04BC08,PIRIBEDIL,13467.0,37030.17,37317.74
N,SYSTEME NERVEUX,N04,ANTIPARKINSONIENS,N04B,DOPAMINERGIQUES,N04BC,AGONISTES DOPAMINERGIQUES,N04BC09,ROTIGOTINE,34994.0,131349.23,117167.57
N,SYSTEME NERVEUX,N04,ANTIPARKINSONIENS,N04B,DOPAMINERGIQUES,N04BD,INHIBITEURS DE LA MONOAMINE OXYDASE TYPE B,9999999,Non restitué,130.0,2057.91,2515.93
N,SYSTEME NERVEUX,N04,ANTIPARKINSONIENS,N04B,DOPAMINERGIQUES,N04BD,INHIBITEURS DE LA MONOAMINE OXYDASE TYPE B,N04BD01,SELEGILINE,40.0,626.48,649.2
N,SYSTEME NERVEUX,N04,ANTIPARKINSONIENS,N04B,DOPAMINERGIQUES,N04BD,INHIBITEURS DE LA MONOAMINE OXYDASE TYPE B,N04BD02,RASAGILINE,73035.0,319486.76,309900.54
N,SYSTEME NERVEUX,N04,ANTIPARKINSONIENS,N04B,DOPAMINERGIQUES,N04BX,AUTRES DOPAMINERGIQUES,9999999,Non restitué,178.0,4712.33,4813.860000000001
N,SYSTEME NERVEUX,N04,ANTIPARKINSONIENS,N04B,DOPAMINERGIQUES,N04BX,AUTRES DOPAMINERGIQUES,N04BX01,TOLCAPONE,288.0,0.0,0.0
N,SYSTEME NERVEUX,N04,ANTIPARKINSONIENS,N04B,DOPAMINERGIQUES,N04BX,AUTRES DOPAMINERGIQUES,N04BX02,ENTACAPONE,2002.0,17249.04,17479.95
N,SYSTEME NERVEUX,N05,PSYCHOLEPTIQUES,9999,Non restitué,99999,Non restitué,9999999,Non restitué,4414.0,25987.97,31061.94
N,SYSTEME NERVEUX,N05,PSYCHOLEPTIQUES,N05A,ANTIPSYCHOTIQUES,99999,Non restitué,9999999,Non restitué,48682.0,267817.74,289636.18
N,SYSTEME NERVEUX,N05,PSYCHOLEPTIQUES,N05A,ANTIPSYCHOTIQUES,N05AA,PHENOTHIAZINES A CHAINE ALIPHATIQUE,9999999,Non restitué,12346.0,51087.82,55872.13
N,SYSTEME NERVEUX,N05,PSYCHOLEPTIQUES,N05A,ANTIPSYCHOTIQUES,N05AA,PHENOTHIAZINES A CHAINE ALIPHATIQUE,N05AA01,CHLORPROMAZINE,96654.0,207732.09,223291.59
N,SYSTEME NERVEUX,N05,PSYCHOLEPTIQUES,N05A,ANTIPSYCHOTIQUES,N05AA,PHENOTHIAZINES A CHAINE ALIPHATIQUE,N05AA02,LEVOMEPROMAZINE,261202.0,443593.51,465595.45
N,SYSTEME NERVEUX,N05,PSYCHOLEPTIQUES,N05A,ANTIPSYCHOTIQUES,N05AA,PHENOTHIAZINES A CHAINE ALIPHATIQUE,N05AA06,CYAMEMAZINE,1551515.0,1774660.09,1842950.88
N,SYSTEME NERVEUX,N05,PSYCHOLEPTIQUES,N05A,ANTIPSYCHOTIQUES,N05AC,PHENOTHIAZINES DE STRUCTURE PIPERIDINIQUE,9999999,Non restitué,4843.0,34707.78,34929.66
N,SYSTEME NERVEUX,N05,PSYCHOLEPTIQUES,N05A,ANTIPSYCHOTIQUES,N05AC,PHENOTHIAZINES DE STRUCTURE PIPERIDINIQUE,N05AC01,PERICIAZINE,9701.0,39476.26,42686.61
N,SYSTEME NERVEUX,N05,PSYCHOLEPTIQUES,N05A,ANTIPSYCHOTIQUES,N05AC,PHENOTHIAZINES DE STRUCTURE PIPERIDINIQUE,N05AC04,PIPOTIAZINE,7161.0,46254.35,46129.590000000004
N,SYSTEME NERVEUX,N05,PSYCHOLEPTIQUES,N05A,ANTIPSYCHOTIQUES,N05AD,DERIVES DE LA BUTYROPHENONE,9999999,Non restitué,11288.0,16094.81,17225.12
N,SYSTEME NERVEUX,N05,PSYCHOLEPTIQUES,N05A,ANTIPSYCHOTIQUES,N05AD,DERIVES DE LA BUTYROPHENONE,N05AD01,HALOPERIDOL,739199.0,692671.98,705868.32
N,SYSTEME NERVEUX,N05,PSYCHOLEPTIQUES,N05A,ANTIPSYCHOTIQUES,N05AD,DERIVES DE LA BUTYROPHENONE,N05AD05,PIPAMPERONE,40231.0,41918.91,45055.32
N,SYSTEME NERVEUX,N05,PSYCHOLEPTIQUES,N05A,ANTIPSYCHOTIQUES,N05AF,DERIVES DU THIOXANTHENE,9999999,Non restitué,14659.0,68858.77,70697.9
N,SYSTEME NERVEUX,N05,PSYCHOLEPTIQUES,N05A,ANTIPSYCHOTIQUES,N05AF,DERIVES DU THIOXANTHENE,N05AF01,FLUPENTIXOL,37001.0,45980.11,47395.68
N,SYSTEME NERVEUX,N05,PSYCHOLEPTIQUES,N05A,ANTIPSYCHOTIQUES,N05AF,DERIVES DU THIOXANTHENE,N05AF05,ZUCLOPENTHIXOL,303597.0,360794.24,365943.95
N,SYSTEME NERVEUX,N05,PSYCHOLEPTIQUES,N05A,ANTIPSYCHOTIQUES,N05AG,DERIVES DE LA DIPHENYLBUTYLPIPERIDINE,N05AG02,PIMOZIDE,3911.0,10571.6,11100.5
N,SYSTEME NERVEUX,N05,PSYCHOLEPTIQUES,N05A,ANTIPSYCHOTIQUES,N05AH,"DIAZEPINES, OXAZEPINES ET THIAZEPINES",9999999,Non restitué,20019.0,152516.04,164269.91
N,SYSTEME NERVEUX,N05,PSYCHOLEPTIQUES,N05A,ANTIPSYCHOTIQUES,N05AH,"DIAZEPINES, OXAZEPINES ET THIAZEPINES",N05AH01,LOXAPINE,910591.0,854131.91,867559.97
N,SYSTEME NERVEUX,N05,PSYCHOLEPTIQUES,N05A,ANTIPSYCHOTIQUES,N05AH,"DIAZEPINES, OXAZEPINES ET THIAZEPINES",N05AH02,CLOZAPINE,961566.0,1056774.49,1060700.35
N,SYSTEME NERVEUX,N05,PSYCHOLEPTIQUES,N05A,ANTIPSYCHOTIQUES,N05AH,"DIAZEPINES, OXAZEPINES ET THIAZEPINES",N05AH03,OLANZAPINE,843740.0,3523729.79,3565085.4
N,SYSTEME NERVEUX,N05,PSYCHOLEPTIQUES,N05A,ANTIPSYCHOTIQUES,N05AH,"DIAZEPINES, OXAZEPINES ET THIAZEPINES",N05AH04,QUETIAPINE,1077999.0,3747633.22,3771256.1
N,SYSTEME NERVEUX,N05,PSYCHOLEPTIQUES,N05A,ANTIPSYCHOTIQUES,N05AL,BENZAMIDES,9999999,Non restitué,20003.0,76299.23,88095.04
N,SYSTEME NERVEUX,N05,PSYCHOLEPTIQUES,N05A,ANTIPSYCHOTIQUES,N05AL,BENZAMIDES,N05AL01,SULPIRIDE,16346.0,30806.06,38322.37
N,SYSTEME NERVEUX,N05,PSYCHOLEPTIQUES,N05A,ANTIPSYCHOTIQUES,N05AL,BENZAMIDES,N05AL03,TIAPRIDE,80347.0,188607.02,238562.9
N,SYSTEME NERVEUX,N05,PSYCHOLEPTIQUES,N05A,ANTIPSYCHOTIQUES,N05AL,BENZAMIDES,N05AL05,AMISULPRIDE,232541.0,837408.34,827351.59
N,SYSTEME NERVEUX,N05,PSYCHOLEPTIQUES,N05A,ANTIPSYCHOTIQUES,N05AN,LITHIUM,N05AN01,LITHIUM,364087.0,400481.26,409829.99
N,SYSTEME NERVEUX,N05,PSYCHOLEPTIQUES,N05A,ANTIPSYCHOTIQUES,N05AX,AUTRES ANTIPSYCHOTIQUES,9999999,Non restitué,6768.0,162243.14,160232.66
N,SYSTEME NERVEUX,N05,PSYCHOLEPTIQUES,N05A,ANTIPSYCHOTIQUES,N05AX,AUTRES ANTIPSYCHOTIQUES,N05AX08,RISPERIDONE,938912.0,4227029.53,4570262.96
N,SYSTEME NERVEUX,N05,PSYCHOLEPTIQUES,N05A,ANTIPSYCHOTIQUES,N05AX,AUTRES ANTIPSYCHOTIQUES,N05AX12,ARIPIPRAZOLE,1060169.0,5246905.76,5442774.28
N,SYSTEME NERVEUX,N05,PSYCHOLEPTIQUES,N05A,ANTIPSYCHOTIQUES,N05AX,AUTRES ANTIPSYCHOTIQUES,N05AX13,PALIPERIDONE,311460.0,329843.27,309659.22
N,SYSTEME NERVEUX,N05,PSYCHOLEPTIQUES,N05B,ANXIOLYTIQUES,99999,Non restitué,9999999,Non restitué,13722.0,36437.25,42569.15
N,SYSTEME NERVEUX,N05,PSYCHOLEPTIQUES,N05B,ANXIOLYTIQUES,N05BA,DERIVES DE LA BENZODIAZEPINE,9999999,Non restitué,40077.0,58859.3,70009.17
N,SYSTEME NERVEUX,N05,PSYCHOLEPTIQUES,N05B,ANXIOLYTIQUES,N05BA,DERIVES DE LA BENZODIAZEPINE,N05BA01,DIAZEPAM,1195237.0,757694.22,845468.41
N,SYSTEME NERVEUX,N05,PSYCHOLEPTIQUES,N05B,ANXIOLYTIQUES,N05BA,DERIVES DE LA BENZODIAZEPINE,N05BA04,OXAZEPAM,2557389.0,824939.87,865360.83
N,SYSTEME NERVEUX,N05,PSYCHOLEPTIQUES,N05B,ANXIOLYTIQUES,N05BA,DERIVES DE LA BENZODIAZEPINE,N05BA05,CLORAZEPATE POTASSIQUE,225197.0,341161.07,367936.11
N,SYSTEME NERVEUX,N05,PSYCHOLEPTIQUES,N05B,ANXIOLYTIQUES,N05BA,DERIVES DE LA BENZODIAZEPINE,N05BA06,LORAZEPAM,821699.0,596625.92,636028.47
N,SYSTEME NERVEUX,N05,PSYCHOLEPTIQUES,N05B,ANXIOLYTIQUES,N05BA,DERIVES DE LA BENZODIAZEPINE,N05BA08,BROMAZEPAM,498741.0,695072.49,800881.45
N,SYSTEME NERVEUX,N05,PSYCHOLEPTIQUES,N05B,ANXIOLYTIQUES,N05BA,DERIVES DE LA BENZODIAZEPINE,N05BA09,CLOBAZAM,240145.0,293324.13,321202.29
N,SYSTEME NERVEUX,N05,PSYCHOLEPTIQUES,N05B,ANXIOLYTIQUES,N05BA,DERIVES DE LA BENZODIAZEPINE,N05BA11,PRAZEPAM,489104.0,606200.23,658643.61
N,SYSTEME NERVEUX,N05,PSYCHOLEPTIQUES,N05B,ANXIOLYTIQUES,N05BA,DERIVES DE LA BENZODIAZEPINE,N05BA12,ALPRAZOLAM,2196023.0,2119740.08,2380297.5
N,SYSTEME NERVEUX,N05,PSYCHOLEPTIQUES,N05B,ANXIOLYTIQUES,N05BA,DERIVES DE LA BENZODIAZEPINE,N05BA18,ETHYLE LOFLAZEPATE,1062.0,2101.88,2474.46
N,SYSTEME NERVEUX,N05,PSYCHOLEPTIQUES,N05B,ANXIOLYTIQUES,N05BA,DERIVES DE LA BENZODIAZEPINE,N05BA21,CLOTIAZEPAM,30694.0,38737.17,47285.88
N,SYSTEME NERVEUX,N05,PSYCHOLEPTIQUES,N05B,ANXIOLYTIQUES,N05BB,DERIVES DU DIPHENYLMETHANE,N05BB01,HYDROXYZINE,732650.0,958753.96,1179090.65
N,SYSTEME NERVEUX,N05,PSYCHOLEPTIQUES,N05B,ANXIOLYTIQUES,N05BE,DERIVES DE L'AZASPIRODECANEDIONE,N05BE01,BUSPIRONE,197999.0,307455.82,327009.15
N,SYSTEME NERVEUX,N05,PSYCHOLEPTIQUES,N05C,HYPNOTIQUES ET SEDATIFS,99999,Non restitué,9999999,Non restitué,10404.0,165057.93,228777.04
N,SYSTEME NERVEUX,N05,PSYCHOLEPTIQUES,N05C,HYPNOTIQUES ET SEDATIFS,N05CD,DERIVES DE LA BENZODIAZEPINE,9999999,Non restitué,14046.0,79032.81,104672.81999999999
N,SYSTEME NERVEUX,N05,PSYCHOLEPTIQUES,N05C,HYPNOTIQUES ET SEDATIFS,N05CD,DERIVES DE LA BENZODIAZEPINE,N05CD04,ESTAZOLAM,6706.0,8926.49,12156.75
N,SYSTEME NERVEUX,N05,PSYCHOLEPTIQUES,N05C,HYPNOTIQUES ET SEDATIFS,N05CD,DERIVES DE LA BENZODIAZEPINE,N05CD06,LORMETAZEPAM,758367.0,354060.03,436925.78
N,SYSTEME NERVEUX,N05,PSYCHOLEPTIQUES,N05C,HYPNOTIQUES ET SEDATIFS,N05CD,DERIVES DE LA BENZODIAZEPINE,N05CD08,MIDAZOLAM,47756.0,399282.35,331632.12
N,SYSTEME NERVEUX,N05,PSYCHOLEPTIQUES,N05C,HYPNOTIQUES ET SEDATIFS,N05CD,DERIVES DE LA BENZODIAZEPINE,N05CD11,LOPRAZOLAM,57574.0,84123.46,118155.78
N,SYSTEME NERVEUX,N05,PSYCHOLEPTIQUES,N05C,HYPNOTIQUES ET SEDATIFS,N05CF,SUBSTANCES APPARENTEES AUX BENZODIAZEPINES,9999999,Non restitué,6790.0,3678.1,9212.23
N,SYSTEME NERVEUX,N05,PSYCHOLEPTIQUES,N05C,HYPNOTIQUES ET SEDATIFS,N05CF,SUBSTANCES APPARENTEES AUX BENZODIAZEPINES,N05CF01,ZOPICLONE,1748833.0,1544816.99,2122269.4
N,SYSTEME NERVEUX,N05,PSYCHOLEPTIQUES,N05C,HYPNOTIQUES ET SEDATIFS,N05CF,SUBSTANCES APPARENTEES AUX BENZODIAZEPINES,N05CF02,ZOLPIDEM,306622.0,249918.45,495556.05
N,SYSTEME NERVEUX,N05,PSYCHOLEPTIQUES,N05C,HYPNOTIQUES ET SEDATIFS,N05CH,AGONISTES DES RECEPTEURS DE LA MELATONINE,N05CH01,MELATONINE,283195.0,330792.5,301011.41
N,SYSTEME NERVEUX,N05,PSYCHOLEPTIQUES,N05C,HYPNOTIQUES ET SEDATIFS,N05CJ,ANTAGONISTES DES RECEPTEURS DE L'OREXINE,N05CJ03,DARIDOREXANT,26618.0,298416.59,234273.36
N,SYSTEME NERVEUX,N06,PSYCHOANALEPTIQUES,9999,Non restitué,99999,Non restitué,9999999,Non restitué,5646.0,63925.21,84475.85
N,SYSTEME NERVEUX,N06,PSYCHOANALEPTIQUES,N06A,ANTIDEPRESSEURS,99999,Non restitué,9999999,Non restitué,10941.0,52626.95,60067.81
N,SYSTEME NERVEUX,N06,PSYCHOANALEPTIQUES,N06A,ANTIDEPRESSEURS,N06AA,INHIBITEURS NON SELECTIFS DE LA RECAPTURE DE LA MONOAMINE,9999999,Non restitué,25725.0,104514.66,117279.36
N,SYSTEME NERVEUX,N06,PSYCHOANALEPTIQUES,N06A,ANTIDEPRESSEURS,N06AA,INHIBITEURS NON SELECTIFS DE LA RECAPTURE DE LA MONOAMINE,N06AA02,IMIPRAMINE,175.0,197.09,264.19
N,SYSTEME NERVEUX,N06,PSYCHOANALEPTIQUES,N06A,ANTIDEPRESSEURS,N06AA,INHIBITEURS NON SELECTIFS DE LA RECAPTURE DE LA MONOAMINE,N06AA04,CLOMIPRAMINE,283382.0,570617.32,624564.94
N,SYSTEME NERVEUX,N06,PSYCHOANALEPTIQUES,N06A,ANTIDEPRESSEURS,N06AA,INHIBITEURS NON SELECTIFS DE LA RECAPTURE DE LA MONOAMINE,N06AA06,TRIMIPRAMINE,1142.0,8194.32,6944.84
N,SYSTEME NERVEUX,N06,PSYCHOANALEPTIQUES,N06A,ANTIDEPRESSEURS,N06AA,INHIBITEURS NON SELECTIFS DE LA RECAPTURE DE LA MONOAMINE,N06AA09,AMITRIPTYLINE,522177.0,1010955.87,1095173.26
N,SYSTEME NERVEUX,N06,PSYCHOANALEPTIQUES,N06A,ANTIDEPRESSEURS,N06AA,INHIBITEURS NON SELECTIFS DE LA RECAPTURE DE LA MONOAMINE,N06AA12,DOXEPINE,3836.0,7662.4800000000005,8795.81
N,SYSTEME NERVEUX,N06,PSYCHOANALEPTIQUES,N06A,ANTIDEPRESSEURS,N06AA,INHIBITEURS NON SELECTIFS DE LA RECAPTURE DE LA MONOAMINE,N06AA16,DOSULEPINE,7599.0,26413.46,27163.2
N,SYSTEME NERVEUX,N06,PSYCHOANALEPTIQUES,N06A,ANTIDEPRESSEURS,N06AA,INHIBITEURS NON SELECTIFS DE LA RECAPTURE DE LA MONOAMINE,N06AA21,MAPROTILINE,931.0,4262.34,4842.57
N,SYSTEME NERVEUX,N06,PSYCHOANALEPTIQUES,N06A,ANTIDEPRESSEURS,N06AB,INHIBITEURS SELECTIFS DE LA RECAPTURE DE LA SEROTONINE,9999999,Non restitué,33381.0,89001.7,106077.68
N,SYSTEME NERVEUX,N06,PSYCHOANALEPTIQUES,N06A,ANTIDEPRESSEURS,N06AB,INHIBITEURS SELECTIFS DE LA RECAPTURE DE LA SEROTONINE,N06AB03,FLUOXETINE,1400307.0,2313205.98,2617448.91
N,SYSTEME NERVEUX,N06,PSYCHOANALEPTIQUES,N06A,ANTIDEPRESSEURS,N06AB,INHIBITEURS SELECTIFS DE LA RECAPTURE DE LA SEROTONINE,N06AB04,CITALOPRAM,80242.0,357846.51,409923.42
N,SYSTEME NERVEUX,N06,PSYCHOANALEPTIQUES,N06A,ANTIDEPRESSEURS,N06AB,INHIBITEURS SELECTIFS DE LA RECAPTURE DE LA SEROTONINE,N06AB05,PAROXETINE,2195736.0,1964804.04,2145248.82
N,SYSTEME NERVEUX,N06,PSYCHOANALEPTIQUES,N06A,ANTIDEPRESSEURS,N06AB,INHIBITEURS SELECTIFS DE LA RECAPTURE DE LA SEROTONINE,N06AB06,SERTRALINE,2522756.0,3149551.41,3569163.04
N,SYSTEME NERVEUX,N06,PSYCHOANALEPTIQUES,N06A,ANTIDEPRESSEURS,N06AB,INHIBITEURS SELECTIFS DE LA RECAPTURE DE LA SEROTONINE,N06AB08,FLUVOXAMINE,23512.0,57482.8,62976.79
N,SYSTEME NERVEUX,N06,PSYCHOANALEPTIQUES,N06A,ANTIDEPRESSEURS,N06AB,INHIBITEURS SELECTIFS DE LA RECAPTURE DE LA SEROTONINE,N06AB10,ESCITALOPRAM,604927.0,2221290.17,2625031.84
N,SYSTEME NERVEUX,N06,PSYCHOANALEPTIQUES,N06A,ANTIDEPRESSEURS,N06AG,INHIBITEURS DE LA MONAMINE OXYDASE TYPE A,N06AG02,MOCLOBEMIDE,3706.0,9656.119999999999,9037.6
N,SYSTEME NERVEUX,N06,PSYCHOANALEPTIQUES,N06A,ANTIDEPRESSEURS,N06AX,AUTRES ANTIDEPRESSEURS,9999999,Non restitué,39961.0,241113.45,309738.64
N,SYSTEME NERVEUX,N06,PSYCHOANALEPTIQUES,N06A,ANTIDEPRESSEURS,N06AX,AUTRES ANTIDEPRESSEURS,N06AX01,OXITRIPTAN,585.0,0.0,0.0
N,SYSTEME NERVEUX,N06,PSYCHOANALEPTIQUES,N06A,ANTIDEPRESSEURS,N06AX,AUTRES ANTIDEPRESSEURS,N06AX03,MIANSERINE,612371.0,1583043.86,1770822.13
N,SYSTEME NERVEUX,N06,PSYCHOANALEPTIQUES,N06A,ANTIDEPRESSEURS,N06AX,AUTRES ANTIDEPRESSEURS,N06AX11,MIRTAZAPINE,974041.0,1566257.4,1677624.81
N,SYSTEME NERVEUX,N06,PSYCHOANALEPTIQUES,N06A,ANTIDEPRESSEURS,N06AX,AUTRES ANTIDEPRESSEURS,N06AX14,TIANEPTINE,5570.0,14940.19,17100.83
N,SYSTEME NERVEUX,N06,PSYCHOANALEPTIQUES,N06A,ANTIDEPRESSEURS,N06AX,AUTRES ANTIDEPRESSEURS,N06AX16,VENLAFAXINE,1712221.0,3661860.6799999997,3953190.38
N,SYSTEME NERVEUX,N06,PSYCHOANALEPTIQUES,N06A,ANTIDEPRESSEURS,N06AX,AUTRES ANTIDEPRESSEURS,N06AX17,MILNACIPRAN,12684.0,59379.69,63970.1
N,SYSTEME NERVEUX,N06,PSYCHOANALEPTIQUES,N06A,ANTIDEPRESSEURS,N06AX,AUTRES ANTIDEPRESSEURS,N06AX21,DULOXETINE,558479.0,1799713.13,2006459.73
N,SYSTEME NERVEUX,N06,PSYCHOANALEPTIQUES,N06A,ANTIDEPRESSEURS,N06AX,AUTRES ANTIDEPRESSEURS,N06AX22,AGOMELATINE,8764.0,62341.72,63458.54
N,SYSTEME NERVEUX,N06,PSYCHOANALEPTIQUES,N06A,ANTIDEPRESSEURS,N06AX,AUTRES ANTIDEPRESSEURS,N06AX26,VORTIOXETINE,249433.0,977932.75,1036919.51
N,SYSTEME NERVEUX,N06,PSYCHOANALEPTIQUES,N06B,"PSYCHOSTIMULANTS, AGENTS UTILISES DANS LE TDAH ET NOOTROPES",99999,Non restitué,9999999,Non restitué,8331.0,19538.99,26283.38
N,SYSTEME NERVEUX,N06,PSYCHOANALEPTIQUES,N06B,"PSYCHOSTIMULANTS, AGENTS UTILISES DANS LE TDAH ET NOOTROPES",N06BA,SYMPATHOMIMETIQUES D'ACTION CENTRALE,9999999,Non restitué,12358.0,140625.29,136055.26
N,SYSTEME NERVEUX,N06,PSYCHOANALEPTIQUES,N06B,"PSYCHOSTIMULANTS, AGENTS UTILISES DANS LE TDAH ET NOOTROPES",N06BA,SYMPATHOMIMETIQUES D'ACTION CENTRALE,N06BA04,METHYLPHENIDATE,513566.0,2645329.68,2813221.19
N,SYSTEME NERVEUX,N06,PSYCHOANALEPTIQUES,N06B,"PSYCHOSTIMULANTS, AGENTS UTILISES DANS LE TDAH ET NOOTROPES",N06BA,SYMPATHOMIMETIQUES D'ACTION CENTRALE,N06BA07,MODAFINIL,74434.0,58234.04,50487.64
N,SYSTEME NERVEUX,N06,PSYCHOANALEPTIQUES,N06B,"PSYCHOSTIMULANTS, AGENTS UTILISES DANS LE TDAH ET NOOTROPES",N06BA,SYMPATHOMIMETIQUES D'ACTION CENTRALE,N06BA14,SOLRIAMFETOL,15262.0,5528.43,3695.1400000000003
N,SYSTEME NERVEUX,N06,PSYCHOANALEPTIQUES,N06B,"PSYCHOSTIMULANTS, AGENTS UTILISES DANS LE TDAH ET NOOTROPES",N06BC,DERIVES DE LA XANTHINE,N06BC01,CAFEINE,2878.0,11255.369999999999,12083.0
N,SYSTEME NERVEUX,N06,PSYCHOANALEPTIQUES,N06B,"PSYCHOSTIMULANTS, AGENTS UTILISES DANS LE TDAH ET NOOTROPES",N06BX,AUTRES PSYCHOSTIMULANTS ET NOOTROPES,9999999,Non restitué,2158.0,2340.96,2724.28
N,SYSTEME NERVEUX,N06,PSYCHOANALEPTIQUES,N06B,"PSYCHOSTIMULANTS, AGENTS UTILISES DANS LE TDAH ET NOOTROPES",N06BX,AUTRES PSYCHOSTIMULANTS ET NOOTROPES,N06BX03,PIRACETAM,4700.0,2255.96,3705.62
N,SYSTEME NERVEUX,N06,PSYCHOANALEPTIQUES,N06B,"PSYCHOSTIMULANTS, AGENTS UTILISES DANS LE TDAH ET NOOTROPES",N06BX,AUTRES PSYCHOSTIMULANTS ET NOOTROPES,N06BX13,IDEBENONE,380.0,0.0,0.0
N,SYSTEME NERVEUX,N07,AUTRES MEDICAMENTS DU SYSTEME NERVEUX,9999,Non restitué,99999,Non restitué,9999999,Non restitué,31070.0,224182.6,241213.76
N,SYSTEME NERVEUX,N07,AUTRES MEDICAMENTS DU SYSTEME NERVEUX,N07A,PARASYMPATHOMIMETIQUES,N07AA,ANTICHOLINESTERASIQUES,9999999,Non restitué,6398.0,26799.9,28711.0
N,SYSTEME NERVEUX,N07,AUTRES MEDICAMENTS DU SYSTEME NERVEUX,N07A,PARASYMPATHOMIMETIQUES,N07AA,ANTICHOLINESTERASIQUES,N07AA01,NEOSTIGMINE,239.0,527.51,556.87
N,SYSTEME NERVEUX,N07,AUTRES MEDICAMENTS DU SYSTEME NERVEUX,N07A,PARASYMPATHOMIMETIQUES,N07AA,ANTICHOLINESTERASIQUES,N07AA02,PYRIDOSTIGMINE,246873.0,205221.44,203122.12
N,SYSTEME NERVEUX,N07,AUTRES MEDICAMENTS DU SYSTEME NERVEUX,N07A,PARASYMPATHOMIMETIQUES,N07AA,ANTICHOLINESTERASIQUES,N07AA30,AMBENONIUM,9731.0,24633.4,24809.07
N,SYSTEME NERVEUX,N07,AUTRES MEDICAMENTS DU SYSTEME NERVEUX,N07B,MEDICAMENTS UTILISES DANS LES PHENOMÈNES DE DEPENDANCE,99999,Non restitué,9999999,Non restitué,37057.0,113229.29,139754.91
N,SYSTEME NERVEUX,N07,AUTRES MEDICAMENTS DU SYSTEME NERVEUX,N07B,MEDICAMENTS UTILISES DANS LES PHENOMÈNES DE DEPENDANCE,N07BA,MEDICAMENTS UTILISES DANS LA DEPENDANCE À LA NICOTINE,9999999,Non restitué,4.0,142.95,219.92
N,SYSTEME NERVEUX,N07,AUTRES MEDICAMENTS DU SYSTEME NERVEUX,N07B,MEDICAMENTS UTILISES DANS LES PHENOMÈNES DE DEPENDANCE,N07BA,MEDICAMENTS UTILISES DANS LA DEPENDANCE À LA NICOTINE,N07BA01,NICOTINE,1323609.0,6435309.45,6866452.38
N,SYSTEME NERVEUX,N07,AUTRES MEDICAMENTS DU SYSTEME NERVEUX,N07B,MEDICAMENTS UTILISES DANS LES PHENOMÈNES DE DEPENDANCE,N07BB,MEDICAMENTS UTILISES DANS LA DEPENDANCE ALCOOLIQUE,9999999,Non restitué,23927.0,172560.36,214347.16
N,SYSTEME NERVEUX,N07,AUTRES MEDICAMENTS DU SYSTEME NERVEUX,N07B,MEDICAMENTS UTILISES DANS LES PHENOMÈNES DE DEPENDANCE,N07BB,MEDICAMENTS UTILISES DANS LA DEPENDANCE ALCOOLIQUE,N07BB,MEDICAMENTS UTILISES DANS LA DEPENDANCE ALCOOLIQUE,69954.0,198296.09,242150.71
N,SYSTEME NERVEUX,N07,AUTRES MEDICAMENTS DU SYSTEME NERVEUX,N07B,MEDICAMENTS UTILISES DANS LES PHENOMÈNES DE DEPENDANCE,N07BB,MEDICAMENTS UTILISES DANS LA DEPENDANCE ALCOOLIQUE,N07BB01,DISULFIRAM,9085.0,13394.33,16397.08
N,SYSTEME NERVEUX,N07,AUTRES MEDICAMENTS DU SYSTEME NERVEUX,N07B,MEDICAMENTS UTILISES DANS LES PHENOMÈNES DE DEPENDANCE,N07BB,MEDICAMENTS UTILISES DANS LA DEPENDANCE ALCOOLIQUE,N07BB03,ACAMPROSATE,94512.0,745779.13,826644.3
N,SYSTEME NERVEUX,N07,AUTRES MEDICAMENTS DU SYSTEME NERVEUX,N07B,MEDICAMENTS UTILISES DANS LES PHENOMÈNES DE DEPENDANCE,N07BB,MEDICAMENTS UTILISES DANS LA DEPENDANCE ALCOOLIQUE,N07BB04,NALTREXONE,49426.0,225234.74,227045.19
N,SYSTEME NERVEUX,N07,AUTRES MEDICAMENTS DU SYSTEME NERVEUX,N07B,MEDICAMENTS UTILISES DANS LES PHENOMÈNES DE DEPENDANCE,N07BB,MEDICAMENTS UTILISES DANS LA DEPENDANCE ALCOOLIQUE,N07BB05,NALMEFENE,82610.0,142490.73,82960.18
N,SYSTEME NERVEUX,N07,AUTRES MEDICAMENTS DU SYSTEME NERVEUX,N07B,MEDICAMENTS UTILISES DANS LES PHENOMÈNES DE DEPENDANCE,N07BC,MEDICAMENTS UTILISES DANS LA DEPENDANCE AUX OPIOÏDES,9999999,Non restitué,79643.0,148413.34,155521.9
N,SYSTEME NERVEUX,N07,AUTRES MEDICAMENTS DU SYSTEME NERVEUX,N07B,MEDICAMENTS UTILISES DANS LES PHENOMÈNES DE DEPENDANCE,N07BC,MEDICAMENTS UTILISES DANS LA DEPENDANCE AUX OPIOÏDES,N07BC01,BUPRENORPHINE,776690.0,392327.87,351027.51
N,SYSTEME NERVEUX,N07,AUTRES MEDICAMENTS DU SYSTEME NERVEUX,N07B,MEDICAMENTS UTILISES DANS LES PHENOMÈNES DE DEPENDANCE,N07BC,MEDICAMENTS UTILISES DANS LA DEPENDANCE AUX OPIOÏDES,N07BC02,METHADONE,2219971.0,779603.74,677788.11
N,SYSTEME NERVEUX,N07,AUTRES MEDICAMENTS DU SYSTEME NERVEUX,N07B,MEDICAMENTS UTILISES DANS LES PHENOMÈNES DE DEPENDANCE,N07BC,MEDICAMENTS UTILISES DANS LA DEPENDANCE AUX OPIOÏDES,N07BC51,BUPRENORPHINE EN ASSOCIATION,16309.0,18668.38,19090.62
N,SYSTEME NERVEUX,N07,AUTRES MEDICAMENTS DU SYSTEME NERVEUX,N07C,ANTIVERTIGINEUX,N07CA,ANTIVERTIGINEUX,9999999,Non restitué,4405.0,10869.07,21551.07
N,SYSTEME NERVEUX,N07,AUTRES MEDICAMENTS DU SYSTEME NERVEUX,N07C,ANTIVERTIGINEUX,N07CA,ANTIVERTIGINEUX,N07CA01,BETAHISTINE,99719.0,230124.83,515571.11
N,SYSTEME NERVEUX,N07,AUTRES MEDICAMENTS DU SYSTEME NERVEUX,N07C,ANTIVERTIGINEUX,N07CA,ANTIVERTIGINEUX,N07CA03,FLUNARIZINE,42.0,111.58,319.42
N,SYSTEME NERVEUX,N07,AUTRES MEDICAMENTS DU SYSTEME NERVEUX,N07C,ANTIVERTIGINEUX,N07CA,ANTIVERTIGINEUX,N07CA04,ACETYLLEUCINE,312407.0,369789.57,683292.44
N,SYSTEME NERVEUX,N07,AUTRES MEDICAMENTS DU SYSTEME NERVEUX,N07X,AUTRES MEDICAMENTS DU SYSTEME NERVEUX,N07XX,AUTRES MEDICAMENTS DU SYSTEME NERVEUX,9999999,Non restitué,15604.0,91266.4,82807.58
N,SYSTEME NERVEUX,N07,AUTRES MEDICAMENTS DU SYSTEME NERVEUX,N07X,AUTRES MEDICAMENTS DU SYSTEME NERVEUX,N07XX,AUTRES MEDICAMENTS DU SYSTEME NERVEUX,N07XX02,RILUZOLE,32105.0,21763.05,22473.9
N,SYSTEME NERVEUX,N07,AUTRES MEDICAMENTS DU SYSTEME NERVEUX,N07X,AUTRES MEDICAMENTS DU SYSTEME NERVEUX,N07XX,AUTRES MEDICAMENTS DU SYSTEME NERVEUX,N07XX05,AMIFAMPRIDINE,1121.0,865.45,865.45
N,SYSTEME NERVEUX,N07,AUTRES MEDICAMENTS DU SYSTEME NERVEUX,N07X,AUTRES MEDICAMENTS DU SYSTEME NERVEUX,N07XX,AUTRES MEDICAMENTS DU SYSTEME NERVEUX,N07XX06,TETRABENAZINE,4525.0,20368.86,20905.29
N,SYSTEME NERVEUX,N07,AUTRES MEDICAMENTS DU SYSTEME NERVEUX,N07X,AUTRES MEDICAMENTS DU SYSTEME NERVEUX,N07XX,AUTRES MEDICAMENTS DU SYSTEME NERVEUX,N07XX07,FAMPRIDINE,61623.0,60623.27,57157.47
N,SYSTEME NERVEUX,N07,AUTRES MEDICAMENTS DU SYSTEME NERVEUX,N07X,AUTRES MEDICAMENTS DU SYSTEME NERVEUX,N07XX,AUTRES MEDICAMENTS DU SYSTEME NERVEUX,N07XX08,TAFAMIDIS,45729.0,0.0,0.0
N,SYSTEME NERVEUX,N07,AUTRES MEDICAMENTS DU SYSTEME NERVEUX,N07X,AUTRES MEDICAMENTS DU SYSTEME NERVEUX,N07XX,AUTRES MEDICAMENTS DU SYSTEME NERVEUX,N07XX11,PITOLISANT,27215.0,22069.71,16425.74
N,SYSTEME NERVEUX,N07,AUTRES MEDICAMENTS DU SYSTEME NERVEUX,N07X,AUTRES MEDICAMENTS DU SYSTEME NERVEUX,N07XX,AUTRES MEDICAMENTS DU SYSTEME NERVEUX,N07XX12,PATISIRAN,1496.0,0.0,0.0
N,SYSTEME NERVEUX,N07,AUTRES MEDICAMENTS DU SYSTEME NERVEUX,N07X,AUTRES MEDICAMENTS DU SYSTEME NERVEUX,N07XX,AUTRES MEDICAMENTS DU SYSTEME NERVEUX,N07XX18,VUTRISIRAN,694.0,0.0,0.0
P,"ANTIPARASITAIRES, INSECTICIDES ET REPULSIFS",999,INCONNU,9999,Non restitué,99999,Non restitué,9999999,Non restitué,4900.0,37616.62,50705.93
P,"ANTIPARASITAIRES, INSECTICIDES ET REPULSIFS",P01,ANTIPROTOZOAIRES,9999,Non restitué,99999,Non restitué,9999999,Non restitué,3081.0,59891.37,70707.47
P,"ANTIPARASITAIRES, INSECTICIDES ET REPULSIFS",P01,ANTIPROTOZOAIRES,P01A,MEDICAMENTS CONTRE L'AMIBIASE ET AUTRES PROTOZOOSES,99999,Non restitué,9999999,Non restitué,3352.0,104995.55,107924.34
P,"ANTIPARASITAIRES, INSECTICIDES ET REPULSIFS",P01,ANTIPROTOZOAIRES,P01A,MEDICAMENTS CONTRE L'AMIBIASE ET AUTRES PROTOZOOSES,P01AB,DERIVES DU NITROIMIDAZOLE,9999999,Non restitué,2622.0,6745.24,10005.14
P,"ANTIPARASITAIRES, INSECTICIDES ET REPULSIFS",P01,ANTIPROTOZOAIRES,P01A,MEDICAMENTS CONTRE L'AMIBIASE ET AUTRES PROTOZOOSES,P01AB,DERIVES DU NITROIMIDAZOLE,P01AB01,METRONIDAZOLE,426045.0,650037.88,822881.58
P,"ANTIPARASITAIRES, INSECTICIDES ET REPULSIFS",P01,ANTIPROTOZOAIRES,P01A,MEDICAMENTS CONTRE L'AMIBIASE ET AUTRES PROTOZOOSES,P01AB,DERIVES DU NITROIMIDAZOLE,P01AB02,TINIDAZOLE,5785.0,12608.1,16565.58
P,"ANTIPARASITAIRES, INSECTICIDES ET REPULSIFS",P01,ANTIPROTOZOAIRES,P01A,MEDICAMENTS CONTRE L'AMIBIASE ET AUTRES PROTOZOOSES,P01AB,DERIVES DU NITROIMIDAZOLE,P01AB07,SECNIDAZOLE,60903.0,162689.27,166698.52
P,"ANTIPARASITAIRES, INSECTICIDES ET REPULSIFS",P01,ANTIPROTOZOAIRES,P01A,MEDICAMENTS CONTRE L'AMIBIASE ET AUTRES PROTOZOOSES,P01AX,AUTRES MEDICAMENTS CONTRE L'AMIBIASE ET AUTRES PROTOZOOSES,P01AX06,ATOVAQUONE,82826.0,37408.16,34384.19
P,"ANTIPARASITAIRES, INSECTICIDES ET REPULSIFS",P01,ANTIPROTOZOAIRES,P01B,ANTIPALUDIQUES,99999,Non restitué,9999999,Non restitué,1565.0,16224.86,23141.13
P,"ANTIPARASITAIRES, INSECTICIDES ET REPULSIFS",P01,ANTIPROTOZOAIRES,P01B,ANTIPALUDIQUES,P01BB,BIGUANIDES,P01BB51,PROGUANIL EN ASSOCIATION,428.0,6170.14,7008.37
P,"ANTIPARASITAIRES, INSECTICIDES ET REPULSIFS",P01,ANTIPROTOZOAIRES,P01B,ANTIPALUDIQUES,P01BD,DIAMINOPYRIMIDINES,P01BD01,PYRIMETHAMINE,941.0,6428.5599999999995,8521.29
P,"ANTIPARASITAIRES, INSECTICIDES ET REPULSIFS",P01,ANTIPROTOZOAIRES,P01B,ANTIPALUDIQUES,P01BF,"ARTEMISININE ET DERVIVES, EN ASSOCIATION",9999999,Non restitué,238.0,5352.5,7910.5
P,"ANTIPARASITAIRES, INSECTICIDES ET REPULSIFS",P01,ANTIPROTOZOAIRES,P01B,ANTIPALUDIQUES,P01BF,"ARTEMISININE ET DERVIVES, EN ASSOCIATION",P01BF01,ARTEMETHER ET LUMEFANTRINE,481.0,8423.36,8954.42
P,"ANTIPARASITAIRES, INSECTICIDES ET REPULSIFS",P01,ANTIPROTOZOAIRES,P01B,ANTIPALUDIQUES,P01BF,"ARTEMISININE ET DERVIVES, EN ASSOCIATION",P01BF05,ARTENIMOL ET PIPERAQUINE,648.0,14285.67,20688.59
P,"ANTIPARASITAIRES, INSECTICIDES ET REPULSIFS",P01,ANTIPROTOZOAIRES,P01C,ANTILEISHMANIENS ET TRYPANOCIDES,99999,Non restitué,9999999,Non restitué,17.0,785.8199999999999,896.58
P,"ANTIPARASITAIRES, INSECTICIDES ET REPULSIFS",P01,ANTIPROTOZOAIRES,P01C,ANTILEISHMANIENS ET TRYPANOCIDES,P01CX,AUTRES ANTILEISHMANIENS ET TRYPANOCIDES,P01CX01,PENTAMIDINE ISETHIONATE,10992.0,14351.64,12958.539999999999
P,"ANTIPARASITAIRES, INSECTICIDES ET REPULSIFS",P02,ANTHELMINTHIQUES,9999,Non restitué,99999,Non restitué,9999999,Non restitué,969.0,13538.32,19800.73
P,"ANTIPARASITAIRES, INSECTICIDES ET REPULSIFS",P02,ANTHELMINTHIQUES,P02B,ANTITREMATODES,P02BA,DERIVES DE LA QUINOLEINE ET APPARENTES,P02BA01,PRAZIQUANTEL,4303.0,45891.79,58562.64
P,"ANTIPARASITAIRES, INSECTICIDES ET REPULSIFS",P02,ANTHELMINTHIQUES,P02C,ANTINEMATODES,99999,Non restitué,9999999,Non restitué,4746.0,15684.37,22983.4
P,"ANTIPARASITAIRES, INSECTICIDES ET REPULSIFS",P02,ANTHELMINTHIQUES,P02C,ANTINEMATODES,P02CA,DERIVES DU BENZIMIDAZOLE,9999999,Non restitué,5351.0,10540.84,13940.38
P,"ANTIPARASITAIRES, INSECTICIDES ET REPULSIFS",P02,ANTHELMINTHIQUES,P02C,ANTINEMATODES,P02CA,DERIVES DU BENZIMIDAZOLE,P02CA03,ALBENDAZOLE,134311.0,151759.22,181111.01
P,"ANTIPARASITAIRES, INSECTICIDES ET REPULSIFS",P02,ANTHELMINTHIQUES,P02C,ANTINEMATODES,P02CA,DERIVES DU BENZIMIDAZOLE,P02CA05,FLUBENDAZOLE,45673.0,79828.5,118153.21
P,"ANTIPARASITAIRES, INSECTICIDES ET REPULSIFS",P02,ANTHELMINTHIQUES,P02C,ANTINEMATODES,P02CC,DERIVES DE LA TETRAHYDROPYRIMIDINE,P02CC01,PYRANTEL,306.0,423.58,620.4699999999999
P,"ANTIPARASITAIRES, INSECTICIDES ET REPULSIFS",P02,ANTHELMINTHIQUES,P02C,ANTINEMATODES,P02CF,AVERMECTINES,P02CF01,IVERMECTINE,115158.0,590330.11,781979.96
P,"ANTIPARASITAIRES, INSECTICIDES ET REPULSIFS",P03,PYRETHRINES,P03A,"ANTIPARASITAIRES EXTERNES, SCABICIDES INCLUS",99999,Non restitué,9999999,Non restitué,1866.0,18289.72,27709.19
P,"ANTIPARASITAIRES, INSECTICIDES ET REPULSIFS",P03,PYRETHRINES,P03A,"ANTIPARASITAIRES EXTERNES, SCABICIDES INCLUS",P03AC,"PYRETHRINES, DERIVES DE SYNTHESE INCLUS",P03AC04,PERMETHRINE,17338.0,155701.47,193529.87
P,"ANTIPARASITAIRES, INSECTICIDES ET REPULSIFS",P03,PYRETHRINES,P03A,"ANTIPARASITAIRES EXTERNES, SCABICIDES INCLUS",P03AX,"AUTRES ANTIPARASITAIRES EXTERNES, SCABICIDES INCLUS",P03AX01,BENZOATE DE BENZYLE,12390.0,98384.84,138796.98
R,SYSTEME RESPIRATOIRE,999,INCONNU,9999,Non restitué,99999,Non restitué,9999999,Non restitué,6708.0,15618.07,28262.37
R,SYSTEME RESPIRATOIRE,R01,PREPARATIONS NASALES,R01A,DECONGESTIONNANTS ET AUTRES PREPARATIONS A USAGE TOPIQUE,99999,Non restitué,9999999,Non restitué,6749.0,10344.03,26342.43
R,SYSTEME RESPIRATOIRE,R01,PREPARATIONS NASALES,R01A,DECONGESTIONNANTS ET AUTRES PREPARATIONS A USAGE TOPIQUE,R01AA,SYMPATHOMIMETIQUES NON ASSOCIES,R01AA05,OXYMETAZOLINE,38916.0,12704.88,54224.71
R,SYSTEME RESPIRATOIRE,R01,PREPARATIONS NASALES,R01A,DECONGESTIONNANTS ET AUTRES PREPARATIONS A USAGE TOPIQUE,R01AC,"ANTIALLERGIQUES, CORTICOIDES EXCLUS",9999999,Non restitué,1.0,0.81,5.39
R,SYSTEME RESPIRATOIRE,R01,PREPARATIONS NASALES,R01A,DECONGESTIONNANTS ET AUTRES PREPARATIONS A USAGE TOPIQUE,R01AC,"ANTIALLERGIQUES, CORTICOIDES EXCLUS",R01AC03,AZELASTINE,26315.0,65834.1,166261.4
R,SYSTEME RESPIRATOIRE,R01,PREPARATIONS NASALES,R01A,DECONGESTIONNANTS ET AUTRES PREPARATIONS A USAGE TOPIQUE,R01AD,CORTICOIDES,9999999,Non restitué,15507.0,40263.25,107924.63
R,SYSTEME RESPIRATOIRE,R01,PREPARATIONS NASALES,R01A,DECONGESTIONNANTS ET AUTRES PREPARATIONS A USAGE TOPIQUE,R01AD,CORTICOIDES,R01AD01,BECLOMETASONE,342468.0,525188.6,760749.91
R,SYSTEME RESPIRATOIRE,R01,PREPARATIONS NASALES,R01A,DECONGESTIONNANTS ET AUTRES PREPARATIONS A USAGE TOPIQUE,R01AD,CORTICOIDES,R01AD05,BUDESONIDE,67971.0,124971.04,266435.66
R,SYSTEME RESPIRATOIRE,R01,PREPARATIONS NASALES,R01A,DECONGESTIONNANTS ET AUTRES PREPARATIONS A USAGE TOPIQUE,R01AD,CORTICOIDES,R01AD07,TIXOCORTOL,262915.0,152632.22,471598.25
R,SYSTEME RESPIRATOIRE,R01,PREPARATIONS NASALES,R01A,DECONGESTIONNANTS ET AUTRES PREPARATIONS A USAGE TOPIQUE,R01AD,CORTICOIDES,R01AD09,MOMETASONE,354942.0,598420.74,1290327.5
R,SYSTEME RESPIRATOIRE,R01,PREPARATIONS NASALES,R01A,DECONGESTIONNANTS ET AUTRES PREPARATIONS A USAGE TOPIQUE,R01AD,CORTICOIDES,R01AD11,TRIAMCINOLONE,47539.0,140821.38,274939.07
R,SYSTEME RESPIRATOIRE,R01,PREPARATIONS NASALES,R01A,DECONGESTIONNANTS ET AUTRES PREPARATIONS A USAGE TOPIQUE,R01AD,CORTICOIDES,R01AD12,FLUTICASONE FUROATE,41365.0,97643.02,195820.36
R,SYSTEME RESPIRATOIRE,R01,PREPARATIONS NASALES,R01A,DECONGESTIONNANTS ET AUTRES PREPARATIONS A USAGE TOPIQUE,R01AD,CORTICOIDES,R01AD58,"DECONGESTIONNANTS ET AUTRES PREPARATIONS NASALES, CORTICOSTEROIDES EN ASSOCIATION",180173.0,373087.8,487989.1
R,SYSTEME RESPIRATOIRE,R01,PREPARATIONS NASALES,R01A,DECONGESTIONNANTS ET AUTRES PREPARATIONS A USAGE TOPIQUE,R01AD,CORTICOIDES,R01AD59,MOMETASONE EN ASSOCIATION,71890.0,203891.45,318774.3
R,SYSTEME RESPIRATOIRE,R01,PREPARATIONS NASALES,R01A,DECONGESTIONNANTS ET AUTRES PREPARATIONS A USAGE TOPIQUE,R01AX,AUTRES PREPARATIONS NASALES,9999999,Non restitué,1734.0,3893.72,7565.01
R,SYSTEME RESPIRATOIRE,R01,PREPARATIONS NASALES,R01A,DECONGESTIONNANTS ET AUTRES PREPARATIONS A USAGE TOPIQUE,R01AX,AUTRES PREPARATIONS NASALES,R01AX03,IPRATROPIUM BROMURE,11233.0,16101.77,46321.11
R,SYSTEME RESPIRATOIRE,R01,PREPARATIONS NASALES,R01A,DECONGESTIONNANTS ET AUTRES PREPARATIONS A USAGE TOPIQUE,R01AX,AUTRES PREPARATIONS NASALES,R01AX06,MUPIROCINE,30343.0,68365.21,80759.55
R,SYSTEME RESPIRATOIRE,R03,MEDICAMENTS POUR LES SYNDROMES OBSTRUCTIFS DES VOIES AERIENNES,9999,Non restitué,99999,Non restitué,9999999,Non restitué,10471.0,88782.07,99797.95
R,SYSTEME RESPIRATOIRE,R03,MEDICAMENTS POUR LES SYNDROMES OBSTRUCTIFS DES VOIES AERIENNES,R03A,ADRENERGIQUES POUR INHALATION,99999,Non restitué,9999999,Non restitué,4887.0,102304.56,141241.53
R,SYSTEME RESPIRATOIRE,R03,MEDICAMENTS POUR LES SYNDROMES OBSTRUCTIFS DES VOIES AERIENNES,R03A,ADRENERGIQUES POUR INHALATION,R03AC,AGONISTES SELECTIFS BETA 2 ADRENERGIQUES,9999999,Non restitué,16084.0,204901.62,261980.18
R,SYSTEME RESPIRATOIRE,R03,MEDICAMENTS POUR LES SYNDROMES OBSTRUCTIFS DES VOIES AERIENNES,R03A,ADRENERGIQUES POUR INHALATION,R03AC,AGONISTES SELECTIFS BETA 2 ADRENERGIQUES,R03AC02,SALBUTAMOL,1662537.0,2237505.42,2522179.9
R,SYSTEME RESPIRATOIRE,R03,MEDICAMENTS POUR LES SYNDROMES OBSTRUCTIFS DES VOIES AERIENNES,R03A,ADRENERGIQUES POUR INHALATION,R03AC,AGONISTES SELECTIFS BETA 2 ADRENERGIQUES,R03AC03,TERBUTALINE,310649.0,912598.49,974174.03
R,SYSTEME RESPIRATOIRE,R03,MEDICAMENTS POUR LES SYNDROMES OBSTRUCTIFS DES VOIES AERIENNES,R03A,ADRENERGIQUES POUR INHALATION,R03AC,AGONISTES SELECTIFS BETA 2 ADRENERGIQUES,R03AC12,SALMETEROL,14896.0,133936.83,145716.45
R,SYSTEME RESPIRATOIRE,R03,MEDICAMENTS POUR LES SYNDROMES OBSTRUCTIFS DES VOIES AERIENNES,R03A,ADRENERGIQUES POUR INHALATION,R03AC,AGONISTES SELECTIFS BETA 2 ADRENERGIQUES,R03AC13,FORMOTEROL,26769.0,273088.72,316147.01
R,SYSTEME RESPIRATOIRE,R03,MEDICAMENTS POUR LES SYNDROMES OBSTRUCTIFS DES VOIES AERIENNES,R03A,ADRENERGIQUES POUR INHALATION,R03AC,AGONISTES SELECTIFS BETA 2 ADRENERGIQUES,R03AC18,INDACATEROL,28487.0,216165.77,232347.36
R,SYSTEME RESPIRATOIRE,R03,MEDICAMENTS POUR LES SYNDROMES OBSTRUCTIFS DES VOIES AERIENNES,R03A,ADRENERGIQUES POUR INHALATION,R03AC,AGONISTES SELECTIFS BETA 2 ADRENERGIQUES,R03AC19,OLODATEROL,2624.0,45553.38,56393.96
R,SYSTEME RESPIRATOIRE,R03,MEDICAMENTS POUR LES SYNDROMES OBSTRUCTIFS DES VOIES AERIENNES,R03A,ADRENERGIQUES POUR INHALATION,R03AK,ADRENERGIQUES ET AUTRES MEDICAMENTS POUR LES SYNDROMES OBSTRUCTIFS DES VOIES AERIENNES,9999999,Non restitué,13729.0,291149.77,359524.84
R,SYSTEME RESPIRATOIRE,R03,MEDICAMENTS POUR LES SYNDROMES OBSTRUCTIFS DES VOIES AERIENNES,R03A,ADRENERGIQUES POUR INHALATION,R03AK,ADRENERGIQUES ET AUTRES MEDICAMENTS POUR LES SYNDROMES OBSTRUCTIFS DES VOIES AERIENNES,R03AK06,SALMETEROL ET FLUTICASONE,487039.0,3290607.69,3679770.07
R,SYSTEME RESPIRATOIRE,R03,MEDICAMENTS POUR LES SYNDROMES OBSTRUCTIFS DES VOIES AERIENNES,R03A,ADRENERGIQUES POUR INHALATION,R03AK,ADRENERGIQUES ET AUTRES MEDICAMENTS POUR LES SYNDROMES OBSTRUCTIFS DES VOIES AERIENNES,R03AK07,FORMOTEROL ET BUDESONIDE,399350.0,2134428.98,2309859.89
R,SYSTEME RESPIRATOIRE,R03,MEDICAMENTS POUR LES SYNDROMES OBSTRUCTIFS DES VOIES AERIENNES,R03A,ADRENERGIQUES POUR INHALATION,R03AK,ADRENERGIQUES ET AUTRES MEDICAMENTS POUR LES SYNDROMES OBSTRUCTIFS DES VOIES AERIENNES,R03AK08,FORMOTEROL ET BECLOMETASONE,308903.0,1647305.07,1702744.5
R,SYSTEME RESPIRATOIRE,R03,MEDICAMENTS POUR LES SYNDROMES OBSTRUCTIFS DES VOIES AERIENNES,R03A,ADRENERGIQUES POUR INHALATION,R03AK,ADRENERGIQUES ET AUTRES MEDICAMENTS POUR LES SYNDROMES OBSTRUCTIFS DES VOIES AERIENNES,R03AK10,VILANTEROL ET FLUTICASONE FUROATE,279392.0,1662567.5,1579467.36
R,SYSTEME RESPIRATOIRE,R03,MEDICAMENTS POUR LES SYNDROMES OBSTRUCTIFS DES VOIES AERIENNES,R03A,ADRENERGIQUES POUR INHALATION,R03AK,ADRENERGIQUES ET AUTRES MEDICAMENTS POUR LES SYNDROMES OBSTRUCTIFS DES VOIES AERIENNES,R03AK11,FORMOTEROL ET FLUTICASONE,5850.0,55087.31,46449.27
R,SYSTEME RESPIRATOIRE,R03,MEDICAMENTS POUR LES SYNDROMES OBSTRUCTIFS DES VOIES AERIENNES,R03A,ADRENERGIQUES POUR INHALATION,R03AK,ADRENERGIQUES ET AUTRES MEDICAMENTS POUR LES SYNDROMES OBSTRUCTIFS DES VOIES AERIENNES,R03AK14,INDACATEROL + MOMETASONE,5802.0,67221.38,73190.95
R,SYSTEME RESPIRATOIRE,R03,MEDICAMENTS POUR LES SYNDROMES OBSTRUCTIFS DES VOIES AERIENNES,R03A,ADRENERGIQUES POUR INHALATION,R03AL,ADRENERGIQUES EN ASSOCIATION AVEC ANTICHOLINERGIQUES,9999999,Non restitué,18297.0,405154.1,477241.48
R,SYSTEME RESPIRATOIRE,R03,MEDICAMENTS POUR LES SYNDROMES OBSTRUCTIFS DES VOIES AERIENNES,R03A,ADRENERGIQUES POUR INHALATION,R03AL,ADRENERGIQUES EN ASSOCIATION AVEC ANTICHOLINERGIQUES,R03AL01,FENOTEROL ET BROMURE D'IPRATROPIUM,91738.0,228880.61,236024.47
R,SYSTEME RESPIRATOIRE,R03,MEDICAMENTS POUR LES SYNDROMES OBSTRUCTIFS DES VOIES AERIENNES,R03A,ADRENERGIQUES POUR INHALATION,R03AL,ADRENERGIQUES EN ASSOCIATION AVEC ANTICHOLINERGIQUES,R03AL03,"VILANTEROL, UMECLIDINIUM BROMURE",112321.0,539518.59,473845.6
R,SYSTEME RESPIRATOIRE,R03,MEDICAMENTS POUR LES SYNDROMES OBSTRUCTIFS DES VOIES AERIENNES,R03A,ADRENERGIQUES POUR INHALATION,R03AL,ADRENERGIQUES EN ASSOCIATION AVEC ANTICHOLINERGIQUES,R03AL04,INDACATEROL ET BROMURE DE GLYCOPYRRONIUM,95983.0,241620.98,187816.99
R,SYSTEME RESPIRATOIRE,R03,MEDICAMENTS POUR LES SYNDROMES OBSTRUCTIFS DES VOIES AERIENNES,R03A,ADRENERGIQUES POUR INHALATION,R03AL,ADRENERGIQUES EN ASSOCIATION AVEC ANTICHOLINERGIQUES,R03AL08,VILANTEROL + UMECLIDINIUM + FLUTICASONE,135552.0,510689.15,450817.37
R,SYSTEME RESPIRATOIRE,R03,MEDICAMENTS POUR LES SYNDROMES OBSTRUCTIFS DES VOIES AERIENNES,R03A,ADRENERGIQUES POUR INHALATION,R03AL,ADRENERGIQUES EN ASSOCIATION AVEC ANTICHOLINERGIQUES,R03AL09,FORMOTEROL + GLYCOPYRRONIUM BROMURE + BECLOMETASONE,148905.0,594931.56,509390.41
R,SYSTEME RESPIRATOIRE,R03,MEDICAMENTS POUR LES SYNDROMES OBSTRUCTIFS DES VOIES AERIENNES,R03A,ADRENERGIQUES POUR INHALATION,R03AL,ADRENERGIQUES EN ASSOCIATION AVEC ANTICHOLINERGIQUES,R03AL11,FORMOTEROL + GLYCOPYRRONIUM BROMURE + BUDESONIDE,22916.0,192596.89,168730.05
R,SYSTEME RESPIRATOIRE,R03,MEDICAMENTS POUR LES SYNDROMES OBSTRUCTIFS DES VOIES AERIENNES,R03A,ADRENERGIQUES POUR INHALATION,R03AL,ADRENERGIQUES EN ASSOCIATION AVEC ANTICHOLINERGIQUES,R03AL12,INDACATEROL + GLYCOPYRRONIUM BROMURE + MOMETASONE,9627.0,48458.26,49318.95
R,SYSTEME RESPIRATOIRE,R03,MEDICAMENTS POUR LES SYNDROMES OBSTRUCTIFS DES VOIES AERIENNES,R03B,AUTRES MEDICAMENTS POUR LES SYNDROMES OBSTRUCTIFS DES VOIES AERIENNES PAR INHALATION,99999,Non restitué,9999999,Non restitué,4153.0,53381.93,65938.1
R,SYSTEME RESPIRATOIRE,R03,MEDICAMENTS POUR LES SYNDROMES OBSTRUCTIFS DES VOIES AERIENNES,R03B,AUTRES MEDICAMENTS POUR LES SYNDROMES OBSTRUCTIFS DES VOIES AERIENNES PAR INHALATION,R03BA,GLUCOCORTICOIDES,9999999,Non restitué,8798.0,112138.6,143660.22
R,SYSTEME RESPIRATOIRE,R03,MEDICAMENTS POUR LES SYNDROMES OBSTRUCTIFS DES VOIES AERIENNES,R03B,AUTRES MEDICAMENTS POUR LES SYNDROMES OBSTRUCTIFS DES VOIES AERIENNES PAR INHALATION,R03BA,GLUCOCORTICOIDES,R03BA01,BECLOMETASONE,57464.0,562670.37,695978.4
R,SYSTEME RESPIRATOIRE,R03,MEDICAMENTS POUR LES SYNDROMES OBSTRUCTIFS DES VOIES AERIENNES,R03B,AUTRES MEDICAMENTS POUR LES SYNDROMES OBSTRUCTIFS DES VOIES AERIENNES PAR INHALATION,R03BA,GLUCOCORTICOIDES,R03BA02,BUDESONIDE,272037.0,1788905.74,1814736.41
R,SYSTEME RESPIRATOIRE,R03,MEDICAMENTS POUR LES SYNDROMES OBSTRUCTIFS DES VOIES AERIENNES,R03B,AUTRES MEDICAMENTS POUR LES SYNDROMES OBSTRUCTIFS DES VOIES AERIENNES PAR INHALATION,R03BA,GLUCOCORTICOIDES,R03BA05,FLUTICASONE,296584.0,788664.84,1025419.22
R,SYSTEME RESPIRATOIRE,R03,MEDICAMENTS POUR LES SYNDROMES OBSTRUCTIFS DES VOIES AERIENNES,R03B,AUTRES MEDICAMENTS POUR LES SYNDROMES OBSTRUCTIFS DES VOIES AERIENNES PAR INHALATION,R03BA,GLUCOCORTICOIDES,R03BA07,MOMETASONE,165.0,1689.23,2317.83
R,SYSTEME RESPIRATOIRE,R03,MEDICAMENTS POUR LES SYNDROMES OBSTRUCTIFS DES VOIES AERIENNES,R03B,AUTRES MEDICAMENTS POUR LES SYNDROMES OBSTRUCTIFS DES VOIES AERIENNES PAR INHALATION,R03BA,GLUCOCORTICOIDES,R03BA08,CICLESONIDE,7519.0,65710.45,73219.21
R,SYSTEME RESPIRATOIRE,R03,MEDICAMENTS POUR LES SYNDROMES OBSTRUCTIFS DES VOIES AERIENNES,R03B,AUTRES MEDICAMENTS POUR LES SYNDROMES OBSTRUCTIFS DES VOIES AERIENNES PAR INHALATION,R03BB,ANTICHOLINERGIQUES,9999999,Non restitué,17799.0,247670.13999999998,301302.42
R,SYSTEME RESPIRATOIRE,R03,MEDICAMENTS POUR LES SYNDROMES OBSTRUCTIFS DES VOIES AERIENNES,R03B,AUTRES MEDICAMENTS POUR LES SYNDROMES OBSTRUCTIFS DES VOIES AERIENNES PAR INHALATION,R03BB,ANTICHOLINERGIQUES,R03BB01,IPRATROPIUM BROMURE,1232266.0,1527291.19,1575821.61
R,SYSTEME RESPIRATOIRE,R03,MEDICAMENTS POUR LES SYNDROMES OBSTRUCTIFS DES VOIES AERIENNES,R03B,AUTRES MEDICAMENTS POUR LES SYNDROMES OBSTRUCTIFS DES VOIES AERIENNES PAR INHALATION,R03BB,ANTICHOLINERGIQUES,R03BB04,TIOTROPIUM BROMURE,200069.0,1215715.97,1211376.53
R,SYSTEME RESPIRATOIRE,R03,MEDICAMENTS POUR LES SYNDROMES OBSTRUCTIFS DES VOIES AERIENNES,R03B,AUTRES MEDICAMENTS POUR LES SYNDROMES OBSTRUCTIFS DES VOIES AERIENNES PAR INHALATION,R03BB,ANTICHOLINERGIQUES,R03BB06,GLYCOPYRRONIUM BROMURE,17019.0,113631.99,118938.38
R,SYSTEME RESPIRATOIRE,R03,MEDICAMENTS POUR LES SYNDROMES OBSTRUCTIFS DES VOIES AERIENNES,R03B,AUTRES MEDICAMENTS POUR LES SYNDROMES OBSTRUCTIFS DES VOIES AERIENNES PAR INHALATION,R03BB,ANTICHOLINERGIQUES,R03BB07,UMECLIDINIUM BROMURE,47666.0,188694.97,178689.81
R,SYSTEME RESPIRATOIRE,R03,MEDICAMENTS POUR LES SYNDROMES OBSTRUCTIFS DES VOIES AERIENNES,R03B,AUTRES MEDICAMENTS POUR LES SYNDROMES OBSTRUCTIFS DES VOIES AERIENNES PAR INHALATION,R03BB,ANTICHOLINERGIQUES,R03BB54,TIOTROPIUM BROMURE EN ASSOCIATION,27720.0,331819.75,310858.27
R,SYSTEME RESPIRATOIRE,R03,MEDICAMENTS POUR LES SYNDROMES OBSTRUCTIFS DES VOIES AERIENNES,R03C,ADRENERGIQUES A USAGE SYSTEMIQUE,R03CC,AGONISTES SELECTIFS BETA 2 ADRENERGIQUES,9999999,Non restitué,218.0,709.78,788.0500000000001
R,SYSTEME RESPIRATOIRE,R03,MEDICAMENTS POUR LES SYNDROMES OBSTRUCTIFS DES VOIES AERIENNES,R03C,ADRENERGIQUES A USAGE SYSTEMIQUE,R03CC,AGONISTES SELECTIFS BETA 2 ADRENERGIQUES,R03CC12,BAMBUTEROL,2522.0,9952.26,11387.0
R,SYSTEME RESPIRATOIRE,R03,MEDICAMENTS POUR LES SYNDROMES OBSTRUCTIFS DES VOIES AERIENNES,R03D,AUTRES MEDICAMENTS POUR LES SYNDROMES OBSTRUCTIFS DES VOIES AERIENNES À USAGE SYSTEMIQUE,99999,Non restitué,9999999,Non restitué,9637.0,45008.75,44349.79
R,SYSTEME RESPIRATOIRE,R03,MEDICAMENTS POUR LES SYNDROMES OBSTRUCTIFS DES VOIES AERIENNES,R03D,AUTRES MEDICAMENTS POUR LES SYNDROMES OBSTRUCTIFS DES VOIES AERIENNES À USAGE SYSTEMIQUE,R03DC,ANTAGONISTES DES RECEPTEURS AUX LEUCOTRIÈNES,R03DC03,MONTELUKAST,371806.0,1892693.47,2232350.51
R,SYSTEME RESPIRATOIRE,R03,MEDICAMENTS POUR LES SYNDROMES OBSTRUCTIFS DES VOIES AERIENNES,R03D,AUTRES MEDICAMENTS POUR LES SYNDROMES OBSTRUCTIFS DES VOIES AERIENNES À USAGE SYSTEMIQUE,R03DX,AUTRES MEDICAMENTS POUR LES SYNDROMES OBSTRUCTIFS DES VOIES AERIENNES À USAGE SYSTEMIQUE,9999999,Non restitué,18481.0,13583.63,11684.77
R,SYSTEME RESPIRATOIRE,R03,MEDICAMENTS POUR LES SYNDROMES OBSTRUCTIFS DES VOIES AERIENNES,R03D,AUTRES MEDICAMENTS POUR LES SYNDROMES OBSTRUCTIFS DES VOIES AERIENNES À USAGE SYSTEMIQUE,R03DX,AUTRES MEDICAMENTS POUR LES SYNDROMES OBSTRUCTIFS DES VOIES AERIENNES À USAGE SYSTEMIQUE,R03DX05,OMALIZUMAB,372920.0,70170.11,59635.909999999996
R,SYSTEME RESPIRATOIRE,R03,MEDICAMENTS POUR LES SYNDROMES OBSTRUCTIFS DES VOIES AERIENNES,R03D,AUTRES MEDICAMENTS POUR LES SYNDROMES OBSTRUCTIFS DES VOIES AERIENNES À USAGE SYSTEMIQUE,R03DX,AUTRES MEDICAMENTS POUR LES SYNDROMES OBSTRUCTIFS DES VOIES AERIENNES À USAGE SYSTEMIQUE,R03DX09,MEPOLIZUMAB,52931.0,18033.25,21274.51
R,SYSTEME RESPIRATOIRE,R03,MEDICAMENTS POUR LES SYNDROMES OBSTRUCTIFS DES VOIES AERIENNES,R03D,AUTRES MEDICAMENTS POUR LES SYNDROMES OBSTRUCTIFS DES VOIES AERIENNES À USAGE SYSTEMIQUE,R03DX,AUTRES MEDICAMENTS POUR LES SYNDROMES OBSTRUCTIFS DES VOIES AERIENNES À USAGE SYSTEMIQUE,R03DX10,BENRALIZUMAB,18609.0,0.0,0.0
R,SYSTEME RESPIRATOIRE,R03,MEDICAMENTS POUR LES SYNDROMES OBSTRUCTIFS DES VOIES AERIENNES,R03D,AUTRES MEDICAMENTS POUR LES SYNDROMES OBSTRUCTIFS DES VOIES AERIENNES À USAGE SYSTEMIQUE,R03DX,AUTRES MEDICAMENTS POUR LES SYNDROMES OBSTRUCTIFS DES VOIES AERIENNES À USAGE SYSTEMIQUE,R03DX11,TEZEPELUMAB,15587.0,1310.12,0.0
R,SYSTEME RESPIRATOIRE,R05,MEDICAMENTS DU RHUME ET DE LA TOUX,9999,Non restitué,99999,Non restitué,9999999,Non restitué,2188.0,1659.53,5296.59
R,SYSTEME RESPIRATOIRE,R05,MEDICAMENTS DU RHUME ET DE LA TOUX,R05C,"EXPECTORANTS, SAUF ASSOCIATIONS AUX ANTITUSSIFS",R05CB,MUCOLYTIQUES,9999999,Non restitué,7934.0,51267.49,60553.08
R,SYSTEME RESPIRATOIRE,R05,MEDICAMENTS DU RHUME ET DE LA TOUX,R05C,"EXPECTORANTS, SAUF ASSOCIATIONS AUX ANTITUSSIFS",R05CB,MUCOLYTIQUES,R05CB,MUCOLYTIQUES,166456.0,100763.74,386957.3
R,SYSTEME RESPIRATOIRE,R05,MEDICAMENTS DU RHUME ET DE LA TOUX,R05C,"EXPECTORANTS, SAUF ASSOCIATIONS AUX ANTITUSSIFS",R05CB,MUCOLYTIQUES,R05CB01,ACETYLCYSTEINE,13245.0,22919.79,27467.24
R,SYSTEME RESPIRATOIRE,R05,MEDICAMENTS DU RHUME ET DE LA TOUX,R05C,"EXPECTORANTS, SAUF ASSOCIATIONS AUX ANTITUSSIFS",R05CB,MUCOLYTIQUES,R05CB13,DORNASE ALFA,6748.0,4528.8099999999995,5082.37
R,SYSTEME RESPIRATOIRE,R05,MEDICAMENTS DU RHUME ET DE LA TOUX,R05D,"ANTITUSSIFS, SAUF ASSOCIATIONS AUX EXPECTORANTS",99999,Non restitué,9999999,Non restitué,1.0,0.32,2.11
R,SYSTEME RESPIRATOIRE,R05,MEDICAMENTS DU RHUME ET DE LA TOUX,R05D,"ANTITUSSIFS, SAUF ASSOCIATIONS AUX EXPECTORANTS",R05DA,ALCALOIDES DE L'OPIUM ET DERIVES,9999999,Non restitué,5055.0,5138.77,10669.0
R,SYSTEME RESPIRATOIRE,R05,MEDICAMENTS DU RHUME ET DE LA TOUX,R05D,"ANTITUSSIFS, SAUF ASSOCIATIONS AUX EXPECTORANTS",R05DA,ALCALOIDES DE L'OPIUM ET DERIVES,R05DA04,CODEINE,15056.0,18361.8,26593.41
R,SYSTEME RESPIRATOIRE,R05,MEDICAMENTS DU RHUME ET DE LA TOUX,R05D,"ANTITUSSIFS, SAUF ASSOCIATIONS AUX EXPECTORANTS",R05DA,ALCALOIDES DE L'OPIUM ET DERIVES,R05DA09,DEXTROMETHORPHANE,73821.0,49285.04,134762.54
R,SYSTEME RESPIRATOIRE,R05,MEDICAMENTS DU RHUME ET DE LA TOUX,R05D,"ANTITUSSIFS, SAUF ASSOCIATIONS AUX EXPECTORANTS",R05DA,ALCALOIDES DE L'OPIUM ET DERIVES,R05DA20,ASSOCIATIONS ANTITUSSIVES,25362.0,24222.39,60067.86
R,SYSTEME RESPIRATOIRE,R06,ANTIHISTAMINIQUES A USAGE SYSTEMIQUE,R06A,ANTIHISTAMINIQUES A USAGE SYSTEMIQUE,99999,Non restitué,9999999,Non restitué,5515.0,5624.92,13066.82
R,SYSTEME RESPIRATOIRE,R06,ANTIHISTAMINIQUES A USAGE SYSTEMIQUE,R06A,ANTIHISTAMINIQUES A USAGE SYSTEMIQUE,R06AD,DERIVES DE LA PHENOTHIAZINE,9999999,Non restitué,5530.0,5147.86,11683.36
R,SYSTEME RESPIRATOIRE,R06,ANTIHISTAMINIQUES A USAGE SYSTEMIQUE,R06A,ANTIHISTAMINIQUES A USAGE SYSTEMIQUE,R06AD,DERIVES DE LA PHENOTHIAZINE,R06AD01,ALIMEMAZINE,704470.0,455708.32,536962.47
R,SYSTEME RESPIRATOIRE,R06,ANTIHISTAMINIQUES A USAGE SYSTEMIQUE,R06A,ANTIHISTAMINIQUES A USAGE SYSTEMIQUE,R06AD,DERIVES DE LA PHENOTHIAZINE,R06AD07,MEQUITAZINE,14303.0,13575.48,34648.12
R,SYSTEME RESPIRATOIRE,R06,ANTIHISTAMINIQUES A USAGE SYSTEMIQUE,R06A,ANTIHISTAMINIQUES A USAGE SYSTEMIQUE,R06AD,DERIVES DE LA PHENOTHIAZINE,R06AD08,OXOMEMAZINE,110688.0,51512.57,221850.07
R,SYSTEME RESPIRATOIRE,R06,ANTIHISTAMINIQUES A USAGE SYSTEMIQUE,R06A,ANTIHISTAMINIQUES A USAGE SYSTEMIQUE,R06AE,DERIVES DE LA PIPERAZINE,9999999,Non restitué,8237.0,9771.98,21248.57
R,SYSTEME RESPIRATOIRE,R06,ANTIHISTAMINIQUES A USAGE SYSTEMIQUE,R06A,ANTIHISTAMINIQUES A USAGE SYSTEMIQUE,R06AE,DERIVES DE LA PIPERAZINE,R06AE05,MECLOZINE,7510.0,6257.44,14451.99
R,SYSTEME RESPIRATOIRE,R06,ANTIHISTAMINIQUES A USAGE SYSTEMIQUE,R06A,ANTIHISTAMINIQUES A USAGE SYSTEMIQUE,R06AE,DERIVES DE LA PIPERAZINE,R06AE07,CETIRIZINE,894308.0,927042.76,1548848.59
R,SYSTEME RESPIRATOIRE,R06,ANTIHISTAMINIQUES A USAGE SYSTEMIQUE,R06A,ANTIHISTAMINIQUES A USAGE SYSTEMIQUE,R06AE,DERIVES DE LA PIPERAZINE,R06AE09,LEVOCETIRIZINE,256608.0,433060.71,813636.56
R,SYSTEME RESPIRATOIRE,R06,ANTIHISTAMINIQUES A USAGE SYSTEMIQUE,R06A,ANTIHISTAMINIQUES A USAGE SYSTEMIQUE,R06AX,AUTRES ANTIHISTAMINIQUES A USAGE SYSTEMIQUE,9999999,Non restitué,25914.0,41731.94,100974.88
R,SYSTEME RESPIRATOIRE,R06,ANTIHISTAMINIQUES A USAGE SYSTEMIQUE,R06A,ANTIHISTAMINIQUES A USAGE SYSTEMIQUE,R06AX,AUTRES ANTIHISTAMINIQUES A USAGE SYSTEMIQUE,R06AX13,LORATADINE,50422.0,61635.909999999996,120258.65
R,SYSTEME RESPIRATOIRE,R06,ANTIHISTAMINIQUES A USAGE SYSTEMIQUE,R06A,ANTIHISTAMINIQUES A USAGE SYSTEMIQUE,R06AX,AUTRES ANTIHISTAMINIQUES A USAGE SYSTEMIQUE,R06AX17,KETOTIFENE,1763.0,5767.56,8703.4
R,SYSTEME RESPIRATOIRE,R06,ANTIHISTAMINIQUES A USAGE SYSTEMIQUE,R06A,ANTIHISTAMINIQUES A USAGE SYSTEMIQUE,R06AX,AUTRES ANTIHISTAMINIQUES A USAGE SYSTEMIQUE,R06AX22,EBASTINE,259173.0,446240.89,952269.59
R,SYSTEME RESPIRATOIRE,R06,ANTIHISTAMINIQUES A USAGE SYSTEMIQUE,R06A,ANTIHISTAMINIQUES A USAGE SYSTEMIQUE,R06AX,AUTRES ANTIHISTAMINIQUES A USAGE SYSTEMIQUE,R06AX25,MIZOLASTINE,6447.0,22649.49,47543.52
R,SYSTEME RESPIRATOIRE,R06,ANTIHISTAMINIQUES A USAGE SYSTEMIQUE,R06A,ANTIHISTAMINIQUES A USAGE SYSTEMIQUE,R06AX,AUTRES ANTIHISTAMINIQUES A USAGE SYSTEMIQUE,R06AX26,FEXOFENADINE,55995.0,63033.02,133097.47
R,SYSTEME RESPIRATOIRE,R06,ANTIHISTAMINIQUES A USAGE SYSTEMIQUE,R06A,ANTIHISTAMINIQUES A USAGE SYSTEMIQUE,R06AX,AUTRES ANTIHISTAMINIQUES A USAGE SYSTEMIQUE,R06AX27,DESLORATADINE,1257104.0,1489549.0,2705056.68
R,SYSTEME RESPIRATOIRE,R06,ANTIHISTAMINIQUES A USAGE SYSTEMIQUE,R06A,ANTIHISTAMINIQUES A USAGE SYSTEMIQUE,R06AX,AUTRES ANTIHISTAMINIQUES A USAGE SYSTEMIQUE,R06AX28,RUPATADINE,27338.0,34765.43,81017.17
R,SYSTEME RESPIRATOIRE,R06,ANTIHISTAMINIQUES A USAGE SYSTEMIQUE,R06A,ANTIHISTAMINIQUES A USAGE SYSTEMIQUE,R06AX,AUTRES ANTIHISTAMINIQUES A USAGE SYSTEMIQUE,R06AX29,BILASTINE,350944.0,465268.81,904605.09
R,SYSTEME RESPIRATOIRE,R07,AUTRES MEDICAMENTS DE L'APPAREIL RESPIRATOIRE,R07A,AUTRES MEDICAMENTS DE L'APPAREIL RESPIRATOIRE,R07AX,AUTRES MEDICAMENTS DU SYSTEME RESPIRATOIRE,9999999,Non restitué,1241.0,0.0,0.0
R,SYSTEME RESPIRATOIRE,R07,AUTRES MEDICAMENTS DE L'APPAREIL RESPIRATOIRE,R07A,AUTRES MEDICAMENTS DE L'APPAREIL RESPIRATOIRE,R07AX,AUTRES MEDICAMENTS DU SYSTEME RESPIRATOIRE,R07AX02,IVACAFTOR,46215.0,0.0,0.0
R,SYSTEME RESPIRATOIRE,R07,AUTRES MEDICAMENTS DE L'APPAREIL RESPIRATOIRE,R07A,AUTRES MEDICAMENTS DE L'APPAREIL RESPIRATOIRE,R07AX,AUTRES MEDICAMENTS DU SYSTEME RESPIRATOIRE,R07AX30,IVACAFTOR + LUMACAFTOR,101.0,0.0,0.0
R,SYSTEME RESPIRATOIRE,R07,AUTRES MEDICAMENTS DE L'APPAREIL RESPIRATOIRE,R07A,AUTRES MEDICAMENTS DE L'APPAREIL RESPIRATOIRE,R07AX,AUTRES MEDICAMENTS DU SYSTEME RESPIRATOIRE,R07AX32,IVACAFTOR + TEZACAFTOR + ELEXACAFTOR,47185.0,0.0,0.0
S,ORGANES SENSORIELS,999,INCONNU,9999,Non restitué,99999,Non restitué,9999999,Non restitué,1846.0,1762.28,5486.0
S,ORGANES SENSORIELS,S01,MEDICAMENTS OPHTALMOLOGIQUES,9999,Non restitué,99999,Non restitué,9999999,Non restitué,22882.0,142953.9,162208.44
S,ORGANES SENSORIELS,S01,MEDICAMENTS OPHTALMOLOGIQUES,S01A,ANTIINFECTIEUX,99999,Non restitué,9999999,Non restitué,5616.0,17876.51,27109.59
S,ORGANES SENSORIELS,S01,MEDICAMENTS OPHTALMOLOGIQUES,S01A,ANTIINFECTIEUX,S01AA,ANTIBIOTIQUES,9999999,Non restitué,5321.0,10160.35,14909.41
S,ORGANES SENSORIELS,S01,MEDICAMENTS OPHTALMOLOGIQUES,S01A,ANTIINFECTIEUX,S01AA,ANTIBIOTIQUES,S01AA12,TOBRAMYCINE,169477.0,187491.69,263486.03
S,ORGANES SENSORIELS,S01,MEDICAMENTS OPHTALMOLOGIQUES,S01A,ANTIINFECTIEUX,S01AA,ANTIBIOTIQUES,S01AA13,FUSIDIQUE ACIDE,5876.0,10734.03,15761.0
S,ORGANES SENSORIELS,S01,MEDICAMENTS OPHTALMOLOGIQUES,S01A,ANTIINFECTIEUX,S01AA,ANTIBIOTIQUES,S01AA16,RIFAMYCINE,50987.0,71539.46,102911.7
S,ORGANES SENSORIELS,S01,MEDICAMENTS OPHTALMOLOGIQUES,S01A,ANTIINFECTIEUX,S01AA,ANTIBIOTIQUES,S01AA26,AZITHROMYCINE,394674.0,362839.86,371390.67
S,ORGANES SENSORIELS,S01,MEDICAMENTS OPHTALMOLOGIQUES,S01A,ANTIINFECTIEUX,S01AD,ANTIVIRAUX,9999999,Non restitué,830.0,6097.67,8808.53
S,ORGANES SENSORIELS,S01,MEDICAMENTS OPHTALMOLOGIQUES,S01A,ANTIINFECTIEUX,S01AD,ANTIVIRAUX,S01AD02,TRIFLURIDINE,24.0,218.7,274.8
S,ORGANES SENSORIELS,S01,MEDICAMENTS OPHTALMOLOGIQUES,S01A,ANTIINFECTIEUX,S01AD,ANTIVIRAUX,S01AD03,ACICLOVIR,16.0,110.38,154.24
S,ORGANES SENSORIELS,S01,MEDICAMENTS OPHTALMOLOGIQUES,S01A,ANTIINFECTIEUX,S01AD,ANTIVIRAUX,S01AD09,GANCICLOVIR,3400.0,25267.07,34388.66
S,ORGANES SENSORIELS,S01,MEDICAMENTS OPHTALMOLOGIQUES,S01A,ANTIINFECTIEUX,S01AE,FLUOROQUINOLONES,9999999,Non restitué,2692.0,5856.83,8512.96
S,ORGANES SENSORIELS,S01,MEDICAMENTS OPHTALMOLOGIQUES,S01A,ANTIINFECTIEUX,S01AE,FLUOROQUINOLONES,S01AE01,OFLOXACINE,52946.0,78339.03,96142.31
S,ORGANES SENSORIELS,S01,MEDICAMENTS OPHTALMOLOGIQUES,S01A,ANTIINFECTIEUX,S01AE,FLUOROQUINOLONES,S01AE02,NORFLOXACINE,1307.0,2612.48,3787.69
S,ORGANES SENSORIELS,S01,MEDICAMENTS OPHTALMOLOGIQUES,S01A,ANTIINFECTIEUX,S01AE,FLUOROQUINOLONES,S01AE03,CIPROFLOXACINE,35376.0,85390.41,108692.08
S,ORGANES SENSORIELS,S01,MEDICAMENTS OPHTALMOLOGIQUES,S01A,ANTIINFECTIEUX,S01AX,AUTRES ANTIINFECTIEUX,9999999,Non restitué,3590.0,2905.3,7017.03
S,ORGANES SENSORIELS,S01,MEDICAMENTS OPHTALMOLOGIQUES,S01A,ANTIINFECTIEUX,S01AX,AUTRES ANTIINFECTIEUX,S01AX,AUTRES ANTIINFECTIEUX,111764.0,82867.83,158094.35
S,ORGANES SENSORIELS,S01,MEDICAMENTS OPHTALMOLOGIQUES,S01A,ANTIINFECTIEUX,S01AX,AUTRES ANTIINFECTIEUX,S01AX07,SODIUM BORATE,1290654.0,568633.61,977362.74
S,ORGANES SENSORIELS,S01,MEDICAMENTS OPHTALMOLOGIQUES,S01A,ANTIINFECTIEUX,S01AX,AUTRES ANTIINFECTIEUX,S01AX16,PICLOXYDINE,7973.0,3940.45,11206.33
S,ORGANES SENSORIELS,S01,MEDICAMENTS OPHTALMOLOGIQUES,S01B,ANTIINFLAMMATOIRES,99999,Non restitué,9999999,Non restitué,2431.0,10439.34,12743.68
S,ORGANES SENSORIELS,S01,MEDICAMENTS OPHTALMOLOGIQUES,S01B,ANTIINFLAMMATOIRES,S01BA,CORTICOIDES NON ASSOCIES,9999999,Non restitué,2437.0,8028.25,9073.81
S,ORGANES SENSORIELS,S01,MEDICAMENTS OPHTALMOLOGIQUES,S01B,ANTIINFLAMMATOIRES,S01BA,CORTICOIDES NON ASSOCIES,S01BA01,DEXAMETHASONE,674050.0,417013.08,448027.97
S,ORGANES SENSORIELS,S01,MEDICAMENTS OPHTALMOLOGIQUES,S01B,ANTIINFLAMMATOIRES,S01BA,CORTICOIDES NON ASSOCIES,S01BA07,FLUOROMETHOLONE,121490.0,72795.34,89290.81
S,ORGANES SENSORIELS,S01,MEDICAMENTS OPHTALMOLOGIQUES,S01B,ANTIINFLAMMATOIRES,S01BA,CORTICOIDES NON ASSOCIES,S01BA15,FLUOCINOLONE,631.0,0.0,0.0
S,ORGANES SENSORIELS,S01,MEDICAMENTS OPHTALMOLOGIQUES,S01B,ANTIINFLAMMATOIRES,S01BC,ANTIINFLAMMATOIRES NON STEROIDIENS,9999999,Non restitué,5580.0,13166.68,18651.37
S,ORGANES SENSORIELS,S01,MEDICAMENTS OPHTALMOLOGIQUES,S01B,ANTIINFLAMMATOIRES,S01BC,ANTIINFLAMMATOIRES NON STEROIDIENS,S01BC01,INDOMETACINE,755797.0,295437.39,339214.18
S,ORGANES SENSORIELS,S01,MEDICAMENTS OPHTALMOLOGIQUES,S01B,ANTIINFLAMMATOIRES,S01BC,ANTIINFLAMMATOIRES NON STEROIDIENS,S01BC03,DICLOFENAC,543.0,1759.42,2514.09
S,ORGANES SENSORIELS,S01,MEDICAMENTS OPHTALMOLOGIQUES,S01B,ANTIINFLAMMATOIRES,S01BC,ANTIINFLAMMATOIRES NON STEROIDIENS,S01BC04,FLURBIPROFENE,315771.0,228274.76,251881.59
S,ORGANES SENSORIELS,S01,MEDICAMENTS OPHTALMOLOGIQUES,S01B,ANTIINFLAMMATOIRES,S01BC,ANTIINFLAMMATOIRES NON STEROIDIENS,S01BC05,KETOROLAC,26372.0,34028.93,44761.78
S,ORGANES SENSORIELS,S01,MEDICAMENTS OPHTALMOLOGIQUES,S01B,ANTIINFLAMMATOIRES,S01BC,ANTIINFLAMMATOIRES NON STEROIDIENS,S01BC11,BROMFENAC SODIUM SESQUIHYDRATE,10635.0,19079.22,24322.16
S,ORGANES SENSORIELS,S01,MEDICAMENTS OPHTALMOLOGIQUES,S01C,ANTIINFLAMMATOIRES ET ANTIINFECTIEUX EN ASSOCIATION,99999,Non restitué,9999999,Non restitué,613.0,1191.8,1744.51
S,ORGANES SENSORIELS,S01,MEDICAMENTS OPHTALMOLOGIQUES,S01C,ANTIINFLAMMATOIRES ET ANTIINFECTIEUX EN ASSOCIATION,S01CA,CORTICOIDES ET ANTIINFECTIEUX EN ASSOCIATION,S01CA01,DEXAMETHASONE ET ANTIINFECTIEUX,974614.0,487069.6,819705.58
S,ORGANES SENSORIELS,S01,MEDICAMENTS OPHTALMOLOGIQUES,S01C,ANTIINFLAMMATOIRES ET ANTIINFECTIEUX EN ASSOCIATION,S01CC,ANTIINFLAMMATOIRES NON STEROIDIENS ET ANTIINFECTIEUX EN ASSOCIATION,S01CC02,INDOMETACINE + ANTI-INFECTIEUX,1807.0,1041.79,1540.74
S,ORGANES SENSORIELS,S01,MEDICAMENTS OPHTALMOLOGIQUES,S01E,ANTIGLAUCOMATEUX ET MYOTIQUES,99999,Non restitué,9999999,Non restitué,12419.0,53098.02,69284.88
S,ORGANES SENSORIELS,S01,MEDICAMENTS OPHTALMOLOGIQUES,S01E,ANTIGLAUCOMATEUX ET MYOTIQUES,S01EA,SYMPATHOMIMETIQUES ANTIGLAUCOMATEUX,9999999,Non restitué,2489.0,10203.89,14321.36
S,ORGANES SENSORIELS,S01,MEDICAMENTS OPHTALMOLOGIQUES,S01E,ANTIGLAUCOMATEUX ET MYOTIQUES,S01EA,SYMPATHOMIMETIQUES ANTIGLAUCOMATEUX,S01EA03,APRACLONIDINE,148485.0,211719.46,243240.55
S,ORGANES SENSORIELS,S01,MEDICAMENTS OPHTALMOLOGIQUES,S01E,ANTIGLAUCOMATEUX ET MYOTIQUES,S01EA,SYMPATHOMIMETIQUES ANTIGLAUCOMATEUX,S01EA05,BRIMONIDINE,89734.0,207467.29,264821.32
S,ORGANES SENSORIELS,S01,MEDICAMENTS OPHTALMOLOGIQUES,S01E,ANTIGLAUCOMATEUX ET MYOTIQUES,S01EB,PARASYMPATHOMIMETIQUES,S01EB01,PILOCARPINE,20933.0,23966.19,33253.01
S,ORGANES SENSORIELS,S01,MEDICAMENTS OPHTALMOLOGIQUES,S01E,ANTIGLAUCOMATEUX ET MYOTIQUES,S01EC,INHIBITEURS DE L'ANHYDRASE CARBONIQUE,9999999,Non restitué,11935.0,48591.08,65084.4
S,ORGANES SENSORIELS,S01,MEDICAMENTS OPHTALMOLOGIQUES,S01E,ANTIGLAUCOMATEUX ET MYOTIQUES,S01EC,INHIBITEURS DE L'ANHYDRASE CARBONIQUE,S01EC01,ACETAZOLAMIDE,211051.0,170486.37,188048.52
S,ORGANES SENSORIELS,S01,MEDICAMENTS OPHTALMOLOGIQUES,S01E,ANTIGLAUCOMATEUX ET MYOTIQUES,S01EC,INHIBITEURS DE L'ANHYDRASE CARBONIQUE,S01EC03,DORZOLAMIDE,45849.0,142203.38,184302.36
S,ORGANES SENSORIELS,S01,MEDICAMENTS OPHTALMOLOGIQUES,S01E,ANTIGLAUCOMATEUX ET MYOTIQUES,S01EC,INHIBITEURS DE L'ANHYDRASE CARBONIQUE,S01EC04,BRINZOLAMIDE,313193.0,544826.69,625005.86
S,ORGANES SENSORIELS,S01,MEDICAMENTS OPHTALMOLOGIQUES,S01E,ANTIGLAUCOMATEUX ET MYOTIQUES,S01EC,INHIBITEURS DE L'ANHYDRASE CARBONIQUE,S01EC54,BRINZOLAMIDE EN ASSOCIATION,100195.0,155918.59,148927.54
S,ORGANES SENSORIELS,S01,MEDICAMENTS OPHTALMOLOGIQUES,S01E,ANTIGLAUCOMATEUX ET MYOTIQUES,S01ED,BETABLOQUANTS,9999999,Non restitué,9044.0,42052.35,56219.1
S,ORGANES SENSORIELS,S01,MEDICAMENTS OPHTALMOLOGIQUES,S01E,ANTIGLAUCOMATEUX ET MYOTIQUES,S01ED,BETABLOQUANTS,S01ED01,TIMOLOL,268602.0,399320.16,461955.9
S,ORGANES SENSORIELS,S01,MEDICAMENTS OPHTALMOLOGIQUES,S01E,ANTIGLAUCOMATEUX ET MYOTIQUES,S01ED,BETABLOQUANTS,S01ED05,CARTEOLOL,112301.0,288927.68,344925.91
S,ORGANES SENSORIELS,S01,MEDICAMENTS OPHTALMOLOGIQUES,S01E,ANTIGLAUCOMATEUX ET MYOTIQUES,S01ED,BETABLOQUANTS,S01ED51,TIMOLOL EN ASSOCIATION,1296034.0,2620881.32,2885999.79
S,ORGANES SENSORIELS,S01,MEDICAMENTS OPHTALMOLOGIQUES,S01E,ANTIGLAUCOMATEUX ET MYOTIQUES,S01EE,Analogues de la prostaglandine,9999999,Non restitué,8769.0,41415.81,55603.83
S,ORGANES SENSORIELS,S01,MEDICAMENTS OPHTALMOLOGIQUES,S01E,ANTIGLAUCOMATEUX ET MYOTIQUES,S01EE,Analogues de la prostaglandine,S01EE01,LATANOPROST,1036236.0,866184.5599999999,987918.61
S,ORGANES SENSORIELS,S01,MEDICAMENTS OPHTALMOLOGIQUES,S01E,ANTIGLAUCOMATEUX ET MYOTIQUES,S01EE,Analogues de la prostaglandine,S01EE03,BIMATOPROST,120470.0,399932.64,487906.51
S,ORGANES SENSORIELS,S01,MEDICAMENTS OPHTALMOLOGIQUES,S01E,ANTIGLAUCOMATEUX ET MYOTIQUES,S01EE,Analogues de la prostaglandine,S01EE04,TRAVOPROST,59024.0,244111.34,322031.87
S,ORGANES SENSORIELS,S01,MEDICAMENTS OPHTALMOLOGIQUES,S01F,MYDRIATIQUES ET CYCLOPLEGIQUES,99999,Non restitué,9999999,Non restitué,781.0,1152.03,1660.71
S,ORGANES SENSORIELS,S01,MEDICAMENTS OPHTALMOLOGIQUES,S01F,MYDRIATIQUES ET CYCLOPLEGIQUES,S01FA,ANTICHOLINERGIQUES,9999999,Non restitué,1636.0,3321.77,4363.82
S,ORGANES SENSORIELS,S01,MEDICAMENTS OPHTALMOLOGIQUES,S01F,MYDRIATIQUES ET CYCLOPLEGIQUES,S01FA,ANTICHOLINERGIQUES,S01FA01,ATROPINE,93356.0,145591.33,188022.31
S,ORGANES SENSORIELS,S01,MEDICAMENTS OPHTALMOLOGIQUES,S01F,MYDRIATIQUES ET CYCLOPLEGIQUES,S01FA,ANTICHOLINERGIQUES,S01FA06,TROPICAMIDE,192941.0,226819.5,274548.85
S,ORGANES SENSORIELS,S01,MEDICAMENTS OPHTALMOLOGIQUES,S01F,MYDRIATIQUES ET CYCLOPLEGIQUES,S01FB,"SYMPATHOMIMETIQUES, ANTIGLAUCOMATEUX EXCLUS",S01FB01,PHENYLEPHRINE,47630.0,55741.35,71241.39
S,ORGANES SENSORIELS,S01,MEDICAMENTS OPHTALMOLOGIQUES,S01G,DECONGESTIONNANTS ET ANTIALLERGIQUES,S01GX,AUTRES ANTIALLERGIQUES,9999999,Non restitué,11373.0,21506.35,54739.57
S,ORGANES SENSORIELS,S01,MEDICAMENTS OPHTALMOLOGIQUES,S01G,DECONGESTIONNANTS ET ANTIALLERGIQUES,S01GX,AUTRES ANTIALLERGIQUES,S01GX01,CROMOGLICIQUE ACIDE,153497.0,223966.3,537774.96
S,ORGANES SENSORIELS,S01,MEDICAMENTS OPHTALMOLOGIQUES,S01G,DECONGESTIONNANTS ET ANTIALLERGIQUES,S01GX,AUTRES ANTIALLERGIQUES,S01GX02,LEVOCABASTINE,115483.0,179859.34,409393.88
S,ORGANES SENSORIELS,S01,MEDICAMENTS OPHTALMOLOGIQUES,S01G,DECONGESTIONNANTS ET ANTIALLERGIQUES,S01GX,AUTRES ANTIALLERGIQUES,S01GX03,SPAGLUMIQUE ACIDE,112505.0,187021.86,388738.54
S,ORGANES SENSORIELS,S01,MEDICAMENTS OPHTALMOLOGIQUES,S01G,DECONGESTIONNANTS ET ANTIALLERGIQUES,S01GX,AUTRES ANTIALLERGIQUES,S01GX07,AZELASTINE,16013.0,31561.19,72662.31
S,ORGANES SENSORIELS,S01,MEDICAMENTS OPHTALMOLOGIQUES,S01G,DECONGESTIONNANTS ET ANTIALLERGIQUES,S01GX,AUTRES ANTIALLERGIQUES,S01GX08,KETOTIFENE,208942.0,332935.53,634738.65
S,ORGANES SENSORIELS,S01,MEDICAMENTS OPHTALMOLOGIQUES,S01G,DECONGESTIONNANTS ET ANTIALLERGIQUES,S01GX,AUTRES ANTIALLERGIQUES,S01GX09,OLOPATADINE,2302.0,5294.05,13303.14
S,ORGANES SENSORIELS,S01,MEDICAMENTS OPHTALMOLOGIQUES,S01G,DECONGESTIONNANTS ET ANTIALLERGIQUES,S01GX,AUTRES ANTIALLERGIQUES,S01GX10,EPINASTINE,25.0,62.6,133.75
S,ORGANES SENSORIELS,S01,MEDICAMENTS OPHTALMOLOGIQUES,S01K,ADJUVANTS EN CHIRURGIE OPHTALMIQUE,S01KA,MEDICAMENTS VISCOELASTIQUES,S01KA02,HYPROMELLOSE,149727.0,215787.27,228570.41
S,ORGANES SENSORIELS,S01,MEDICAMENTS OPHTALMOLOGIQUES,S01L,MEDICAMENTS CONTRE LES TROUBLES OCULOVASCULAIRES,S01LA,MEDICAMENTS CONTRE LA NEOVASCULARISATION,9999999,Non restitué,4609.0,55100.29,55681.25
S,ORGANES SENSORIELS,S01,MEDICAMENTS OPHTALMOLOGIQUES,S01L,MEDICAMENTS CONTRE LES TROUBLES OCULOVASCULAIRES,S01LA,MEDICAMENTS CONTRE LA NEOVASCULARISATION,S01LA01,VERTEPORFIN,139.0,0.0,0.0
S,ORGANES SENSORIELS,S01,MEDICAMENTS OPHTALMOLOGIQUES,S01L,MEDICAMENTS CONTRE LES TROUBLES OCULOVASCULAIRES,S01LA,MEDICAMENTS CONTRE LA NEOVASCULARISATION,S01LA04,RANIBIZUMAB,151145.0,103286.89,104041.24
S,ORGANES SENSORIELS,S01,MEDICAMENTS OPHTALMOLOGIQUES,S01L,MEDICAMENTS CONTRE LES TROUBLES OCULOVASCULAIRES,S01LA,MEDICAMENTS CONTRE LA NEOVASCULARISATION,S01LA05,AFLIBERCEPT,240635.0,57663.9,57663.9
S,ORGANES SENSORIELS,S01,MEDICAMENTS OPHTALMOLOGIQUES,S01L,MEDICAMENTS CONTRE LES TROUBLES OCULOVASCULAIRES,S01LA,MEDICAMENTS CONTRE LA NEOVASCULARISATION,S01LA06,BROLUCIZUMAB,2509.0,2321.5,2321.5
S,ORGANES SENSORIELS,S01,MEDICAMENTS OPHTALMOLOGIQUES,S01L,MEDICAMENTS CONTRE LES TROUBLES OCULOVASCULAIRES,S01LA,MEDICAMENTS CONTRE LA NEOVASCULARISATION,S01LA09,FARICIMAB,93430.0,11242.23,11242.23
S,ORGANES SENSORIELS,S01,MEDICAMENTS OPHTALMOLOGIQUES,S01X,AUTRES MEDICAMENTS OPHTALMOLOGIQUES,S01XA,AUTRES MEDICAMENTS OPHTALMOLOGIQUES,9999999,Non restitué,7033.0,96892.85,95813.43000000001
S,ORGANES SENSORIELS,S01,MEDICAMENTS OPHTALMOLOGIQUES,S01X,AUTRES MEDICAMENTS OPHTALMOLOGIQUES,S01XA,AUTRES MEDICAMENTS OPHTALMOLOGIQUES,S01XA02,RETINOL,325187.0,223006.35,320058.16
S,ORGANES SENSORIELS,S01,MEDICAMENTS OPHTALMOLOGIQUES,S01X,AUTRES MEDICAMENTS OPHTALMOLOGIQUES,S01XA,AUTRES MEDICAMENTS OPHTALMOLOGIQUES,S01XA18,CICLOSPORINE,4955.0,1878.03,361.16
S,ORGANES SENSORIELS,S01,MEDICAMENTS OPHTALMOLOGIQUES,S01X,AUTRES MEDICAMENTS OPHTALMOLOGIQUES,S01XA,AUTRES MEDICAMENTS OPHTALMOLOGIQUES,S01XA20,LARMES ARTIFICIELLES ET DIVERSES AUTRES PREPARATIONS,925888.0,1414376.31,1667151.9
S,ORGANES SENSORIELS,S01,MEDICAMENTS OPHTALMOLOGIQUES,S01X,AUTRES MEDICAMENTS OPHTALMOLOGIQUES,S01XA,AUTRES MEDICAMENTS OPHTALMOLOGIQUES,S01XA21,MERCAPTAMINE,655.0,0.0,0.0
S,ORGANES SENSORIELS,S02,MEDICAMENTS OTOLOGIQUES,9999,Non restitué,99999,Non restitué,9999999,Non restitué,3355.0,2551.31,9255.96
S,ORGANES SENSORIELS,S02,MEDICAMENTS OTOLOGIQUES,S02A,ANTIINFECTIEUX,S02AA,ANTIINFECTIEUX,9999999,Non restitué,2195.0,3880.09,7808.51
S,ORGANES SENSORIELS,S02,MEDICAMENTS OTOLOGIQUES,S02A,ANTIINFECTIEUX,S02AA,ANTIINFECTIEUX,S02AA12,RIFAMYCINE,3464.0,6205.49,9354.2
S,ORGANES SENSORIELS,S02,MEDICAMENTS OTOLOGIQUES,S02A,ANTIINFECTIEUX,S02AA,ANTIINFECTIEUX,S02AA15,CIPROFLOXACINE,215.0,396.7,1166.8
S,ORGANES SENSORIELS,S02,MEDICAMENTS OTOLOGIQUES,S02A,ANTIINFECTIEUX,S02AA,ANTIINFECTIEUX,S02AA16,OFLOXACINE,201910.0,229661.54,539549.94
S,ORGANES SENSORIELS,S02,MEDICAMENTS OTOLOGIQUES,S02C,CORTICOIDES ET ANTIINFECTIEUX EN ASSOCIATION,S02CA,CORTICOIDES ET ANTIINFECTIEUX EN ASSOCIATION,9999999,Non restitué,3649.0,1575.3,7974.62
S,ORGANES SENSORIELS,S02,MEDICAMENTS OTOLOGIQUES,S02C,CORTICOIDES ET ANTIINFECTIEUX EN ASSOCIATION,S02CA,CORTICOIDES ET ANTIINFECTIEUX EN ASSOCIATION,S02CA05,FLUOCINOLONE ET ANTIINFECTIEUX,19163.0,7990.5599999999995,38596.16
S,ORGANES SENSORIELS,S02,MEDICAMENTS OTOLOGIQUES,S02C,CORTICOIDES ET ANTIINFECTIEUX EN ASSOCIATION,S02CA,CORTICOIDES ET ANTIINFECTIEUX EN ASSOCIATION,S02CA06,DEXAMETHASONE ET ANTIINFECTIEUX,157939.0,99553.03,468885.02999999997
S,ORGANES SENSORIELS,S02,MEDICAMENTS OTOLOGIQUES,S02C,CORTICOIDES ET ANTIINFECTIEUX EN ASSOCIATION,S02CA,CORTICOIDES ET ANTIINFECTIEUX EN ASSOCIATION,S02CA07,FLUDROCORTISONE ET ANTIINFECTIEUX,28993.0,9555.35,52227.15
S,ORGANES SENSORIELS,S02,MEDICAMENTS OTOLOGIQUES,S02D,AUTRES MEDICAMENTS OTOLOGIQUES,S02DA,ANALGESIQUES ET ANESTHESIQUES,S02DA30,ASSOCIATIONS (ANALGESIQUES ET ANESTHESIQUES),51664.0,16637.36,98105.58
V,DIVERS,999,INCONNU,9999,Non restitué,99999,Non restitué,9999999,Non restitué,6391.0,127361.96,220348.89
V,DIVERS,V01,ALLERGENES,V01A,ALLERGENES,V01AA,EXTRAITS D'ALLERGENES,9999999,Non restitué,4610.0,83550.88,175347.03
V,DIVERS,V01,ALLERGENES,V01A,ALLERGENES,V01AA,EXTRAITS D'ALLERGENES,V01AA02,POLLEN D'HERBE,61275.0,329769.02,297691.13
V,DIVERS,V01,ALLERGENES,V01A,ALLERGENES,V01AA,EXTRAITS D'ALLERGENES,V01AA03,POUSSIERES DE MAISON ET ACARIENS,73211.0,341884.02,247605.42
V,DIVERS,V01,ALLERGENES,V01A,ALLERGENES,V01AA,EXTRAITS D'ALLERGENES,V01AA05,POLLEN D'ARBRE,6485.0,64558.14,13001.699999999999
V,DIVERS,V01,ALLERGENES,V01A,ALLERGENES,V01AA,EXTRAITS D'ALLERGENES,V01AA07,INSECTES,13043.0,71009.54,57515.56
V,DIVERS,V03,TOUS AUTRES MEDICAMENTS,V03A,TOUS AUTRES MEDICAMENTS,99999,Non restitué,9999999,Non restitué,21415.0,120058.8,128919.53
V,DIVERS,V03,TOUS AUTRES MEDICAMENTS,V03A,TOUS AUTRES MEDICAMENTS,V03AB,ANTIDOTES,9999999,Non restitué,82.0,1489.52,1888.8400000000001
V,DIVERS,V03,TOUS AUTRES MEDICAMENTS,V03A,TOUS AUTRES MEDICAMENTS,V03AB,ANTIDOTES,V03AB15,NALOXONE,605.0,12950.289999999999,14624.56
V,DIVERS,V03,TOUS AUTRES MEDICAMENTS,V03A,TOUS AUTRES MEDICAMENTS,V03AC,CHELATEURS DU FER,9999999,Non restitué,84431.0,22482.76,22905.16
V,DIVERS,V03,TOUS AUTRES MEDICAMENTS,V03A,TOUS AUTRES MEDICAMENTS,V03AC,CHELATEURS DU FER,V03AC01,DEFEROXAMINE,83786.0,0.0,0.0
V,DIVERS,V03,TOUS AUTRES MEDICAMENTS,V03A,TOUS AUTRES MEDICAMENTS,V03AC,CHELATEURS DU FER,V03AC03,DEFERASIROX,37871.0,17990.04,17305.72
V,DIVERS,V03,TOUS AUTRES MEDICAMENTS,V03A,TOUS AUTRES MEDICAMENTS,V03AE,MEDICAMENTS DE L'HYPERKALIEMIE ET DE L'HYPERPHOSPHATEMIE,9999999,Non restitué,5624.0,213049.13,217511.24
V,DIVERS,V03,TOUS AUTRES MEDICAMENTS,V03A,TOUS AUTRES MEDICAMENTS,V03AE,MEDICAMENTS DE L'HYPERKALIEMIE ET DE L'HYPERPHOSPHATEMIE,V03AE01,SULFONATE DE POLYSTYRENE,173643.0,663433.16,673049.29
V,DIVERS,V03,TOUS AUTRES MEDICAMENTS,V03A,TOUS AUTRES MEDICAMENTS,V03AE,MEDICAMENTS DE L'HYPERKALIEMIE ET DE L'HYPERPHOSPHATEMIE,V03AE02,SEVELAMER,85744.0,401305.98,368564.91
V,DIVERS,V03,TOUS AUTRES MEDICAMENTS,V03A,TOUS AUTRES MEDICAMENTS,V03AE,MEDICAMENTS DE L'HYPERKALIEMIE ET DE L'HYPERPHOSPHATEMIE,V03AE03,LANTHANUM CARBONATE,6461.0,22604.9,20075.58
V,DIVERS,V03,TOUS AUTRES MEDICAMENTS,V03A,TOUS AUTRES MEDICAMENTS,V03AE,MEDICAMENTS DE L'HYPERKALIEMIE ET DE L'HYPERPHOSPHATEMIE,V03AE05,OXYHYDROXYDE SUCRO-FERRIQUE,2714.0,3807.0,3807.0
V,DIVERS,V03,TOUS AUTRES MEDICAMENTS,V03A,TOUS AUTRES MEDICAMENTS,V03AF,MEDICAMENTS DETOXIFIANTS DANS UN TRAITEMENT CYTOSTATIQUE,9999999,Non restitué,640.0,3134.69,3153.98
V,DIVERS,V03,TOUS AUTRES MEDICAMENTS,V03A,TOUS AUTRES MEDICAMENTS,V03AF,MEDICAMENTS DETOXIFIANTS DANS UN TRAITEMENT CYTOSTATIQUE,V03AF03,CALCIUM FOLINATE,131235.0,389204.94,406956.35
V,DIVERS,V03,TOUS AUTRES MEDICAMENTS,V03A,TOUS AUTRES MEDICAMENTS,V03AF,MEDICAMENTS DETOXIFIANTS DANS UN TRAITEMENT CYTOSTATIQUE,V03AF04,CALCIUM LEVOFOLINATE,580.0,1199.42,1199.42
V,DIVERS,V04,MEDICAMENTS POUR DIAGNOSTIC,V04C,AUTRES MEDICAMENTS POUR DIAGNOSTIC,99999,Non restitué,9999999,Non restitué,2701.0,22742.57,24808.26
V,DIVERS,V04,MEDICAMENTS POUR DIAGNOSTIC,V04C,AUTRES MEDICAMENTS POUR DIAGNOSTIC,V04CD,TESTS POUR LA FONCTION HYPOPHYSAIRE,V04CD01,METYRAPONE,1490.0,0.0,0.0
V,DIVERS,V04,MEDICAMENTS POUR DIAGNOSTIC,V04C,AUTRES MEDICAMENTS POUR DIAGNOSTIC,V04CF,DIAGNOSTIC DE LA TUBERCULOSE,V04CF01,TUBERCULINE,2040.0,11740.04,17610.71
V,DIVERS,V04,MEDICAMENTS POUR DIAGNOSTIC,V04C,AUTRES MEDICAMENTS POUR DIAGNOSTIC,V04CM,TESTS POUR LES TROUBLES DE LA FERTILITE,V04CM01,GONADORELINE,18.0,243.04,352.8
V,DIVERS,V04,MEDICAMENTS POUR DIAGNOSTIC,V04C,AUTRES MEDICAMENTS POUR DIAGNOSTIC,V04CX,AUTRES MEDICAMENTS POUR DIAGNOSTIC,9999999,Non restitué,657.0,31343.69,36986.119999999995
V,DIVERS,V04,MEDICAMENTS POUR DIAGNOSTIC,V04C,AUTRES MEDICAMENTS POUR DIAGNOSTIC,V04CX,AUTRES MEDICAMENTS POUR DIAGNOSTIC,V04CX,AUTRES MEDICAMENTS POUR DIAGNOSTIC,53135.0,363588.52,372836.48
V,DIVERS,V04,MEDICAMENTS POUR DIAGNOSTIC,V04C,AUTRES MEDICAMENTS POUR DIAGNOSTIC,V04CX,AUTRES MEDICAMENTS POUR DIAGNOSTIC,V04CX05,UREE CARBONE C13,766.0,11516.91,15432.96
V,DIVERS,V04,MEDICAMENTS POUR DIAGNOSTIC,V04C,AUTRES MEDICAMENTS POUR DIAGNOSTIC,V04CX,AUTRES MEDICAMENTS POUR DIAGNOSTIC,V04CX06,HEXYLAMINOLEVULINATE,618.0,2331.13,2475.54
V,DIVERS,V08,PRODUITS DE CONTRASTE,9999,Non restitué,99999,Non restitué,9999999,Non restitué,2117.0,53295.63,71038.03
V,DIVERS,V08,PRODUITS DE CONTRASTE,V08A,PRODUITS DE CONTRASTE IODES,99999,Non restitué,9999999,Non restitué,1657.0,12723.59,17943.22
V,DIVERS,V08,PRODUITS DE CONTRASTE,V08A,PRODUITS DE CONTRASTE IODES,V08AA,"PRODUITS DE CONTRASTE DE HAUTE OSMOLARITE, HYDROSOLUBLES,",9999999,Non restitué,1333.0,10582.96,14746.57
V,DIVERS,V08,PRODUITS DE CONTRASTE,V08A,PRODUITS DE CONTRASTE IODES,V08AA,"PRODUITS DE CONTRASTE DE HAUTE OSMOLARITE, HYDROSOLUBLES,",V08AA01,DIATRIZOIQUE ACIDE,3878.0,32789.58,44272.62
V,DIVERS,V08,PRODUITS DE CONTRASTE,V08A,PRODUITS DE CONTRASTE IODES,V08AA,"PRODUITS DE CONTRASTE DE HAUTE OSMOLARITE, HYDROSOLUBLES,",V08AA05,IOXITALAMIQUE ACIDE,6057.0,40852.17,54014.36
V,DIVERS,V08,PRODUITS DE CONTRASTE,V08A,PRODUITS DE CONTRASTE IODES,V08AB,"PRODUITS DE CONTRASTE DE BASSE OSMOLARITE, HYDROSOLUBLES, A TROPISME RENAL",9999999,Non restitué,5365.0,114096.85,153548.44
V,DIVERS,V08,PRODUITS DE CONTRASTE,V08A,PRODUITS DE CONTRASTE IODES,V08AB,"PRODUITS DE CONTRASTE DE BASSE OSMOLARITE, HYDROSOLUBLES, A TROPISME RENAL",V08AB02,IOHEXOL,49384.0,467595.47,557838.83
V,DIVERS,V08,PRODUITS DE CONTRASTE,V08A,PRODUITS DE CONTRASTE IODES,V08AB,"PRODUITS DE CONTRASTE DE BASSE OSMOLARITE, HYDROSOLUBLES, A TROPISME RENAL",V08AB04,IOPAMIDOL,58622.0,245835.73,299119.53
V,DIVERS,V08,PRODUITS DE CONTRASTE,V08A,PRODUITS DE CONTRASTE IODES,V08AB,"PRODUITS DE CONTRASTE DE BASSE OSMOLARITE, HYDROSOLUBLES, A TROPISME RENAL",V08AB05,IOPROMIDE,57171.0,399157.68,488007.53
V,DIVERS,V08,PRODUITS DE CONTRASTE,V08A,PRODUITS DE CONTRASTE IODES,V08AB,"PRODUITS DE CONTRASTE DE BASSE OSMOLARITE, HYDROSOLUBLES, A TROPISME RENAL",V08AB07,IOVERSOL,49971.0,485655.13,528688.35
V,DIVERS,V08,PRODUITS DE CONTRASTE,V08A,PRODUITS DE CONTRASTE IODES,V08AB,"PRODUITS DE CONTRASTE DE BASSE OSMOLARITE, HYDROSOLUBLES, A TROPISME RENAL",V08AB09,IODIXANOL,60741.0,412045.88,484247.94
V,DIVERS,V08,PRODUITS DE CONTRASTE,V08A,PRODUITS DE CONTRASTE IODES,V08AB,"PRODUITS DE CONTRASTE DE BASSE OSMOLARITE, HYDROSOLUBLES, A TROPISME RENAL",V08AB10,IOMEPROL,111897.0,999784.41,1160421.53
V,DIVERS,V08,PRODUITS DE CONTRASTE,V08A,PRODUITS DE CONTRASTE IODES,V08AB,"PRODUITS DE CONTRASTE DE BASSE OSMOLARITE, HYDROSOLUBLES, A TROPISME RENAL",V08AB11,IOBITRIDOL,77183.0,680534.06,817818.32
V,DIVERS,V08,PRODUITS DE CONTRASTE,V08B,PRODUITS DE CONTRASTE NON IODES,V08BA,PRODUITS DE CONTRASTE BARYTES,V08BA02,SULFATE DE BARIUM SANS AGENTS DE MISE EN SUSPENSION,1900.0,6026.16,7583.0
V,DIVERS,V08,PRODUITS DE CONTRASTE,V08C,PRODUITS DE CONTRASTE POUR IMAGERIE PAR RESONANCE MAGNETIQUE,V08CA,PRODUITS DE CONTRASTE PARAMAGNETIQUES,9999999,Non restitué,2093.0,84653.18,117789.17
V,DIVERS,V08,PRODUITS DE CONTRASTE,V08C,PRODUITS DE CONTRASTE POUR IMAGERIE PAR RESONANCE MAGNETIQUE,V08CA,PRODUITS DE CONTRASTE PARAMAGNETIQUES,V08CA02,GADOTERIQUE ACIDE,181705.0,2191199.69,2543501.6
V,DIVERS,V08,PRODUITS DE CONTRASTE,V08C,PRODUITS DE CONTRASTE POUR IMAGERIE PAR RESONANCE MAGNETIQUE,V08CA,PRODUITS DE CONTRASTE PARAMAGNETIQUES,V08CA04,GADOTERIDOL,20074.0,301620.41,327917.57
V,DIVERS,V08,PRODUITS DE CONTRASTE,V08C,PRODUITS DE CONTRASTE POUR IMAGERIE PAR RESONANCE MAGNETIQUE,V08CA,PRODUITS DE CONTRASTE PARAMAGNETIQUES,V08CA08,GADOBENIQUE ACIDE,3659.0,62569.26,71195.79
V,DIVERS,V08,PRODUITS DE CONTRASTE,V08C,PRODUITS DE CONTRASTE POUR IMAGERIE PAR RESONANCE MAGNETIQUE,V08CA,PRODUITS DE CONTRASTE PARAMAGNETIQUES,V08CA09,GADOBUTROL,38587.0,720906.4,640655.94
V,DIVERS,V08,PRODUITS DE CONTRASTE,V08D,PRODUITS POUR ECHOGRAPHIE,V08DA,PRODUITS POUR ECHOGRAPHIE,V08DA05,SOUFRE HEXAFLUORURE,3706.0,57794.36,50433.44
